team_slug,team_name,section,player,status,position,is_new,rating,impact,update_date,notes,lw_raw,injury_type,confirmed,return_timeframe,original_injury_date,projected_return
air-force,Air Force,active,Liam Szarka,OFS,QB,False,14.8,4,2026-10-06,An injury in week five has again ended his season early. A big hit to this offense.,0,,,,,
air-force,Air Force,active,Houston Hendrix,OFS,DB,False,11,3,2026-10-08,Official report 2026-10-08: season ending. Game 2026-10-10. Previous context: Listed as out on the Mountain West injury report for their week 4 game vs. Nevada.,0,,,,,
air-force,Air Force,active,Jalen Rashad Turner,Q,RB,False,5.2,0,2026-10-08,Official report 2026-10-08: questionable. Game 2026-10-10.,0,,,,,
air-force,Air Force,active,Sylas Maiava-Alaimalo,O,WR,False,7.3,2,2026-10-10,Official report 2026-10-10: out. Game 2026-10-10. Previous context: Official report 2026-10-08: questionable. Game 2026-10-10.,0,,,,,
air-force,Air Force,active,Chaz Barnett,O,DL,False,11.1,3,2026-10-10,Official report 2026-10-10: out. Game 2026-10-10. Previous context: Official report 2026-10-08: questionable. Game 2026-10-10.,0,,,,,
air-force,Air Force,active,Griffin Stalfort,O,TE,False,11.3,3,2026-10-10,Official report 2026-10-10: out. Game 2026-10-10. Previous context: Official report 2026-10-08: questionable. Game 2026-10-10.,0,,,,,
air-force,Air Force,active,Ehimen Oyamendan,O,DB,False,11,3,2026-10-08,Official report 2026-10-08: out. Game 2026-10-10.,0,,,,,
air-force,Air Force,active,Jordan Elie-Stuart,O,DB,False,9.1,3,2026-10-10,Official report 2026-10-10: out. Game 2026-10-10. Previous context: Official report 2026-10-08: questionable. Game 2026-10-10.,0,,,,,
air-force,Air Force,active,Jake Helms,Q,LS,False,6.7,,2026-10-08,Official report 2026-10-08: questionable. Game 2026-10-10.,16,,,,,
air-force,Air Force,active,Rudy Varela,O,OL,False,12.8,4,2026-10-10,Official report 2026-10-10: out. Game 2026-10-10. Previous context: Official report 2026-10-08: questionable. Game 2026-10-10.,0,,,,,
air-force,Air Force,cleared_history,Jonah Dawson,Cleared,WR,,13.2,4,2026-10-04,Cleared from the injury/status report on 10/04/2026,,,,,,
air-force,Air Force,cleared_history,Chaz Barnett,Cleared,DL,,11.1,3,2026-09-27,Cleared from the injury/status report on 09/27/2026,,,,,,
air-force,Air Force,cleared_history,Noah Daniels,Cleared,DL,,10.7,1,2026-09-27,Cleared from the injury/status report on 09/27/2026,,,,,,
air-force,Air Force,cleared_history,Jalen Rashad Turner,Cleared,RB,,5.2,0,2026-09-25,Cleared from the injury/status report on 09/25/2026,,,,,,
air-force,Air Force,cleared_history,Kemper Hodges,Cleared,QB,,11,1,2026-09-16,Cleared from the injury/status report on 09/16/2026,,,,,,
air-force,Air Force,cleared_history,Jon Ashford,Cleared,OL,,13.5,1,2026-09-16,Cleared from the injury/status report on 09/16/2026,,,,,,
air-force,Air Force,cleared_history,Isaac Hubert,Cleared,LB,,14.4,1,2026-09-16,Cleared from the injury/status report on 09/16/2026,,,,,,
air-force,Air Force,cleared_history,Matt Long,Cleared,WR,,10.8,1,2026-09-16,Cleared from the injury/status report on 09/16/2026,,,,,,
air-force,Air Force,cleared_history,Liam Szarka,Cleared,QB,,14.7,0,2026-08-10,Cleared from the injury/status report on 08/10/2026,,,,,,
akron,Akron,active,Catrell White,O,DB,False,12.5,3,2026-09-26,"On the MAC Injury report for week 4 as 'out' and no updates, so we'll leave there until we get a clear",0,,,,,
akron,Akron,active,Daymon David,O,S,,10.5,2,2026-09-13,Listed 'out' for week two with an undisclosed injury. Leaving with that designation until we get the week three MAC report.,0,,,,,
akron,Akron,active,Zach Hobson,O,CB,,11.2,2,2026-09-13,Listed 'out' for week two with an undisclosed injury. Leaving with that designation until we get the week three MAC report.,48,,,,,
akron,Akron,active,Reese Poffenbarger,O,QB,False,12.7,2,2026-09-13,Listed 'out' for week two with an undisclosed injury. Awaiting an eligibility waiver to gain clearance to join the Zips. No timetable.,0,,,,,
akron,Akron,active,Cameron Monteiro,O,WR,False,9.6,1,2026-09-13,Listed 'out' for week two with an undisclosed injury. Leaving with that designation until we get the week three MAC report.,0,,,,,
akron,Akron,active,Logan Hindmarch,O,DL,False,5.3,0,2026-09-26,"On the MAC Injury report for week 4 as 'out' and no updates, so we'll leave there until we get a clear",0,,,,,
akron,Akron,active,Lorvens Barthelemy,O,OL,False,8.8,0,2026-09-26,"On the MAC Injury report for week 4 as 'out' and no updates, so we'll leave there until we get a clear",0,,,,,
akron,Akron,active,Luke Sivon,O,WR,False,7.9,1,2026-09-13,Listed 'out' for week two with an undisclosed injury; targeting a return week three against Minnesota.,0,,,,,
akron,Akron,active,Chris Gee,O,RB,False,10.7,2,2026-09-13,Listed 'out' for week two with an undisclosed injury; remains questionable heading into week three against Minnesota.,0,,,,,
akron,Akron,active,Cibastian Broughton,O,QB,False,11.6,3,2026-09-26,"On the MAC Injury report for week 4 as 'out' and no updates, so we'll leave there until we get a clear",0,,,,,
akron,Akron,active,Iesa Jarmon,O,DB,False,9.9,2,2026-09-26,"On the MAC Injury report for week 4 as 'out' and no updates, so we'll leave there until we get a clear",0,,,,,
akron,Akron,active,Jaborree Riggins,O,WR,False,9.6,0,2026-09-26,"On the MAC Injury report for week 4 as 'out' and no updates, so we'll leave there until we get a clear",0,,,,,
akron,Akron,active,Gavin James,O,LB,False,7.8,2,2026-09-26,"On the MAC Injury report for week 4 as 'out' and no updates, so we'll leave there until we get a clear",0,,,,,
akron,Akron,active,Omari Abor,O,DE,False,13,3,2026-09-26,"On the MAC Injury report for week 4 as 'out' and no updates, so we'll leave there until we get a clear",0,,,,,
akron,Akron,active,Devin Reeves,O,LB,False,6,1,2026-10-03,"Listed out on the October 3, 2026 MAC game-day availability report.",0,,,,,
akron,Akron,active,Rodrick Hunter,O,S,False,9.7,3,2026-10-10,Official report 2026-10-10: out.,0,,,,,
akron,Akron,active,Savion Lewis,O,CB,False,8.4,0,2026-10-10,Official report 2026-10-10: out.,0,,,,,
akron,Akron,active,Jahvon Frazier,O,DE,False,9,3,2026-10-10,Official report 2026-10-10: out.,0,,,,,
akron,Akron,cleared_history,Dayne Shor,Cleared,OL,,8.9,3,2026-10-10,Cleared from the injury/status report on 10/10/2026,,,,,,
akron,Akron,cleared_history,Alex Fox,Cleared,OL,,7.1,2,2026-10-10,Cleared from the injury/status report on 10/10/2026,,,,,,
akron,Akron,cleared_history,Stone Dean,Cleared,LS,,8.7,,2026-10-10,Cleared from the injury/status report on 10/10/2026,,,,,,
akron,Akron,cleared_history,Ian Falkner,Cleared,OL,,7.8,2,2026-10-10,Cleared from the injury/status report on 10/10/2026,,,,,,
akron,Akron,cleared_history,Dawayne Galloway Jr.,Cleared,CB,,12.4,3,2026-10-10,Cleared from the injury/status report on 10/10/2026,,,,,,
akron,Akron,cleared_history,Alex Branch,Cleared,DB,,10.1,2,2026-10-10,Cleared from the injury/status report on 10/10/2026,,,,,,
akron,Akron,cleared_history,Kurtis Waye,Cleared,DE,,10,2,2026-10-04,Cleared from the injury/status report on 10/04/2026,,,,,,
akron,Akron,cleared_history,Jason Hoskins,Cleared,OL,,8.5,2,2026-09-26,Cleared from the injury/status report on 09/26/2026,,,,,,
akron,Akron,cleared_history,Frank Miner,Cleared,LS,,9.4,,2026-09-26,Cleared from the injury/status report on 09/26/2026,,,,,,
akron,Akron,cleared_history,Devin Reeves,Cleared,LB,,6,1,2026-09-26,Cleared from the injury/status report on 09/26/2026,,,,,,
akron,Akron,cleared_history,Paul Davis,Cleared,WR,,9.5,2,2026-09-26,Cleared from the injury/status report on 09/26/2026,,,,,,
akron,Akron,cleared_history,Jaborree Riggins,Cleared,WR,,9.6,0,2026-09-19,Cleared from the injury/status report on 09/19/2026,,,,,,
akron,Akron,cleared_history,Israel Duncan,Cleared,DE,,4.7,0,2026-09-19,Cleared from the injury/status report on 09/19/2026,,,,,,
akron,Akron,cleared_history,Lorvens Barthelemy,Cleared,OL,,8.8,0,2026-09-19,Cleared from the injury/status report on 09/19/2026,,,,,,
akron,Akron,cleared_history,Logan Hindmarch,Cleared,DL,,5.3,0,2026-09-19,Cleared from the injury/status report on 09/19/2026,,,,,,
akron,Akron,cleared_history,Austin Wondolowski,Cleared,DB,,6.1,0,2026-09-19,Cleared from the injury/status report on 09/19/2026,,,,,,
akron,Akron,cleared_history,Gavin James,Cleared,LB,,7.8,2,2026-09-19,Cleared from the injury/status report on 09/19/2026,,,,,,
akron,Akron,cleared_history,Cyrus Durham,Cleared,DL,,12,3,2026-09-19,Cleared from the injury/status report on 09/19/2026,,,,,,
akron,Akron,cleared_history,Marquese Williams,Cleared,RB,,10.4,0,2026-09-04,Cleared from the injury/status report on 09/04/2026,,,,,,
alabama,Alabama,active,Jeremiah Beaman,OFS,DT,,13,0,2026-08-26,Tore his ACL in practice on 8/24 and will miss the entire 2026 season.,0,ACL Reconstruction,True,8-15 months,2026-08-23,2027-08-23
alabama,Alabama,active,Cayden Jones,OFS,LB,False,12,3,2026-09-21,Listed 'out' on the week two initial availability report. DNP week three and then updated by DeBoer as out for the season.,0,,False,,,
alabama,Alabama,active,Nick Sherman,O,DB,,5.3,0,2026-09-13,A foot issue has kept him off the field in 2026. Not expected to impact the rotattion.,0,,,,,
alabama,Alabama,active,Justin Hill,O,OLB,False,13.9,3,2026-09-23,"Listed 'out' on the week four availability report ahead of the South Carolina game, somewhat unexpectedly and will miss a 'few' weeks.",0,,False,,,
alabama,Alabama,active,Desmond Umeozulu,O,EDGE,False,13.1,3,2026-09-27,Added to the initial week four availability report as 'out' for the South Carolina game. Remains listed 'out' on the availability reports.,0,,False,,,
alabama,Alabama,active,Ryan Coleman-Williams,Q,WR,True,14,2,2026-10-10,"Exited late in the second quarter of week six after being unable to put weight on his leg, returned in the second half, but was then knocked out of the game midway through the fourth quarter following a collision. Kalen DeBoer officially confirmed post-game that Coleman-Williams sustained a head injury (concussion evaluation). His status is day-to-day entering the Tennessee game week.",31,,,,,
alabama,Alabama,active,Racin Delgatty,D,OL,True,11.5,3,2026-10-10,Exited late in the fourth quarter of week six and did not return. Coach DeBoer confirmed Delgatty suffered a lower-leg injury and will undergo imaging and further evaluation to assess severity and a timetable for return.,60,,,,,
alabama,Alabama,active,Terrance Green,Q,DT,True,12.5,1,2026-10-10,"Started and logged a tackle in week six before exiting with 1:42 remaining in the second quarter. DeBoer stated Green re-aggravated a prior ankle injury from the Mississippi State game, keeping him sidelined for the entire second half.",22,,,,,
alabama,Alabama,cleared_history,Jorden Edmonds,Cleared,DB,,13.6,0,2026-10-11,Cleared from the injury/status report on 10/11/2026,,,,,,
alabama,Alabama,cleared_history,Josh Ford,Cleared,TE,,10.3,0,2026-10-11,Cleared from the injury/status report on 10/11/2026,,,,,,
alabama,Alabama,cleared_history,Jayvin James,Cleared,OL,,11.7,3,2026-10-07,Cleared from the injury/status report on 10/07/2026,,,,,,
alabama,Alabama,cleared_history,Zavier Mincey,Cleared,DB,,13.5,1,2026-10-07,Cleared from the injury/status report on 10/07/2026,,,,,,
alabama,Alabama,cleared_history,Red Morgan,Cleared,DB,,13.2,1,2026-10-07,Cleared from the injury/status report on 10/07/2026,,,,,,
app-state,Appalachian State,active,Jordan Harris,OFS,DL,False,9,0,2026-10-07,Added to the Sun Belt injury report as out for the season in Week 6.,0,,,,,
app-state,Appalachian State,active,Kaden Ellis,GTD,DL,False,9.4,0,2026-10-10,Official report 2026-10-10: game time decision. Game 2026-10-10. Previous context: Added to the Sun Belt injury report as questionable for Week 6 vs. ODU.,5,,,,,
app-state,Appalachian State,active,Alex Sanchez,O,WR,False,10.6,3,2026-10-10,Downgraded to out for Week 6 vs. ODU.,0,,,,,
app-state,Appalachian State,active,Nick Kashubara,O,OL,False,9.1,0,2026-10-10,Official report 2026-10-10: out. Game 2026-10-10. Previous context: Added to the Sun Belt injury report as doubtful for Week 6 vs. ODU.,0,,,,,
app-state,Appalachian State,active,Dillon Galloway,O,TE,False,9.6,3,2026-10-07,Undisclosed injury. DNP vs. NC State. Remains out for Week 6 vs. ODU.,0,,,,,
app-state,Appalachian State,active,Dazmin James,O,WR,False,10.7,3,2026-10-07,Added to the Sun Belt injury report as out for Week 6 vs. ODU.,0,,,,,
app-state,Appalachian State,cleared_history,J'Marion Burnette,Cleared,RB,,11.9,1,2026-10-08,Cleared from the injury/status report on 10/08/2026,,,,,,
app-state,Appalachian State,cleared_history,Mac Walters,Cleared,OL,,10.5,0,2026-09-20,Cleared from the injury/status report on 09/20/2026,,,,,,
app-state,Appalachian State,cleared_history,J'Marion Burnette,Cleared,RB,,11.9,0,2026-09-15,Cleared from the injury/status report on 09/15/2026,,,,,,
app-state,Appalachian State,cleared_history,Kanye Roberts,Cleared,RB,,10.6,0,2026-09-06,Cleared from the injury/status report on 09/06/2026,,,,,,
arizona,Arizona,active,Daylen Austin,OFS,S,False,13.1,3,2026-09-21,"Has an injury that is considered season-ending ahead of week four, a big blow for this defensive unit.",0,,,,,
arizona,Arizona,active,Tré Spivey,OFS,WR,False,13.2,4,2026-10-04,Injured in-game week five and it was quickly concluded that it would be a season-ending injury.,0,,,,,
arizona,Arizona,active,Dajon Hinton,O,S,,9.5,2,2026-10-02,A report has him 'out' for week two and he remains listed 'out' on the availability report.,0,,,,,
arizona,Arizona,active,Ezra Funa,O,DL,,7.7,2,2026-10-02,A report has him 'out' for week two and he remains listed 'out' on the availability report.,0,,,,,
arizona,Arizona,active,Cole Rusk,O,TE,False,12.2,3,2026-10-02,Listed 'doubtful' for week four as it is believed he has a high ankle sprain and it may be a multi-week injury. Missed week four and remains 'out' for week five.,0,,,,,
arizona,Arizona,active,Ismail Mahdi,O,RB,False,14.3,4,2026-10-04,Court ruling kept him out again week five as the saga continues.,0,,,,,
arizona,Arizona,active,Max Harris,O,LB,False,12.8,3,2026-10-04,Court ruling kept him out again week five as the saga continues.,0,,,,,
arizona,Arizona,active,Giovanni Richardson,O,WR,False,13.3,4,2026-10-07,Injured hamstring in-game week five against Cincinnati and did not return. Out week six against WVU. A big loss to this offense.,0,,,,,
arizona,Arizona,active,Chris Hunter,O,WR,False,11.7,3,2026-10-09,Official report 2026-10-09: out. Previous context: Injured leg in-game week five against Cincinnati and did not return. Awaiting updates...,0,,,,,
arizona,Arizona,cleared_history,Jabari Mann,Cleared,LB,,11.7,0,2026-10-04,Cleared from the injury/status report on 10/04/2026,,,,,,
arizona,Arizona,cleared_history,Myron Robinson,Cleared,LB,,13.3,0,2026-10-04,Cleared from the injury/status report on 10/04/2026,,,,,,
arizona,Arizona,cleared_history,Shane King,Cleared,TE,,9.8,1,2026-10-03,Cleared from the injury/status report on 10/03/2026,,,,,,
arizona,Arizona,cleared_history,Giovanni Richardson,Cleared,WR,,13.1,1,2026-10-03,Cleared from the injury/status report on 10/03/2026,,,,,,
arizona,Arizona,cleared_history,Anthony Wilhite,Cleared,RB,,4.8,0,2026-10-01,Cleared from the injury/status report on 10/01/2026,,,,,,
arizona,Arizona,cleared_history,Kason Brown,Cleared,S,,9.1,0,2026-10-01,Cleared from the injury/status report on 10/01/2026,,,,,,
arizona,Arizona,cleared_history,Jordan McCord III,Cleared,WR,,7,0,2026-10-01,Cleared from the injury/status report on 10/01/2026,,,,,,
arizona,Arizona,cleared_history,Scotty Brennan,Cleared,WR,,5.2,0,2026-10-01,Cleared from the injury/status report on 10/01/2026,,,,,,
arizona,Arizona,cleared_history,Everett Roussaw Jr.,Cleared,LB,,12,1,2026-10-01,Cleared from the injury/status report on 10/01/2026,,,,,,
arizona,Arizona,cleared_history,Alexander Doost,Cleared,OL,,13.1,1,2026-10-01,Cleared from the injury/status report on 10/01/2026,,,,,,
arizona,Arizona,cleared_history,Everett Roussaw Jr.,Cleared,LB,,12,3,2026-09-27,Cleared from the injury/status report on 09/27/2026,,,,,,
arizona,Arizona,cleared_history,Zac Siulepa,Cleared,DL,,12.3,3,2026-09-27,Cleared from the injury/status report on 09/27/2026,,,,,,
arizona,Arizona,cleared_history,Chase Kennedy,Cleared,LB,,12.7,1,2026-09-27,Cleared from the injury/status report on 09/27/2026,,,,,,
arizona,Arizona,cleared_history,Dwight Bootle,Cleared,CB,,12.5,1,2026-09-27,Cleared from the injury/status report on 09/27/2026,,,,,,
arizona,Arizona,cleared_history,Mays Pese,Cleared,DL,,11.5,1,2026-09-27,Cleared from the injury/status report on 09/27/2026,,,,,,
arizona,Arizona,cleared_history,Myron Robinson,Cleared,LB,,13.2,0,2026-09-14,Cleared from the injury/status report on 09/14/2026,,,,,,
arizona,Arizona,cleared_history,Scotty Brennan,Cleared,WR,,5.2,0,2026-09-12,Cleared from the injury/status report on 09/12/2026,,,,,,
arizona,Arizona,cleared_history,Isaac Perez,Cleared,OL,,10.3,0,2026-09-12,Cleared from the injury/status report on 09/12/2026,,,,,,
arizona,Arizona,cleared_history,Cornelius Warren III,Cleared,RB,,9.7,0,2026-09-12,Cleared from the injury/status report on 09/12/2026,,,,,,
arizona,Arizona,cleared_history,Daylen Austin,Cleared,S,,13.3,1,2026-09-12,Cleared from the injury/status report on 09/12/2026,,,,,,
arizona,Arizona,cleared_history,Max Harris,Cleared,LB,,13.3,4,2026-09-10,Cleared from the injury/status report on 09/10/2026,,,,,,
arizona,Arizona,cleared_history,Ismail Mahdi,Cleared,RB,,14.2,0,2026-09-09,Cleared from the injury/status report on 09/09/2026,,,,,,
arizona,Arizona,cleared_history,Tyler Powell,Cleared,TE,,9.9,0,2026-08-10,Cleared from the injury/status report on 08/10/2026,,,,,,
arizona,Arizona,cleared_history,Quincy Craig,Cleared,RB,,12.2,0,2026-08-10,Cleared from the injury/status report on 08/10/2026,,,,,,
arizona,Arizona,cleared_history,Kedrick Reescano,Cleared,RB,,14.3,0,2026-08-10,Cleared from the injury/status report on 08/10/2026,,,,,,
arizona,Arizona,cleared_history,Tristan Bounds,Cleared,OL,,14.2,0,2026-08-10,Cleared from the injury/status report on 08/10/2026,,,,,,
arizona,Arizona,cleared_history,Oscar Rios,Cleared,QB,,10.9,0,2026-08-08,Cleared from the injury/status report on 08/08/2026,,,,,,
arizona-state,Arizona State,active,Nigel Pringle,OFS,DB,,10.1,0,2026-08-23,Sustained a season-ending injury in the final fall camp scrimmage.,0,,,,,
arizona-state,Arizona State,active,Zyrus Fiaseu,OFS,LB,,9.5,0,2026-08-25,Suffered a season-ending injury late in camp.,0,,,,,
arizona-state,Arizona State,active,MyKeil Gardner,OFS,DL,False,10.3,2,2026-06-25,A big loss as Gardner will miss the entire 2026 season with an injury.,0,,,,,
arizona-state,Arizona State,active,Khamari Anderson,OFS,TE,False,11.1,2,2026-09-20,Suffered a severe left leg injury against Kansas week three in London and will miss the rest of the 2026 season.,0,,,,,
arizona-state,Arizona State,active,Jalen Williams,O,DB,False,9.2,0,2026-09-16,Remains out for Week 5 vs. Baylor.,0,,,,,
arizona-state,Arizona State,active,Marques Uini,O,OL,False,9.5,0,2026-09-16,Remains out for Week 5 vs. Baylor.,0,,,,,
arizona-state,Arizona State,active,Wade Helton,O,OL,False,10.5,2,2026-09-18,Hurt in-game week two against Texas A&M and did not return. On crutches on the sideline and it did not look good. Remains out for Week 5 vs. Baylor.,0,,,,,
arizona-state,Arizona State,active,Brent Helton,O,OL,False,9.3,2,2026-09-16,Listed 'out' on the initial week three injury report ahead of trip to London to take on Kansas. Remains listed out beyond.,0,,,,,
arizona-state,Arizona State,active,Lyrik Rawls,O,DB,False,14,4,2026-10-07,Has a leg injury that will keep him out multiple week beginning with week six. Impact loss in the secondary for the Sun Devils. Tracking for updates.,0,,,,,
arizona-state,Arizona State,active,Grayson Rigdon,Q,RB,False,10,1,2026-10-03,"Added to the week five initial report as 'questionable' to play against Baylor. Did not log snaps, but may not have been injury related. Leaving here ahead of next update.",0,,,,,
arizona-state,Arizona State,cleared_history,"Filiva Suka"" Lokotui",Cleared,OL,,11.9,1,2026-10-04,Cleared from the injury/status report on 10/04/2026,,,,,,
arizona-state,Arizona State,cleared_history,Manamo'ui Muti,Cleared,OL,,9.9,0,2026-10-03,Cleared from the injury/status report on 10/03/2026,,,,,,
arizona-state,Arizona State,cleared_history,Rob Lapuaho,Cleared,OL,,9.9,0,2026-10-01,Cleared from the injury/status report on 10/01/2026,,,,,,
arizona-state,Arizona State,cleared_history,Harry Hassmann,Cleared,WR,,9.3,0,2026-10-01,Cleared from the injury/status report on 10/01/2026,,,,,,
arizona-state,Arizona State,cleared_history,Maurice Williams,Cleared,S,,10.2,2,2026-10-01,Cleared from the injury/status report on 10/01/2026,,,,,,
arizona-state,Arizona State,cleared_history,Luke Baklenko,Cleared,OL,,11.4,0,2026-09-20,Cleared from the injury/status report on 09/20/2026,,,,,,
arizona-state,Arizona State,cleared_history,Tana Alo-Tupuola,Cleared,OL,,11.6,0,2026-09-20,Cleared from the injury/status report on 09/20/2026,,,,,,
arizona-state,Arizona State,cleared_history,Antoine Belgrave-Shorter,Cleared,DB,,10.3,0,2026-09-20,Cleared from the injury/status report on 09/20/2026,,,,,,
arizona-state,Arizona State,cleared_history,Omarion Miller,Cleared,WR,,13.2,0,2026-09-20,Cleared from the injury/status report on 09/20/2026,,,,,,
arizona-state,Arizona State,cleared_history,Albert Smith III,Cleared,DE,,11.1,0,2026-09-20,Cleared from the injury/status report on 09/20/2026,,,,,,
arizona-state,Arizona State,cleared_history,AJ Ia,Cleared,TE,,10.8,0,2026-09-20,Cleared from the injury/status report on 09/20/2026,,,,,,
arizona-state,Arizona State,cleared_history,Derek Eusebio,Cleared,WR,,10.6,2,2026-09-14,Cleared from the injury/status report on 09/14/2026,,,,,,
arizona-state,Arizona State,cleared_history,Khamari Anderson,Cleared,TE,,10.4,1,2026-09-07,Cleared from the injury/status report on 09/07/2026,,,,,,
ark-state,Arkansas State,active,Devin Spencer,OFS,RB,False,12.1,0,2026-08-17,Suffered a non-contact knee injury back in spring camp and it's come out that it will force him to miss the entire 2026 season.,0,,,,,
ark-state,Arkansas State,active,Nigel Nelson,OFS,LB,False,10.1,3,2026-10-03,Broken ankle in week 1. KAIT8 reports he will miss the remainder of the season.,0,,,,,
ark-state,Arkansas State,active,Baker North,O,OL,False,10.4,3,2026-10-05,DNP Week 5 vs. Louisiana.,0,,,,,
ark-state,Arkansas State,active,Sultan Badmus,O,DE,False,11,3,2026-10-05,DNP Week 5 vs. Louisiana. Remains 'out' on the week six report.,0,,,,,
ark-state,Arkansas State,active,Robert Stevens III,GTD,C,False,12.3,0,2026-10-05,DNP Week 5 vs. Louisiana. Upgraded to a game time decision on injury report for week six.,20,,,,,
ark-state,Arkansas State,cleared_history,Kenyon Clay,Cleared,RB,,12.1,0,2026-10-10,Cleared from the injury/status report on 10/10/2026,,,,,,
ark-state,Arkansas State,cleared_history,Rasheem Turner,Cleared,LB,,8.4,0,2026-10-08,Cleared from the injury/status report on 10/08/2026,,,,,,
ark-state,Arkansas State,cleared_history,Lincoln Stueve,Cleared,DE,,6.9,2,2026-10-06,Cleared from the injury/status report on 10/06/2026,,,,,,
ark-state,Arkansas State,cleared_history,Rasheem Turner,Cleared,LB,,8.4,0,2026-10-03,Cleared from the injury/status report on 10/03/2026,,,,,,
ark-state,Arkansas State,cleared_history,Tyler Little,Cleared,TE,,10.3,0,2026-09-06,Cleared from the injury/status report on 09/06/2026,,,,,,
arkansas,Arkansas,active,Maddox Lassiter,OFS,TE,,9.6,0,2026-08-16,Announced out for the season with an upper body injury during summer camp.,0,,,,,
arkansas,Arkansas,active,J'Lynn Allen,OFS,DL,,6,0,2026-08-01,JUCO transfer suffered an undisclosed season-ending injury prior to the start of fall camp and will not play in 2026.,0,,,,,
arkansas,Arkansas,active,Connor Smith,OFS,P,,7,1,2026-08-01,Torn ACL will keep him out all of 2026.,0,,,,,
arkansas,Arkansas,active,Miguel Mitchell,P,DB,True,12.8,0,2026-10-10,"Sustained an undisclosed in-game ding requiring medical evaluation, but returned to game action (recording an interception later in the contest). Track practice availability heading into the next game week.",44,,,,,
arkansas,Arkansas,active,Shelton Lewis,P,DB,True,13.2,0,2026-10-10,Entered the week questionable with an undisclosed injury before being cleared as active. He exited briefly mid-game before returning to log 6 combined tackles and an interception. Track practice availability heading into the next game week.,57,,,,,
arkansas,Arkansas,cleared_history,Steven Soles Jr.,Cleared,DL,,13.5,0,2026-10-11,Cleared from the injury/status report on 10/11/2026,,,,,,
arkansas,Arkansas,cleared_history,Shelton Lewis,Cleared,DB,,13.3,1,2026-10-10,Cleared from the injury/status report on 10/10/2026,,,,,,
arkansas,Arkansas,cleared_history,John Howse IV,Cleared,DB,,12,0,2026-10-07,Cleared from the injury/status report on 10/07/2026,,,,,,
arkansas,Arkansas,cleared_history,Jamonta Waller,Cleared,DL,,12.7,0,2026-10-07,Cleared from the injury/status report on 10/07/2026,,,,,,
arkansas,Arkansas,cleared_history,Wyatt Simmons,Cleared,LB,,10.6,1,2026-09-30,Cleared from the injury/status report on 09/30/2026,,,,,,
arkansas,Arkansas,cleared_history,Bradley Shaw,Cleared,LB,,11.1,1,2026-09-30,Cleared from the injury/status report on 09/30/2026,,,,,,
arkansas,Arkansas,cleared_history,Hutson Hendrix,Cleared,TE,,4.9,0,2026-09-30,Cleared from the injury/status report on 09/30/2026,,,,,,
arkansas,Arkansas,cleared_history,Brandon Ford,Cleared,DB,,9.5,0,2026-09-30,Cleared from the injury/status report on 09/30/2026,,,,,,
arkansas,Arkansas,cleared_history,Keiundre Johnson,Cleared,DL,,9.9,0,2026-09-16,Cleared from the injury/status report on 09/16/2026,,,,,,
arkansas,Arkansas,cleared_history,Jaden Platt,Cleared,TE,,11.5,1,2026-09-16,Cleared from the injury/status report on 09/16/2026,,,,,,
arkansas,Arkansas,cleared_history,Bryant Williams,Cleared,OL,,12,1,2026-09-16,Cleared from the injury/status report on 09/16/2026,,,,,,
arkansas,Arkansas,cleared_history,Quincy Rhodes Jr.,Cleared,DL,,13.9,1,2026-09-14,Cleared from the injury/status report on 09/14/2026,,,,,,
arkansas,Arkansas,cleared_history,Sutton Smith,Cleared,RB,,13.8,1,2026-08-24,Cleared from the injury/status report on 08/24/2026,,,,,,
arkansas,Arkansas,cleared_history,Ben Bogle,Cleared,LB,,11.8,0,2026-08-16,Cleared from the injury/status report on 08/16/2026,,,,,,
arkansas,Arkansas,cleared_history,Phoenix Jackson,Cleared,LB,,12,0,2026-08-16,Cleared from the injury/status report on 08/16/2026,,,,,,
arkansas,Arkansas,cleared_history,Connor Smith,Cleared,P,,7,0,2026-08-16,Cleared from the injury/status report on 08/16/2026,,,,,,
arkansas,Arkansas,cleared_history,Monte Harrison,Cleared,WR,,11.4,0,2026-08-10,Cleared from the injury/status report on 08/10/2026,,,,,,
army,Army,active,Kai Woolfolk,O,ILB,False,9.1,1,2026-09-12,Listed as 'out' in the official game day update and will not be available for the USF game in week two. DNP. Leaving there until we get an update.,0,,,,,
army,Army,active,JT Poynton,O,S,False,6.3,0,2026-09-12,Listed as 'out' in the official game day update and will not be available for the USF game in week two. DNP. Leaving there until we get an update.,0,,,,,
army,Army,active,Godspower Nwawuihe,O,RB,False,11.2,3,2026-09-25,Injured in-game week four and was seen on the sidelines without pads. No timetable announced post-game and we're awaiting updates...,0,,,,,
army,Army,active,Xavier Ryan,O,OLB,False,6.3,2,2026-10-10,Official report 2026-10-10: out. Previous context: Officially listed 'questionable' on the initial game day update prior to kickoff for week two. Did not record snaps. Remains questionable heading into the bye week.,0,,,,,
army,Army,active,Kavon Pointer,Q,WR,False,8.5,0,2026-09-25,Listed 'questionable' for week four.,0,,,,,
army,Army,active,Parker Poloskey,Q,TE,False,12.2,0,2026-09-25,Listed 'questionable' for week four.,70,,,,,
army,Army,active,Jaydan Mayes,Q,CB,False,13.2,1,2026-10-10,Official report 2026-10-10: questionable.,41,,,,,
army,Army,active,Tobi Olawole,Q,WR,False,10.6,1,2026-10-10,Official report 2026-10-10: questionable.,1,,,,,
army,Army,active,David Thom-Rogers,O,S,False,9,3,2026-10-10,Official report 2026-10-10: out.,0,,,,,
army,Army,active,Josh Milhollin,O,WR,False,6.7,0,2026-10-10,Official report 2026-10-10: out.,,,,,,
army,Army,active,Taps Hananda,O,CB,False,,0,2026-10-10,Official report 2026-10-10: out.,,,,,,
army,Army,active,Jaxon Hammond,Q,CB,False,13,1,2026-10-10,Official report 2026-10-10: questionable.,30,,,,,
army,Army,active,Jaquavious Moss,Q,ILB,False,7.9,1,2026-10-10,Official report 2026-10-10: questionable.,9,,,,,
army,Army,active,Brian Barton,Q,S,False,5.6,1,2026-10-10,Official report 2026-10-10: questionable.,0,,,,,
army,Army,active,Cameron Binkowski,O,OLB,False,,0,2026-10-10,Official report 2026-10-10: out.,,,,,,
army,Army,active,Thomas Ghislandi,O,DL,False,,0,2026-10-10,Official report 2026-10-10: out.,,,,,,
army,Army,active,Nick McGlynn,Q,ILB,False,4.9,0,2026-10-10,Official report 2026-10-10: questionable.,0,,,,,
army,Army,active,Bryson Banks,Q,ILB,False,10.9,1,2026-10-10,Official report 2026-10-10: questionable.,8,,,,,
army,Army,active,Kody Harris-Miller,Q,DL,False,12.6,1,2026-10-10,Official report 2026-10-10: questionable.,32,,,,,
army,Army,active,Rhett VanBoening,O,OL,False,,0,2026-10-10,Official report 2026-10-10: out.,,,,,,
army,Army,active,Miles Hagan,O,OL,False,4.9,0,2026-10-10,Official report 2026-10-10: out.,0,,,,,
army,Army,active,Paolo Gennarelli,Q,OL,False,14.2,1,2026-10-10,Official report 2026-10-10: questionable.,66,,,,,
army,Army,active,Max Stober,O,OL,False,5.3,0,2026-10-10,Official report 2026-10-10: out.,0,,,,,
army,Army,active,Brady Anderson,Q,WR,False,13.1,1,2026-10-10,Official report 2026-10-10: questionable.,6,,,,,
army,Army,active,Ronan Boyle,O,TE,False,,0,2026-10-10,Official report 2026-10-10: out.,,,,,,
army,Army,cleared_history,Brady Mott,Cleared,SB,,5.6,1,2026-10-10,Cleared from the injury/status report on 10/10/2026,,,,,,
army,Army,cleared_history,Bryson Luter,Cleared,QB,,6.5,0,2026-10-10,Cleared from the injury/status report on 10/10/2026,,,,,,
army,Army,cleared_history,Jack Bousum,Cleared,DL,,12.9,1,2026-09-15,Cleared from the injury/status report on 09/15/2026,,,,,,
army,Army,cleared_history,Christopher Williams,Cleared,S,,7.1,1,2026-09-15,Cleared from the injury/status report on 09/15/2026,,,,,,
army,Army,cleared_history,Samari Howard,Cleared,SB,,8.2,0,2026-09-12,Cleared from the injury/status report on 09/12/2026,,,,,,
auburn,Auburn,active,J.J. Faulk,OFS,EDGE,,12.2,0,2026-08-22,A collarbone injury will cost him all of 2026. The injury occurred in fall camp.,0,,,,,
auburn,Auburn,active,Tai Buster,O,OL,False,10.4,3,2026-09-30,Was expected to miss 3-4 games and has yet to play in 2026. Remains out week five.,0,,,,,
auburn,Auburn,active,Hunter Herring,O,TE,False,8.8,2,2026-09-30,"Listed 'questionable' for week three against Florida on the initial report. DNP week four, either and listed 'out' for week five.",0,,,,,
auburn,Auburn,active,Jeremiah Cobb,Q,RB,True,14.1,1,2026-10-03,Hit in the back early in the week five game and tried to return but was ultimately shut down. He'll have a bye week to get healthy before a trip to UGA in week seven.,4,,,,,
auburn,Auburn,cleared_history,Omar Mabson II,Cleared,RB,,12.8,1,2026-09-30,Cleared from the injury/status report on 09/30/2026,,,,,,
auburn,Auburn,cleared_history,Jack Leyrer,Cleared,OL,,11.1,1,2026-09-25,Cleared from the injury/status report on 09/25/2026,,,,,,
auburn,Auburn,cleared_history,Joe Phillips,Cleared,EDGE,,12.2,1,2026-09-23,Cleared from the injury/status report on 09/23/2026,,,,,,
auburn,Auburn,cleared_history,Cole Skinner,Cleared,OL,,11.8,1,2026-09-16,Cleared from the injury/status report on 09/16/2026,,,,,,
auburn,Auburn,cleared_history,Chris Murray,Cleared,DL,,13.9,1,2026-09-16,Cleared from the injury/status report on 09/16/2026,,,,,,
auburn,Auburn,cleared_history,Da'Shawn Womack,Cleared,EDGE,,13.5,0,2026-09-16,Cleared from the injury/status report on 09/16/2026,,,,,,
auburn,Auburn,cleared_history,Nykahi Davenport,Cleared,RB,,13.7,3,2026-09-16,Cleared from the injury/status report on 09/16/2026,,,,,,
auburn,Auburn,cleared_history,Erick Smith,Cleared,WR,,9,0,2026-09-06,Cleared from the injury/status report on 09/06/2026,,,,,,
auburn,Auburn,cleared_history,Sylvester Smith-Reed,Cleared,S,,13,0,2026-09-06,Cleared from the injury/status report on 09/06/2026,,,,,,
auburn,Auburn,cleared_history,Shamar Arnoux,Cleared,CB,,11.9,1,2026-09-06,Cleared from the injury/status report on 09/06/2026,,,,,,
auburn,Auburn,cleared_history,AnQuon Fegans,Cleared,S,,12.4,1,2026-09-06,Cleared from the injury/status report on 09/06/2026,,,,,,
auburn,Auburn,cleared_history,Jonathan Echols,Cleared,TE,,11.1,0,2026-09-06,Cleared from the injury/status report on 09/06/2026,,,,,,
auburn,Auburn,cleared_history,Christian Neptune,Cleared,WR,,11.7,0,2026-08-19,Cleared from the injury/status report on 08/19/2026,,,,,,
auburn,Auburn,cleared_history,Bryson Washington,Cleared,RB,,15,0,2026-08-12,Cleared from the injury/status report on 08/12/2026,,,,,,
auburn,Auburn,cleared_history,Arlis Boardingham,Cleared,TE,,10,0,2026-08-06,Cleared from the injury/status report on 08/06/2026,,,,,,
ball-state,Ball State,active,Tobi Adewoyin,O,DB,False,10.4,2,2026-09-12,"Listed as ""out"" on the initial week one availability report; Remains listed out for week two. Keeping there.",0,,,,,
ball-state,Ball State,active,Sean Ward,O,TE,False,9.9,2,2026-09-26,"On the MAC Injury report for week 4 as 'Out' and no updates, so we'll leave there until we get a clear",0,,,,,
ball-state,Ball State,active,Ryan Eldridge,O,TE,False,7.9,0,2026-09-12,"Listed as ""out"" on the initial week one availability report; Remains listed out for week two. Keeping there.",0,,,,,
ball-state,Ball State,active,Zach Bandy,O,OL,False,9.5,1,2026-09-12,"Listed as ""out"" on the initial week one availability report; Remains listed out for week two. Keeping there.",0,,,,,
ball-state,Ball State,active,Derion Talbert,O,WR,False,8.1,0,2026-09-12,"Listed as ""out"" on the initial week one availability report; Remains listed out for week two. Keeping there.",0,,,,,
ball-state,Ball State,active,Cole Coonrod,O,TE,False,6.7,0,2026-09-12,"Listed as ""out"" on the initial week one availability report; Remains listed out for week two. Keeping there.",0,,,,,
ball-state,Ball State,active,Cj Zeltwanger,O,OL,False,6.1,0,2026-09-26,"On the MAC Injury report for week 4 as 'Out' and no updates, so we'll leave there until we get a clear",0,,,,,
ball-state,Ball State,active,Khristian Zachary,O,DT,,10.7,2,2026-09-12,Added to the injury report pre-game week two as out. Leaving there until we hear an update.,0,,,,,
ball-state,Ball State,active,"Derek ""DJ"" Fields",O,DB,False,10.2,2,2026-09-26,"On the MAC Injury report for week 4 as 'out' and no updates, so we'll leave there until we get a clear",0,,,,,
ball-state,Ball State,active,Gabe Aramboles,O,DB,False,10.5,2,2026-09-26,"On the MAC Injury report for week 4 as 'Out' and no updates, so we'll leave there until we get a clear",0,,,,,
ball-state,Ball State,active,Avery Stuart,O,DB,False,10.6,3,2026-10-03,"Listed out on the October 3, 2026 MAC game-day availability report.",0,,,,,
ball-state,Ball State,active,Isaiah Thacker,O,WR,False,10.8,3,2026-10-03,"Listed out on the October 3, 2026 MAC game-day availability report.",0,,,,,
ball-state,Ball State,active,Sam Feeney,O,OLB,False,10.2,3,2026-10-03,"Listed out on the October 3, 2026 MAC game-day availability report.",0,,,,,
ball-state,Ball State,active,Jalen Bonds,O,RB,False,10.5,3,2026-10-10,"Official report 2026-10-10: out. Previous context: Listed questionable on the October 3, 2026 MAC game-day availability report.",0,,,,,
ball-state,Ball State,active,Quentavius Scandrett,Q,DB,False,14.1,0,2026-10-10,Official report 2026-10-10: questionable.,31,,,,,
ball-state,Ball State,active,Mason Riggins,O,TE,False,5.3,0,2026-10-10,Official report 2026-10-10: out.,0,,,,,
ball-state,Ball State,active,Kendrick Gilbert,O,DT,False,10.2,3,2026-10-10,Official report 2026-10-10: out.,0,,,,,
ball-state,Ball State,cleared_history,Myles Hancock,Cleared,DT,,7.2,2,2026-10-10,Cleared from the injury/status report on 10/10/2026,,,,,,
ball-state,Ball State,cleared_history,Donovan Hamilton,Cleared,WR,,11.7,1,2026-10-04,Cleared from the injury/status report on 10/04/2026,,,,,,
ball-state,Ball State,cleared_history,TJ Horton,Cleared,RB,,11.8,1,2026-10-04,Cleared from the injury/status report on 10/04/2026,,,,,,
ball-state,Ball State,cleared_history,Keldric Luster,Cleared,QB,,12.3,1,2026-10-04,Cleared from the injury/status report on 10/04/2026,,,,,,
ball-state,Ball State,cleared_history,Lucas Szymborski,Cleared,LB,,9.8,1,2026-10-04,Cleared from the injury/status report on 10/04/2026,,,,,,
ball-state,Ball State,cleared_history,Joshua Coleman,Cleared,DT,,5.3,0,2026-09-26,Cleared from the injury/status report on 09/26/2026,,,,,,
ball-state,Ball State,cleared_history,Mikeah Webster,Cleared,LB,,8.6,2,2026-09-26,Cleared from the injury/status report on 09/26/2026,,,,,,
ball-state,Ball State,cleared_history,Char'rese Breveard,Cleared,RB,,8.6,0,2026-09-26,Cleared from the injury/status report on 09/26/2026,,,,,,
ball-state,Ball State,cleared_history,Joshua Coleman,Cleared,DT,,5.3,0,2026-09-20,Cleared from the injury/status report on 09/20/2026,,,,,,
ball-state,Ball State,cleared_history,Keilan Smith,Cleared,DT,,8,0,2026-09-20,Cleared from the injury/status report on 09/20/2026,,,,,,
ball-state,Ball State,cleared_history,Cj Zeltwanger,Cleared,OL,,6.1,0,2026-09-20,Cleared from the injury/status report on 09/20/2026,,,,,,
ball-state,Ball State,cleared_history,Cole Mosier,Cleared,OL,,9.4,1,2026-09-20,Cleared from the injury/status report on 09/20/2026,,,,,,
ball-state,Ball State,cleared_history,Micah Lillard,Cleared,DB,,7,0,2026-09-20,Cleared from the injury/status report on 09/20/2026,,,,,,
ball-state,Ball State,cleared_history,Alex Scherle,Cleared,TE,,2.7,0,2026-09-13,Cleared from the injury/status report on 09/13/2026,,,,,,
ball-state,Ball State,cleared_history,TJ Horton,Cleared,RB,,11,0,2026-08-10,Cleared from the injury/status report on 08/10/2026,,,,,,
baylor,Baylor,active,Jacob Redding,OFS,S,,14,2,2026-09-01,Torn ACL in camp requires surgery and has ended his 2026 season before it gets started.,0,,,,,
baylor,Baylor,active,Devonte Tezino,OFS,DL,False,12.6,2,2026-09-13,HC Dave Aranda confirmed that Tezino will miss the rest of the 2026 season with a leg injury.,0,,,,,
baylor,Baylor,active,Jamarion Richardson,O,CB,False,9.8,0,2026-10-02,Remains out for Week 5 vs. Arizona State. Not impacting the rotation.,0,,,,,
baylor,Baylor,active,Ashton Jones,O,WR,False,9.1,0,2026-10-02,Remains out for Week 5 vs. Arizona State. Not impacting the rotation.,0,,,,,
baylor,Baylor,active,Cayden Tone,O,OL,False,4.9,0,2026-10-02,Remains out for Week 5 vs. Arizona State. Not impacting the rotation.,0,,,,,
baylor,Baylor,cleared_history,Micah Gifford,Cleared,S,,15.2,2,2026-10-01,Cleared from the injury/status report on 10/01/2026,,,,,,
baylor,Baylor,cleared_history,Devin Turner,Cleared,S,,14.6,0,2026-09-26,Cleared from the injury/status report on 09/26/2026,,,,,,
baylor,Baylor,cleared_history,Jadon Porter,Cleared,WR,,11.5,0,2026-09-26,Cleared from the injury/status report on 09/26/2026,,,,,,
baylor,Baylor,cleared_history,Dj Lagway,Cleared,QB,,13.5,0,2026-09-26,Cleared from the injury/status report on 09/26/2026,,,,,,
baylor,Baylor,cleared_history,Hosea Wheeler,Cleared,DL,,13,0,2026-09-26,Cleared from the injury/status report on 09/26/2026,,,,,,
baylor,Baylor,cleared_history,Wyatt Swaner,Cleared,OL,,5.3,0,2026-09-24,Cleared from the injury/status report on 09/24/2026,,,,,,
baylor,Baylor,cleared_history,Koltin Sieracki,Cleared,OL,,11.9,0,2026-09-20,Cleared from the injury/status report on 09/20/2026,,,,,,
baylor,Baylor,cleared_history,Taz Williams Jr.,Cleared,WR,,11,2,2026-09-20,Cleared from the injury/status report on 09/20/2026,,,,,,
baylor,Baylor,cleared_history,Traevon Mitchell,Cleared,DL,,14.7,4,2026-09-07,Cleared from the injury/status report on 09/07/2026,,,,,,
baylor,Baylor,cleared_history,Tony Livingston,Cleared,TE,,12.6,0,2026-09-07,Cleared from the injury/status report on 09/07/2026,,,,,,
baylor,Baylor,cleared_history,Dawson Pendergrass,Cleared,RB,,13.6,0,2026-09-06,Cleared from the injury/status report on 09/06/2026,,,,,,
bc,Boston College,active,Kaelan Chudzinski,OFS,TE,False,12.2,0,2026-07-16,Expected to miss the entire 2026 season with an Achilles injury per Bill O'Brien.,0,,,,,
bc,Boston College,active,Chris Marable Jr.,O,DL,False,11.5,3,2026-10-05,Added to the injury report ahead of their Week 5 game vs. SMU and did not play.,0,,,,,
bc,Boston College,active,Syair Torrence,O,DB,False,11.1,3,2026-10-05,Downgraded to out on the ACC injury report for Week 5 vs. SMU and did not play.,0,,,,,
bc,Boston College,active,Isaiah Farris,O,DB,False,13.2,0,2026-10-05,DNP in Week 5 vs. SMU.,0,,,,,
bc,Boston College,active,Justin Medlock,O,LB,False,13.2,4,2026-10-05,Added to the injury report ahead of their Week 5 game vs. SMU and did not play.,0,,,,,
bc,Boston College,active,Sedric Addison,O,RB,False,9.6,0,2026-10-05,Added to the injury report ahead of their Week 5 game vs. SMU and did not play.,0,,,,,
bc,Boston College,active,Cameron Martinez,O,DB,False,10.9,3,2026-10-05,DNP in Week 5 vs. SMU.,0,,,,,
bc,Boston College,active,Bodie Kahoun,O,LB,False,11.4,3,2026-10-05,Taken to the hospital in an ambulance after a hit in the 2nd quarter vs. Rutgers. DNP in Week 5 vs. SMU.,0,,,,,
bc,Boston College,active,Pape Abdoulaye Sy,O,OL,False,8.8,0,2026-10-05,Added to the injury report ahead of their Week 5 game vs. SMU and did not play.,0,,,,,
bc,Boston College,active,Michael Crounse,O,OL,False,12.6,3,2026-10-05,Injured left knee in Week 1. DNP in Week 5 vs. SMU..,0,,,,,
bc,Boston College,active,Brady Clough,O,TE,False,8.9,2,2026-10-05,DNP in Week 5 vs. SMU.,0,,,,,
bc,Boston College,active,E'Lla Boykin,O,DL,,13.2,4,2026-10-05,Downgraded to out on the ACC injury report for Week 5 vs. SMU and did not play.,0,,,,,
bc,Boston College,cleared_history,Micah Amedee,Cleared,DL,,10.7,1,2026-09-30,Cleared from the injury/status report on 09/30/2026,,,,,,
bc,Boston College,cleared_history,Cameron McGee,Cleared,DL,,10.5,1,2026-09-30,Cleared from the injury/status report on 09/30/2026,,,,,,
bc,Boston College,cleared_history,Bryce Lewis,Cleared,TE,,9.5,0,2026-09-30,Cleared from the injury/status report on 09/30/2026,,,,,,
bc,Boston College,cleared_history,Marek Jin,Cleared,OL,,10.2,0,2026-09-30,Cleared from the injury/status report on 09/30/2026,,,,,,
bc,Boston College,cleared_history,Justin Medlock,Cleared,LB,,13.3,4,2026-09-27,Cleared from the injury/status report on 09/27/2026,,,,,,
bc,Boston College,cleared_history,Sedric Addison,Cleared,RB,,9.6,0,2026-09-27,Cleared from the injury/status report on 09/27/2026,,,,,,
bc,Boston College,cleared_history,Chris Marable Jr.,Cleared,DL,,11.6,3,2026-09-27,Cleared from the injury/status report on 09/27/2026,,,,,,
bc,Boston College,cleared_history,Alex DeGrieck,Cleared,DL,,11.8,0,2026-09-25,Cleared from the injury/status report on 09/25/2026,,,,,,
bc,Boston College,cleared_history,Onye Nwosisi,Cleared,DL,,12.5,0,2026-09-25,Cleared from the injury/status report on 09/25/2026,,,,,,
bc,Boston College,cleared_history,Kris Jones,Cleared,DE,,12.2,1,2026-09-25,Cleared from the injury/status report on 09/25/2026,,,,,,
bc,Boston College,cleared_history,Reed Swanson,Cleared,WR,,12.8,0,2026-09-24,Cleared from the injury/status report on 09/24/2026,,,,,,
bc,Boston College,cleared_history,Micah Amedee,Cleared,DL,,10.7,0,2026-09-24,Cleared from the injury/status report on 09/24/2026,,,,,,
bc,Boston College,cleared_history,Bo MacCormack III,Cleared,RB,,10.1,0,2026-09-24,Cleared from the injury/status report on 09/24/2026,,,,,,
bc,Boston College,cleared_history,Jonathan Hewitt,Cleared,K/P,,10.5,0,2026-09-24,Cleared from the injury/status report on 09/24/2026,,,,,,
bc,Boston College,cleared_history,Demetrius Ballard,Cleared,DE,,12.4,1,2026-09-24,Cleared from the injury/status report on 09/24/2026,,,,,,
bc,Boston College,cleared_history,Will Graves III,Cleared,WR,,4.9,0,2026-09-24,Cleared from the injury/status report on 09/24/2026,,,,,,
bc,Boston College,cleared_history,Bryce Dopson,Cleared,WR,,9,0,2026-09-23,Cleared from the injury/status report on 09/23/2026,,,,,,
bc,Boston College,cleared_history,Onye Nwosisi,Cleared,DL,,12.5,3,2026-09-20,Cleared from the injury/status report on 09/20/2026,,,,,,
bc,Boston College,cleared_history,Charlie Comella,Cleared,DB,,11.7,1,2026-09-20,Cleared from the injury/status report on 09/20/2026,,,,,,
bc,Boston College,cleared_history,Max Tucker,Cleared,DB,,11.9,0,2026-09-06,Cleared from the injury/status report on 09/06/2026,,,,,,
bc,Boston College,cleared_history,Jaedn Skeete,Cleared,WR,,11.7,0,2026-08-06,Cleared from the injury/status report on 08/06/2026,,,,,,
bc,Boston College,cleared_history,Veguer Jean-Jumeau,Cleared,OL,,10.2,0,2026-09-11,Cleared from the injury/status report on 09/12/2026,,,,,,
bgsu,Bowling Green,active,Austin Clay,OFS,WR,False,9,2,2026-09-19,Listed as Out in 9/5 availability report; updated to 'out for season' on week three report.,0,,,,,
bgsu,Bowling Green,active,Jabari Mitchell,OFS,LB,False,9.4,1,2026-09-12,Listed as Out in 9/5 availability report; updated to 'out for season' on week three report.,0,,,,,
bgsu,Bowling Green,active,Ethan Kraatz,OFS,OT,False,8,2,2026-09-19,Injured in-game during week one against Tarleton State; was carried to the sideline. Out week two and annoucned 'out for the season' on week three report.,0,,,,,
bgsu,Bowling Green,active,JoJo Johnson,OFS,CB,False,12.9,3,2026-09-19,"Listed as OFS in 9/19 availability report, Injured in week 2",0,,,,,
bgsu,Bowling Green,active,Dayln White,O,DT,False,9.2,1,2026-09-12,Listed as Out in 9/5 availability report; remains there for week two and going forward until we get an update.,0,,,,,
bgsu,Bowling Green,active,Isaiah Dawson,O,WR,False,12.2,3,2026-09-19,Listed as Out in 9/19 availability report; remains there for week two and going forward until we get an update.,0,,,,,
bgsu,Bowling Green,active,Jonathan Goins,S,LB,False,4.9,0,2026-09-19,Listed as Out in 9/19 availability report; remains there for week two and going forward until we get an update. Now suspended following an arrest.,0,,,,,
bgsu,Bowling Green,active,Timothy Taylor Jr.,O,DL,False,4.6,0,2026-09-19,Listed as Out in 9/19 availability report; remains there for week two and going forward until we get an update.,0,,,,,
bgsu,Bowling Green,active,Nick Sowell,O,WR,False,9.4,3,2026-10-10,"Ruled out vs. Sacramento State on 2026-10-10 after appearing in street clothes before kickoff; second straight absence with an undisclosed injury. Previous context: Official report 2026-10-10: questionable. Previous context: Changed from Q to out on the October 3, 2026 MAC game-day availability report.",0,,,,,
bgsu,Bowling Green,active,Ke'Marion Baldwin,O,RB,False,9.9,3,2026-10-03,"Listed out on the October 3, 2026 MAC game-day availability report.",0,,,,,
bgsu,Bowling Green,active,Preston EstoEsta,O,S,False,10.1,3,2026-10-10,"Official report 2026-10-10: out. Previous context: Listed questionable on the October 3, 2026 MAC game-day availability report.",0,,,,,
bgsu,Bowling Green,active,Winn Sharp,Q,WR,False,11.5,1,2026-10-10,Official report 2026-10-10: questionable.,5,,,,,
bgsu,Bowling Green,active,Myles Bradley,Q,DE,False,14.1,1,2026-10-10,Official report 2026-10-10: questionable.,49,,,,,
bgsu,Bowling Green,active,Rico Garcia,O,CB,False,7.9,0,2026-10-10,Official report 2026-10-10: out.,0,,,,,
bgsu,Bowling Green,active,MJ Dillard,O,DT,False,8.9,3,2026-10-10,Official report 2026-10-10: out.,0,,,,,
bgsu,Bowling Green,active,Quentin Lewis,O,DE,False,7.8,2,2026-10-10,Official report 2026-10-10: out.,0,,,,,
bgsu,Bowling Green,active,Brody Bolyn,Q,C,False,10.7,1,2026-10-10,Official report 2026-10-10: questionable.,51,,,,,
bgsu,Bowling Green,cleared_history,Sanders Ellis,Cleared,LB,,9.9,1,2026-10-04,Cleared from the injury/status report on 10/04/2026,,,,,,
bgsu,Bowling Green,cleared_history,Myles Bradley,Cleared,DE,,14.3,1,2026-10-04,Cleared from the injury/status report on 10/04/2026,,,,,,
bgsu,Bowling Green,cleared_history,Brody Bolyn,Cleared,C,,10.8,1,2026-09-19,Cleared from the injury/status report on 09/19/2026,,,,,,
bgsu,Bowling Green,cleared_history,Timothy Taylor Jr.,Cleared,DL,,4.6,0,2026-09-12,Cleared from the injury/status report on 09/12/2026,,,,,,
bgsu,Bowling Green,cleared_history,Chris Newell Jr.,Cleared,DB,,8.9,2,2026-09-12,Cleared from the injury/status report on 09/12/2026,,,,,,
bgsu,Bowling Green,cleared_history,Isaiah Dawson,Cleared,WR,,12.2,0,2026-09-12,Cleared from the injury/status report on 09/12/2026,,,,,,
boise,Boise State,active,Jacob Tracy,OFS,OL,False,8.6,1,2026-09-08,Announced out for the season with an injury following the week one game.,0,,,,,
boise,Boise State,active,Samuel Brooks,O,LB,False,10,2,2026-10-01,Added as 'out' on the pregame availability report ahead of week four. Remains 'out' on the availability reports.,0,,,,,
boise,Boise State,active,Cameron Bates,O,WR,False,11,3,2026-10-08,Listed 'questionable' for week five against Utah State. DNP. Remains listed 'out' on reports.,0,,,,,
boise,Boise State,active,Carson Rasmussen,O,OL,False,11.9,3,2026-10-03,Added as 'out' on the week five injury report ahead of the Utah State game. Remains there until we get a new report.,0,,,,,
boise,Boise State,active,Darren Morris,O,WR,False,10.2,3,2026-10-03,Listed 'questionable' for week five against Utah State. No snaps logged. Remains out week six.,0,,,,,
boise,Boise State,active,Logan Brantley,O,LB,False,11.2,3,2026-10-07,Listed 'questionable' for week five against Utah State. No snaps logged. Remains out week six.,0,,,,,
boise,Boise State,active,Jaden Williams,O,EDGE,False,7.3,2,2026-10-07,Added as 'out' on the week six initial availability report.,0,,,,,
boise,Boise State,active,Rasean Jones,Q,WR,False,13.5,1,2026-10-04,Exited the week five game in the fourth quarter with a head injury followoing a helmet-to-helmet hit. Awaiting updates.,0,,,,,
boise,Boise State,active,Deuce Alailefaleula,O,DL,False,9.7,3,2026-10-08,Official report 2026-10-08: out. Game 2026-10-10. Previous context: Added as 'questionable' for week six against Fresno State.,0,,,,,
boise,Boise State,cleared_history,Dylan Riley,Cleared,RB,,14.4,2,2026-10-08,Cleared from the injury/status report on 10/08/2026,,,,,,
boise,Boise State,cleared_history,Sire Gaines,Cleared,RB,,15.3,1,2026-10-08,Cleared from the injury/status report on 10/08/2026,,,,,,
boise,Boise State,cleared_history,Jayden Virgin-Morgan,Cleared,EDGE,,13.6,1,2026-09-26,Cleared from the injury/status report on 09/26/2026,,,,,,
boise,Boise State,cleared_history,Roger Carreon,Cleared,OL,,12.5,1,2026-09-26,Cleared from the injury/status report on 09/26/2026,,,,,,
boise,Boise State,cleared_history,Derek Ganter Jr.,Cleared,DB,,11.1,1,2026-09-26,Cleared from the injury/status report on 09/26/2026,,,,,,
boise,Boise State,cleared_history,Sire Gaines,Cleared,RB,,15.1,1,2026-09-16,Cleared from the injury/status report on 09/16/2026,,,,,,
boise,Boise State,cleared_history,Juelz Goff,Cleared,RB,,12,0,2026-09-16,Cleared from the injury/status report on 09/16/2026,,,,,,
boise,Boise State,cleared_history,Ben Ford,Cleared,WR,,12.1,2,2026-09-07,Cleared from the injury/status report on 09/07/2026,,,,,,
buffalo,Buffalo,active,Elijah Holmes,OFS,QB,False,12.8,4,2026-10-06,Knee surgery; ruled out for the remainder of the 2026 season.,0,,,,,
buffalo,Buffalo,active,Bobby Mays,O,WR,False,4.6,0,2026-09-12,Inactive for 9/3 contest; depth receiver. Remains out for week two and three.,0,,,,,
buffalo,Buffalo,active,Jackson Davenport,O,OL,,8.4,0,2026-09-12,Sidelined for 9/3 matchup; offensive line depth. Remains out for week two and three.,0,,,,,
buffalo,Buffalo,active,Charlton Goodell,O,DT,,5.4,0,2026-09-12,Ruled out ahead of 9/3; interior DL reserve. Remains out for week two and three.,0,,,,,
buffalo,Buffalo,active,"Terrance Shelton, Jr.",O,RB,False,11.8,2,2026-09-19,Ruled out for week 3,0,,,,,
buffalo,Buffalo,active,Ahmaan Thomas,O,OL,,7.6,0,2026-09-12,Newly added to the week two Game Day availability report as 'out' for week two. Remains there week three.,0,,,,,
buffalo,Buffalo,active,Elijah Holmes,O,QB,False,12.8,4,2026-09-19,"Holmes (knee) has been ruled out for Saturday's game at Penn State, Pete Thamel of ESPN.com reports.",0,,,,,
buffalo,Buffalo,active,Ramari Taylor,O,CB,False,6,1,2026-09-26,,0,,,,,
buffalo,Buffalo,active,Joey Cheshire,O,LB,False,10.5,3,2026-10-03,"Listed out on the October 3, 2026 MAC game-day availability report.",0,,,,,
buffalo,Buffalo,active,Jamiere Munson,O,S,False,4.9,1,2026-10-10,Official report 2026-10-10: out.,0,,,,,
buffalo,Buffalo,active,George Hill,O,LB,False,8.4,0,2026-10-10,Official report 2026-10-10: out.,0,,,,,
buffalo,Buffalo,active,Joe Crocker,O,OL,False,8.8,3,2026-10-10,Official report 2026-10-10: out.,0,,,,,
buffalo,Buffalo,cleared_history,Zach McGowan,Cleared,K,,5.3,0,2026-10-10,Cleared from the injury/status report on 10/10/2026,,,,,,
buffalo,Buffalo,cleared_history,Jasaiah Gathings,Cleared,WR,,11.4,3,2026-10-10,Cleared from the injury/status report on 10/10/2026,,,,,,
buffalo,Buffalo,cleared_history,Nick Leonard,Cleared,TE,,4.2,0,2026-10-10,Cleared from the injury/status report on 10/10/2026,,,,,,
buffalo,Buffalo,cleared_history,Terrell Richards,Cleared,WR,,4.9,0,2026-10-10,Cleared from the injury/status report on 10/10/2026,,,,,,
buffalo,Buffalo,cleared_history,Jaden Maxey,Cleared,OL,,7.7,0,2026-10-10,Cleared from the injury/status report on 10/10/2026,,,,,,
buffalo,Buffalo,cleared_history,Mason Nickel,Cleared,DT,,6.4,1,2026-10-10,Cleared from the injury/status report on 10/10/2026,,,,,,
buffalo,Buffalo,cleared_history,Blake Sholder,Cleared,K,,5.3,0,2026-10-10,Cleared from the injury/status report on 10/10/2026,,,,,,
buffalo,Buffalo,cleared_history,"James McNeil, Jr.",Cleared,RB,,10,2,2026-10-10,Cleared from the injury/status report on 10/10/2026,,,,,,
buffalo,Buffalo,cleared_history,Jeremiah Watkins,Cleared,WR,,7.2,0,2026-10-10,Cleared from the injury/status report on 10/10/2026,,,,,,
buffalo,Buffalo,cleared_history,Alvin Jones III,Cleared,WR,,9,0,2026-10-06,Cleared from the injury/status report on 10/06/2026,,,,,,
buffalo,Buffalo,cleared_history,Nathan Natoli,Cleared,OL,,9.9,2,2026-09-26,Cleared from the injury/status report on 09/26/2026,,,,,,
buffalo,Buffalo,cleared_history,Jaylen Andrews,Cleared,WR,,9.4,1,2026-09-26,Cleared from the injury/status report on 09/26/2026,,,,,,
buffalo,Buffalo,cleared_history,Marco Cate,Cleared,OL,,8.4,2,2026-09-19,Cleared from the injury/status report on 09/19/2026,,,,,,
buffalo,Buffalo,cleared_history,Jasaiah Gathings,Cleared,WR,,11.4,3,2026-09-19,Cleared from the injury/status report on 09/19/2026,,,,,,
buffalo,Buffalo,cleared_history,Ramari Taylor,Cleared,CB,,6,1,2026-09-19,Cleared from the injury/status report on 09/19/2026,,,,,,
buffalo,Buffalo,cleared_history,Cam Davis,Cleared,OL,,8.1,0,2026-09-12,Cleared from the injury/status report on 09/12/2026,,,,,,
buffalo,Buffalo,cleared_history,Matthew Heininger,Cleared,LB,,8.7,0,2026-09-12,Cleared from the injury/status report on 09/12/2026,,,,,,
buffalo,Buffalo,cleared_history,Nino Francavilla,Cleared,OL,,14,4,2026-09-12,Cleared from the injury/status report on 09/12/2026,,,,,,
buffalo,Buffalo,cleared_history,Cardel Staples,Cleared,CB,,5.3,0,2026-09-12,Cleared from the injury/status report on 09/12/2026,,,,,,
buffalo,Buffalo,cleared_history,"Tyrell Simmons, Jr.",Cleared,WR,,7.3,0,2026-09-12,Cleared from the injury/status report on 09/12/2026,,,,,,
byu,BYU,active,Sione Moa,O,RB,False,11,3,2026-10-02,"His injury turns out to be a serious one that will keep him out long-term, but has not been labeled as season-ending yet.",0,,,,,
byu,BYU,active,LJ Martin,O,RB,False,16.1,5,2026-10-06,Injured in-game week five. Will not make it back in time for week six against Iowa State.,0,,,,,
byu,BYU,active,Isaiah Glasker,O,LB,False,11.7,3,2026-10-06,Injured in-game week five and did not return to the contest. Confirmed 'out' on the inital week six report.,0,,,,,
byu,BYU,active,Raider Damuni,O,S,False,12.5,4,2026-10-08,"Official report 2026-10-08: out. Previous context: Damuni avoided a season-ending injury and is aiming for a return around mid-to-late October, potentially after the bye week in time for the Notre Dame game. Officially 'doubtful' for week six.",0,,,,,
byu,BYU,active,Cannon DeVries,O,CB,False,13.6,4,2026-10-09,"Official report 2026-10-09: out. Previous context: Official report 2026-10-08: doubtful. Previous context: Injured in-game week five and did not return to the contest. Avoided a serious injury and is listed as 'probable' for week six initially, but downgraded to 'questionable' on update.",0,,,,,
byu,BYU,cleared_history,Caden McKee,Cleared,OL,,7.4,0,2026-10-06,Cleared from the injury/status report on 10/06/2026,,,,,,
byu,BYU,cleared_history,Siale Esera,Cleared,LB,,12.6,4,2026-10-06,Cleared from the injury/status report on 10/06/2026,,,,,,
byu,BYU,cleared_history,Jonathan Kabeya,Cleared,CB,,9.8,3,2026-10-06,Cleared from the injury/status report on 10/06/2026,,,,,,
byu,BYU,cleared_history,Brigham Alexander,Cleared,OL,,5.3,0,2026-10-03,Cleared from the injury/status report on 10/03/2026,,,,,,
byu,BYU,cleared_history,Andrew Gentry,Cleared,OL,,13.7,5,2026-10-03,Cleared from the injury/status report on 10/03/2026,,,,,,
byu,BYU,cleared_history,Ethan Thomason,Cleared,OL,,9.6,0,2026-10-03,Cleared from the injury/status report on 10/03/2026,,,,,,
byu,BYU,cleared_history,Brody Laga,Cleared,K,,7.1,0,2026-10-03,Cleared from the injury/status report on 10/03/2026,,,,,,
byu,BYU,cleared_history,Jovesa Damuni,Cleared,RB,,9,2,2026-10-03,Cleared from the injury/status report on 10/03/2026,,,,,,
byu,BYU,cleared_history,Kevin Doe,Cleared,CB,,6.1,0,2026-10-02,Cleared from the injury/status report on 10/02/2026,,,,,,
byu,BYU,cleared_history,Jacob Nye,Cleared,TE,,4.6,0,2026-10-01,Cleared from the injury/status report on 10/01/2026,,,,,,
byu,BYU,cleared_history,Kyle Sfarcioc,Cleared,OL,,12.3,5,2026-09-28,Cleared from the injury/status report on 09/28/2026,,,,,,
byu,BYU,cleared_history,Tiger Bachmeier,Cleared,WR,,10.8,5,2026-09-28,Cleared from the injury/status report on 09/28/2026,,,,,,
byu,BYU,cleared_history,Roger Saleapaga II,Cleared,TE,,11.3,5,2026-09-28,Cleared from the injury/status report on 09/28/2026,,,,,,
byu,BYU,cleared_history,Pierson Watson,Cleared,LB,,8.7,0,2026-09-20,Cleared from the injury/status report on 09/20/2026,,,,,,
byu,BYU,cleared_history,Isaiah Glasker,Cleared,LB,,11.3,0,2026-09-11,Cleared from the injury/status report on 09/11/2026,,,,,,
byu,BYU,cleared_history,Faletau Satuala,Cleared,S,,15.3,0,2026-09-07,Cleared from the injury/status report on 09/07/2026,,,,,,
byu,BYU,cleared_history,Sione Moa,Cleared,RB,,11.6,0,2026-08-10,Cleared from the injury/status report on 08/10/2026,,,,,,
byu,BYU,cleared_history,LJ Martin,Cleared,RB,,16,0,2026-08-06,Cleared from the injury/status report on 08/06/2026,,,,,,
cal,California,active,Carter Vargas,O,RB,False,11.6,3,2026-10-08,Official report 2026-10-08: out.,0,,,,,
cal,California,active,Nate Burrell,O,DL,False,12.2,3,2026-10-08,Official report 2026-10-08: out.,0,,,,,
cal,California,active,Kingston Lopa,GTD,DB,False,15.1,0,2026-10-10,"Official report 2026-10-10: game time decision. Previous context: Suffered an Upper-body injury early in the 1st Half of the Week 5 game vs. UNLV, he did not return. Remains questionable for Week 6 vs. Virginia Tech.",0,,,,,
cal,California,active,Kamar Mothudi,GTD,ILB,False,13.4,0,2026-10-10,Official report 2026-10-10: game time decision. Previous context: Injured in-game week five in a loss to UNLV. Remains questionable for Week 6 vs. Virginia Tech.,30,,,,,
cal,California,active,Jaron-Keawe Sagapolutele,O,QB,False,15.2,5,2026-10-10,Update 2026-10-10: He is unavailable for the game covered by this update. The reported issue is: concussion. Previous context: Official report 2026-10-10: game time decision. Previous context: Injured in-game week five in a loss to UNLV. He's in concussion protocol and remains questionable for Week 6 vs. Virginia Tech.,0,,,,,
cal,California,active,Adam Mohammed,O,RB,False,15,4,2026-10-10,Official report 2026-10-10: out. Previous context: Official report 2026-10-09: doubtful. Previous context: Left with a left knee injury vs. Clemson. Remains questionable for Week 6 vs. Virginia Tech.,0,,,,,
cal,California,active,Ben Howard,O,OL,False,11.4,3,2026-10-10,Official report 2026-10-10: out. Previous context: Official report 2026-10-09: doubtful. Previous context: Added to the ACC injury report as questionable for Week 6 vs. Virginia Tech.,0,,,,,
cal,California,cleared_history,Ashun Shepphard,Cleared,DL,,11.2,0,2026-10-10,Cleared from the injury/status report on 10/10/2026,,,,,,
cal,California,cleared_history,Aiden Manutai,Cleared,DB,,13,0,2026-10-10,Cleared from the injury/status report on 10/10/2026,,,,,,
cal,California,cleared_history,Chase Hendricks,Cleared,WR,,13.9,0,2026-10-10,Cleared from the injury/status report on 10/10/2026,,,,,,
cal,California,cleared_history,Nate Burrell,Cleared,DL,,12.2,3,2026-10-08,Cleared from the injury/status report on 10/08/2026,,,,,,
cal,California,cleared_history,Lamar Robinson,Cleared,OL,,11,0,2026-10-08,Cleared from the injury/status report on 10/08/2026,,,,,,
cal,California,cleared_history,Frank Fanua Jr.,Cleared,DL,,9.4,0,2026-10-08,Cleared from the injury/status report on 10/08/2026,,,,,,
cal,California,cleared_history,Carter Vargas,Cleared,RB,,11.6,3,2026-10-08,Cleared from the injury/status report on 10/08/2026,,,,,,
cal,California,cleared_history,Adam Mohammed,Cleared,RB,,14.9,2,2026-09-27,Cleared from the injury/status report on 09/27/2026,,,,,,
cal,California,cleared_history,Rico Walker,Cleared,TE,,9.9,1,2026-09-23,Cleared from the injury/status report on 09/23/2026,,,,,,
cal,California,cleared_history,Cole Boscia,Cleared,WR,,10.3,1,2026-09-23,Cleared from the injury/status report on 09/23/2026,,,,,,
cal,California,cleared_history,Trevor Rogers,Cleared,WR,,9.8,0,2026-09-23,Cleared from the injury/status report on 09/23/2026,,,,,,
cal,California,cleared_history,Kahlee Tafai,Cleared,OL,,9.6,0,2026-09-23,Cleared from the injury/status report on 09/23/2026,,,,,,
cal,California,cleared_history,Justin Beadles,Cleared,OLB,,10.4,0,2026-09-23,Cleared from the injury/status report on 09/23/2026,,,,,,
cal,California,cleared_history,Serigne Tounkara,Cleared,OLB,,10.4,2,2026-09-21,Cleared from the injury/status report on 09/21/2026,,,,,,
cal,California,cleared_history,Dorian Thomas,Cleared,TE,,12.1,1,2026-09-20,Cleared from the injury/status report on 09/20/2026,,,,,,
cal,California,cleared_history,Bastian Swinney,Cleared,OL,,11.7,1,2026-09-09,Cleared from the injury/status report on 09/09/2026,,,,,,
cal,California,cleared_history,Dorian Thomas,Cleared,TE,,12.3,1,2026-09-06,Cleared from the injury/status report on 09/06/2026,,,,,,
cal,California,cleared_history,Carter Vargas,Cleared,RB,,12.1,0,2026-08-26,Cleared from the injury/status report on 08/26/2026,,,,,,
cal,California,cleared_history,Isaiah Crosby,Cleared,DB,,13.6,1,2026-08-26,Cleared from the injury/status report on 08/26/2026,,,,,,
cal,California,cleared_history,Mason Mini,Cleared,TE,,10.5,0,2026-08-10,Cleared from the injury/status report on 08/10/2026,,,,,,
charlotte,Charlotte,active,Curtis Simpson,Q,DL,False,11.6,1,2026-10-03,"Listed questionable for Memphis–Charlotte on the October 3, 2026 American game-day availability report.",0,,,,,
charlotte,Charlotte,active,Kendal Brown,O,DL,False,8.2,2,2026-10-03,"Listed out for Memphis–Charlotte on the October 3, 2026 American game-day availability report.",0,,,,,
charlotte,Charlotte,active,Zayden Laing-Taylor,O,DB,False,7.2,0,2026-10-03,"Listed out for Memphis–Charlotte on the October 3, 2026 American game-day availability report.",0,,,,,
charlotte,Charlotte,active,Devon St. Clair,Q,DB,False,8.6,0,2026-10-03,"Listed questionable for Memphis–Charlotte on the October 3, 2026 American game-day availability report.",6,,,,,
charlotte,Charlotte,active,La'Trell Sellers,O,LB,False,,0,2026-10-03,"Listed out for Memphis–Charlotte on the October 3, 2026 American game-day availability report.",,,,,,
charlotte,Charlotte,active,Colin Bussey,O,DL,False,9,2,2026-10-03,"Listed out for Memphis–Charlotte on the October 3, 2026 American game-day availability report.",0,,,,,
charlotte,Charlotte,active,Mathias Nielsen,O,OL,False,3.3,0,2026-10-03,"Listed out for Memphis–Charlotte on the October 3, 2026 American game-day availability report.",0,,,,,
charlotte,Charlotte,active,Caleb Irving,Q,DL,False,10.9,1,2026-10-10,"Official report 2026-10-10: questionable. Previous context: Listed out for Memphis–Charlotte on the October 3, 2026 American game-day availability report.",18,,,,,
charlotte,Charlotte,active,Ayo Tifase,Q,DL,False,9.9,1,2026-10-10,Official report 2026-10-10: questionable.,0,,,,,
charlotte,Charlotte,active,Kaden Catoe,Q,DB,False,9.9,1,2026-10-10,Official report 2026-10-10: questionable.,6,,,,,
charlotte,Charlotte,active,D'Nas White,O,DL,False,12.1,4,2026-10-10,Official report 2026-10-10: out.,0,,,,,
charlotte,Charlotte,cleared_history,Jeremiah Hoffman,Cleared,WR,,7.7,0,2026-10-10,Cleared from the injury/status report on 10/10/2026,,,,,,
charlotte,Charlotte,cleared_history,Conner Harrell,Cleared,QB,,12,3,2026-10-10,Cleared from the injury/status report on 10/10/2026,,,,,,
charlotte,Charlotte,cleared_history,Conner Harrell,Cleared,QB,,12.5,0,2026-09-15,Cleared from the injury/status report on 09/15/2026,,,,,,
cincinnati,Cincinnati,active,Ty Goodwill,OFS,S,False,14.3,0,2026-08-07,Will miss all of 2026 after an Achilles injury early in camp.,0,,,,,
cincinnati,Cincinnati,active,Flynn Schiele,OFS,WR,False,6.3,0,2026-08-10,Will miss all of 2026 after an injury sustained early in summer camp.,0,,,,,
cincinnati,Cincinnati,active,Aiden Pastoriza,O,OL,False,10.7,3,2026-09-30,Listed 'out' on the initial Big XII report for week four ahead of the K-State game. Remains listed 'out' on report.,0,,,,,
cincinnati,Cincinnati,active,DaMari Witherspoon,O,TE,False,8.8,2,2026-09-30,Listed 'out' on the initial Big XII report for week four ahead of the K-State game. Remains listed 'out' on report.,0,,,,,
cincinnati,Cincinnati,cleared_history,Dino Beslagic,Cleared,P,,7.4,0,2026-10-03,Cleared from the injury/status report on 10/03/2026,,,,,,
cincinnati,Cincinnati,cleared_history,Giyahni Kontosis,Cleared,WR,,11.4,0,2026-10-03,Cleared from the injury/status report on 10/03/2026,,,,,,
cincinnati,Cincinnati,cleared_history,Marqavious Saboor,Cleared,OLB,,12.2,0,2026-10-03,Cleared from the injury/status report on 10/03/2026,,,,,,
cincinnati,Cincinnati,cleared_history,Pierce Ayers,Cleared,WR,,5.3,0,2026-10-01,Cleared from the injury/status report on 10/01/2026,,,,,,
cincinnati,Cincinnati,cleared_history,Filip Maciorowski,Cleared,ILB,,11.9,0,2026-09-27,Cleared from the injury/status report on 09/27/2026,,,,,,
cincinnati,Cincinnati,cleared_history,Simeon Coleman,Cleared,ILB,,13,1,2026-09-14,Cleared from the injury/status report on 09/14/2026,,,,,,
cincinnati,Cincinnati,cleared_history,Cam Roetherford,Cleared,DL,,11.6,0,2026-09-07,Cleared from the injury/status report on 09/07/2026,,,,,,
clemson,Clemson,active,Peyton Streko,OFS,RB,False,5.1,0,2026-09-16,Had surgery on his lower leg that will keep him off the field the entire 2026 season.,0,,,,,
clemson,Clemson,active,Adam Guthrie,OFS,OL,False,10.8,0,2026-09-20,"Torn meniscus in workouts plus a lingering high school injury, ""he's going to be out for a significant amount of time anyway,"" expected to miss the entire 2026 season.",0,,,,,
clemson,Clemson,active,Polo Anderson,OFS,S,False,12.6,0,2026-09-11,Anderson will miss the 2026 season after tearing his ACL during fall camp.,0,,,,,
clemson,Clemson,active,David Eziomume,OFS,RB,False,10.8,3,2026-09-27,"Swinney on Sunday: ""He'll be out for the year. Similar surgery to what Markus Strong had to have.""",0,,,,,
clemson,Clemson,active,Markus Strong,OFS,DT,False,12.2,2,2026-09-08,Out for the season after suffering a lower-leg injury against LSU.,0,,,,,
clemson,Clemson,active,Corian Gipson,OFS,CB,True,11.8,4,2026-10-07,A meniscus injury will end his 2026 season following week five.,37,,,,,
clemson,Clemson,active,Shavar Young Jr.,O,CB,False,10,0,2026-10-01,Undisclosed injury; DNP Week 5 vs. Miami.,0,,,,,
clemson,Clemson,active,Cole Turner,O,WR,,11.3,3,2026-10-01,Said to be 'away from the team' as he deals with a personal matter. No timetable for his return. DNP Week 5 vs. Miami.,0,,,,,
clemson,Clemson,active,Kourtney Kelly,O,DT,False,11.5,0,2026-10-01,Tore his ACL in the spring scrimmage. Swinney said close to returning. DNP Week 5 vs. Miami.,0,,,,,
clemson,Clemson,active,Mason Wade,O,OL,False,10.8,0,2026-10-01,Undisclosed injury; DNP Week 5 vs. Miami.,0,,,,,
clemson,Clemson,active,Jay Haynes,O,RB,,10.7,3,2026-10-02,Undisclosed injury; DNP Week 5 vs. Miami.,0,,,,,
clemson,Clemson,active,Armon Mason,Q,DE,False,9.5,0,2026-10-01,DNP Week 5 vs. Miami.,0,,,,,
clemson,Clemson,active,Elyjah Thurmon,Q,OL,,11.2,1,2026-10-03,"Left knee; couldn't practice; DNP vs. Miami. Swinney: ""hopefully he'll be back 100% for the next one.",0,,,,,
clemson,Clemson,active,Jarvis Green,Q,RB,True,10.9,1,2026-10-03,Injured shoulder in the 4th Quarter in Week 5 vs. Miami. He did not return.,3,,,,,
clemson,Clemson,cleared_history,Elyjah Thurmon,Cleared,OL,,11,0,2026-10-03,Cleared from the injury/status report on 10/03/2026,,,,,,
clemson,Clemson,cleared_history,Devarrick Woods,Cleared,DT,,12.5,3,2026-10-02,Cleared from the injury/status report on 10/02/2026,,,,,,
clemson,Clemson,cleared_history,Joseph Roberto II,Cleared,LB,,4.9,0,2026-10-02,Cleared from the injury/status report on 10/02/2026,,,,,,
clemson,Clemson,cleared_history,Hevin Brown-Shuler,Cleared,DT,,11,0,2026-10-02,Cleared from the injury/status report on 10/02/2026,,,,,,
clemson,Clemson,cleared_history,Jay Haynes,Cleared,RB,,10.7,3,2026-10-02,Cleared from the injury/status report on 10/02/2026,,,,,,
clemson,Clemson,cleared_history,Keil McGriff,Cleared,WR,,5.3,0,2026-10-02,Cleared from the injury/status report on 10/02/2026,,,,,,
clemson,Clemson,cleared_history,Corian Gipson,Cleared,CB,,11.4,3,2026-10-02,Cleared from the injury/status report on 10/02/2026,,,,,,
clemson,Clemson,cleared_history,Christopher Vizzina,Cleared,QB,,10.5,0,2026-09-25,Cleared from the injury/status report on 09/25/2026,,,,,,
clemson,Clemson,cleared_history,Jay Haynes,Cleared,RB,,10.7,1,2026-09-16,Cleared from the injury/status report on 09/16/2026,,,,,,
clemson,Clemson,cleared_history,Collin Sadler,Cleared,OL,,11.4,1,2026-09-11,Cleared from the injury/status report on 09/11/2026,,,,,,
clemson,Clemson,cleared_history,Vic Burley,Cleared,DT,,12.7,3,2026-09-08,Cleared from the injury/status report on 09/08/2026,,,,,,
clemson,Clemson,cleared_history,T.J. Moore,Cleared,WR,,13.8,0,2026-09-06,Cleared from the injury/status report on 09/06/2026,,,,,,
cmu,Central Michigan,active,Tommy McIntosh,OFS,WR,False,11.6,0,2026-06-23,Will miss the full 2026 season with an undisclosed injury. Was projected to be a top contributor.,0,,,,,
cmu,Central Michigan,active,Joey VanWetzinga,OFS,DL,False,11.1,2,2026-09-04,Will miss the full 2026 season with an undisclosed injury.,0,,,,,
cmu,Central Michigan,active,Hunter Zirkle,O,DL,False,11.1,3,2026-09-26,,0,,,,,
cmu,Central Michigan,cleared_history,Victor Earl,Cleared,LB,,10.2,3,2026-10-10,Cleared from the injury/status report on 10/10/2026,,,,,,
cmu,Central Michigan,cleared_history,Trey Liebhardt,Cleared,DB,,6.5,0,2026-10-10,Cleared from the injury/status report on 10/10/2026,,,,,,
cmu,Central Michigan,cleared_history,Josiah Booker,Cleared,DB,,8.6,2,2026-10-10,Cleared from the injury/status report on 10/10/2026,,,,,,
cmu,Central Michigan,cleared_history,Rusty VanWetzinga IV,Cleared,FB,,6.3,0,2026-10-10,Cleared from the injury/status report on 10/10/2026,,,,,,
cmu,Central Michigan,cleared_history,Jaion Jackson,Cleared,DB,,11.8,0,2026-10-04,Cleared from the injury/status report on 10/04/2026,,,,,,
cmu,Central Michigan,cleared_history,Vaughn Blue,Cleared,RB,,12,1,2026-10-04,Cleared from the injury/status report on 10/04/2026,,,,,,
cmu,Central Michigan,cleared_history,Evan Walker,Cleared,DL,,7.7,0,2026-09-26,Cleared from the injury/status report on 09/26/2026,,,,,,
cmu,Central Michigan,cleared_history,Talon Smith,Cleared,OL,,7.6,0,2026-09-26,Cleared from the injury/status report on 09/26/2026,,,,,,
cmu,Central Michigan,cleared_history,Jaden Allen,Cleared,TE,,8.4,2,2026-09-26,Cleared from the injury/status report on 09/26/2026,,,,,,
cmu,Central Michigan,cleared_history,Dasan Smith,Cleared,OL,,10.1,3,2026-09-26,Cleared from the injury/status report on 09/26/2026,,,,,,
cmu,Central Michigan,cleared_history,Zac Chapeau,Cleared,P/PK,,6.7,0,2026-09-26,Cleared from the injury/status report on 09/26/2026,,,,,,
cmu,Central Michigan,cleared_history,Dominique Maiava,Cleared,DL,,5.6,0,2026-09-26,Cleared from the injury/status report on 09/26/2026,,,,,,
cmu,Central Michigan,cleared_history,Donovan Brown,Cleared,LB,,7.9,0,2026-09-26,Cleared from the injury/status report on 09/26/2026,,,,,,
cmu,Central Michigan,cleared_history,David Williams,Cleared,DB,,8.4,0,2026-09-26,Cleared from the injury/status report on 09/26/2026,,,,,,
cmu,Central Michigan,cleared_history,Trey Liebhardt,Cleared,DB,,6.5,0,2026-09-26,Cleared from the injury/status report on 09/26/2026,,,,,,
cmu,Central Michigan,cleared_history,Josiah Booker,Cleared,DB,,8.6,2,2026-09-26,Cleared from the injury/status report on 09/26/2026,,,,,,
cmu,Central Michigan,cleared_history,Rusty VanWetzinga IV,Cleared,FB,,6.3,0,2026-09-26,Cleared from the injury/status report on 09/26/2026,,,,,,
cmu,Central Michigan,cleared_history,Jaion Jackson,Cleared,DB,,11.7,1,2026-09-20,Cleared from the injury/status report on 09/20/2026,,,,,,
cmu,Central Michigan,cleared_history,Talon Smith,Cleared,LB,,9.1,2,2026-09-19,Cleared from the injury/status report on 09/19/2026,,,,,,
cmu,Central Michigan,cleared_history,Victor Earl,Cleared,LB,,10.2,3,2026-09-19,Cleared from the injury/status report on 09/19/2026,,,,,,
cmu,Central Michigan,cleared_history,Jaion Jackson,Cleared,DB,,11.4,3,2026-09-16,Cleared from the injury/status report on 09/16/2026,,,,,,
coastal,Coastal Carolina,active,Gavin McLaughlin,OFS,OL,False,8.8,2,2026-10-01,"Rolled up on from behind, carted off, early fourth quarter vs. Delaware. DNP vs. Liberty and updated to be 'out for the season' on the week five report.",0,,,,,
coastal,Coastal Carolina,active,Reggie Jean,O,DT,False,10.3,3,2026-10-10,Official report 2026-10-10: out. Game 2026-10-10. Previous context: Added to the Sun Belt injury report as questionable for Week 6 vs. Marshall.,0,,,,,
coastal,Coastal Carolina,active,Colton Hinton,GTD,WR,False,11.7,0,2026-10-10,Official report 2026-10-10: game time decision. Game 2026-10-10. Previous context: DNP Week 5 vs. GA Southern. Remains questionable for Week 6 vs. Marshall.,1,,,,,
coastal,Coastal Carolina,active,"Damill Bostic, Jr.",O,CB,False,5,3,2026-10-07,Injured in the 2nd half of Week 5 vs. GA Southern. Downgraded to out for Week 6 vs. Marshall.,0,,,,,
coastal,Coastal Carolina,active,Gabe White,O,CB,False,4.9,4,2026-10-10,Official report 2026-10-10: out. Game 2026-10-10. Previous context: Added to the Sun Belt injury report as questionable for Week 6 vs. Marshall.,0,,,,,
coastal,Coastal Carolina,cleared_history,Ahmad Poole,Cleared,DT,,10.5,1,2026-10-10,Cleared from the injury/status report on 10/10/2026,,,,,,
coastal,Coastal Carolina,cleared_history,Krosse Johnson,Cleared,WR,,10.2,3,2026-10-08,Cleared from the injury/status report on 10/08/2026,,,,,,
coastal,Coastal Carolina,cleared_history,King White,Cleared,CB,,8,0,2026-10-03,Cleared from the injury/status report on 10/03/2026,,,,,,
coastal,Coastal Carolina,cleared_history,Mason Barton,Cleared,OL,,9.3,1,2026-10-03,Cleared from the injury/status report on 10/03/2026,,,,,,
coastal,Coastal Carolina,cleared_history,Mitch Weisenborn,Cleared,LS,,13.3,,2026-10-03,Cleared from the injury/status report on 10/03/2026,,,,,,
coastal,Coastal Carolina,cleared_history,Chandavian Bradley,Cleared,DE,,11.9,1,2026-10-03,Cleared from the injury/status report on 10/03/2026,,,,,,
coastal,Coastal Carolina,cleared_history,Zach Courtney,Cleared,TE,,10,1,2026-10-03,Cleared from the injury/status report on 10/03/2026,,,,,,
coastal,Coastal Carolina,cleared_history,Jalen Lee,Cleared,S,,12.6,1,2026-09-20,Cleared from the injury/status report on 09/20/2026,,,,,,
coastal,Coastal Carolina,cleared_history,Nolan Korzeniowski,Cleared,DT,,10.8,,2026-09-16,Cleared from the injury/status report on 09/16/2026,,,,,,
colorado,Colorado,active,Danny Scudero,O,WR,False,13.8,4,2026-10-02,Shows back up on the injury report week three and has not played since. Remains out.,0,,,,,
colorado,Colorado,active,Preston Ashley,O,CB,False,12.3,3,2026-10-02,DNP week three and moving to 'out' moving forward until we see something different on a report.,0,,,,,
colorado,Colorado,active,Demetrius Hunter,O,OL,False,12,3,2026-10-02,Coach Prime mentioned as getting close to being healthy but DNP week four and remains listed 'out' on the week five initial report.,0,,,,,
colorado,Colorado,active,Makari Vickers,Q,DB,False,11.1,1,2026-10-03,Downgraded from doubtful to out on the Friday Week 5 injury report. Leaving 'questionable' with a bye week before returning week seven against Utah.,0,,,,,
colorado,Colorado,active,Braylon Edwards,Q,DB,False,10.2,1,2026-10-03,Downgraded from doubtful to out on the Friday Week 5 injury report. Leaving 'questionable' with a bye week before returning week seven against Utah.,0,,,,,
colorado,Colorado,active,Zach Atkins,Q,TE,False,10.6,1,2026-10-03,Downgraded from doubtful to out on the Friday Week 5 injury report. Leaving 'questionable' with a bye week before returning week seven against Utah.,0,,,,,
colorado,Colorado,active,Lamont Lester Jr.,Q,DL,False,15.6,1,2026-10-03,Listed 'doubtful' on week five injury report. Downgraded to 'out' on update. Leaving 'questionable' with a bye week before returning to action week seven against Utah.,0,,,,,
colorado,Colorado,active,Jason Stokes Jr.,Q,DB,True,13.5,1,2026-10-03,Ruled out late prior to kickoff of week five. Tracking for updates and leaving as questionable until we hear more.,0,,,,,
colorado,Colorado,active,Tyler Martinez,Q,LB,True,12.2,1,2026-10-03,Missed the week five game against Texas Tech. Tracking for long-term impacts.,0,,,,,
colorado,Colorado,cleared_history,Charlie Williams,Cleared,TE,,8.4,0,2026-10-04,Cleared from the injury/status report on 10/04/2026,,,,,,
colorado,Colorado,cleared_history,Yamil Talib,Cleared,DE,,13.3,0,2026-10-03,Cleared from the injury/status report on 10/03/2026,,,,,,
colorado,Colorado,cleared_history,Santana Hopper,Cleared,DL,,14.8,0,2026-10-03,Cleared from the injury/status report on 10/03/2026,,,,,,
colorado,Colorado,cleared_history,Samu Taumanupepe,Cleared,DL,,12.5,0,2026-10-03,Cleared from the injury/status report on 10/03/2026,,,,,,
colorado,Colorado,cleared_history,Leon Bell,Cleared,OL,,12.2,0,2026-10-03,Cleared from the injury/status report on 10/03/2026,,,,,,
colorado,Colorado,cleared_history,Vili Taufatofua,Cleared,DL,,13.3,0,2026-10-03,Cleared from the injury/status report on 10/03/2026,,,,,,
colorado,Colorado,cleared_history,Damian Henderson II,Cleared,RB,,13.2,0,2026-10-03,Cleared from the injury/status report on 10/03/2026,,,,,,
colorado,Colorado,cleared_history,Quentin Gibson,Cleared,WR,,11.4,0,2026-10-03,Cleared from the injury/status report on 10/03/2026,,,,,,
colorado,Colorado,cleared_history,DeAndre Moore Jr.,Cleared,WR,,13.4,0,2026-10-03,Cleared from the injury/status report on 10/03/2026,,,,,,
colorado,Colorado,cleared_history,Colby Johnson,Cleared,LB,,9,2,2026-10-01,Cleared from the injury/status report on 10/01/2026,,,,,,
colorado,Colorado,cleared_history,Braedon Brenner,Cleared,WR,,5.3,0,2026-09-27,Cleared from the injury/status report on 09/27/2026,,,,,,
colorado,Colorado,cleared_history,Xavier Payne,Cleared,OL,,12.3,1,2026-09-27,Cleared from the injury/status report on 09/27/2026,,,,,,
colorado,Colorado,cleared_history,Fisher Clements,Cleared,TE,,4.8,0,2026-09-26,Cleared from the injury/status report on 09/26/2026,,,,,,
colorado,Colorado,cleared_history,Zach Atkins,Cleared,TE,,10.8,0,2026-09-26,Cleared from the injury/status report on 09/26/2026,,,,,,
colorado,Colorado,cleared_history,Leon Bell,Cleared,OL,,12.3,0,2026-09-26,Cleared from the injury/status report on 09/26/2026,,,,,,
colorado,Colorado,cleared_history,Bo LaPenna,Cleared,LB,,11.5,0,2026-09-26,Cleared from the injury/status report on 09/26/2026,,,,,,
colorado,Colorado,cleared_history,Chauncey Gooden,Cleared,OL,,13.5,0,2026-09-26,Cleared from the injury/status report on 09/26/2026,,,,,,
colorado,Colorado,cleared_history,Daniel Gerlach,Cleared,P,,7.7,0,2026-09-26,Cleared from the injury/status report on 09/26/2026,,,,,,
colorado,Colorado,cleared_history,Damian Henderson II,Cleared,RB,,13.1,3,2026-09-26,Cleared from the injury/status report on 09/26/2026,,,,,,
colorado,Colorado,cleared_history,JaQuail Smith,Cleared,RB,,12.1,0,2026-09-26,Cleared from the injury/status report on 09/26/2026,,,,,,
colorado,Colorado,cleared_history,Cree Thomas,Cleared,DB,,11.8,0,2026-09-25,Cleared from the injury/status report on 09/25/2026,,,,,,
colorado,Colorado,cleared_history,Emory Floyd,Cleared,DB,,13.1,4,2026-09-24,Cleared from the injury/status report on 09/24/2026,,,,,,
colorado,Colorado,cleared_history,Domata Peko Jr.,Cleared,DE,,9.9,3,2026-09-24,Cleared from the injury/status report on 09/24/2026,,,,,,
colorado,Colorado,cleared_history,Hykeem Williams,Cleared,WR,,12.2,1,2026-09-24,Cleared from the injury/status report on 09/24/2026,,,,,,
colorado,Colorado,cleared_history,Yamil Talib,Cleared,DE,,13.7,1,2026-09-20,Cleared from the injury/status report on 09/20/2026,,,,,,
colorado,Colorado,cleared_history,Demetrius Hunter,Cleared,OL,,12,1,2026-09-14,Cleared from the injury/status report on 09/14/2026,,,,,,
colorado,Colorado,cleared_history,Danny Scudero,Cleared,WR,,13.8,1,2026-09-14,Cleared from the injury/status report on 09/14/2026,,,,,,
colorado,Colorado,cleared_history,Zach Atkins,Cleared,TE,,10.7,1,2026-09-14,Cleared from the injury/status report on 09/14/2026,,,,,,
colorado,Colorado,cleared_history,Ben Finneseth,Cleared,DB,,12.9,0,2026-09-14,Cleared from the injury/status report on 09/14/2026,,,,,,
colorado,Colorado,cleared_history,Danny Scudero,Cleared,WR,,14.2,0,2026-09-04,Cleared from the injury/status report on 09/04/2026,,,,,,
colorado,Colorado,cleared_history,JaQuail Smith,Cleared,RB,,11.5,0,2026-08-10,Cleared from the injury/status report on 08/10/2026,,,,,,
colorado,Colorado,cleared_history,Hykeem Williams,Cleared,WR,,12.1,0,2026-08-10,Cleared from the injury/status report on 08/10/2026,,,,,,
colorado,Colorado,cleared_history,Joseph Williams,Cleared,WR,,13.4,0,2026-08-10,Cleared from the injury/status report on 08/10/2026,,,,,,
colorado,Colorado,cleared_history,DeAndre Moore Jr.,Cleared,WR,,13.4,0,2026-08-10,Cleared from the injury/status report on 08/10/2026,,,,,,
colorado-state,Colorado State,active,Jayden Cortell,O,NK,False,4.2,0,2026-10-02,Added as 'quesetionable' for week five on the initial report ahead of Oregon State. Downgraded to 'out' on update.,0,,,,,
colorado-state,Colorado State,active,Kallen Martinez,O,S,False,8.9,0,2026-10-02,Added as 'quesetionable' for week five on the initial report ahead of Oregon State. Downgraded to 'out' on update.,0,,,,,
colorado-state,Colorado State,active,Elijah Mc-Cantos,O,S,False,11.3,3,2026-10-02,Added as 'doubtful' for week five on the initial report ahead of Oregon State. Downgraded to 'out' on update.,0,,,,,
colorado-state,Colorado State,active,Grant Houser,O,TE,False,8,0,2026-10-02,Added as 'doubtful' for week five on the initial report ahead of Oregon State. Downgraded to 'out' on update.,0,,,,,
colorado-state,Colorado State,active,Jayden Tuia,O,OL,False,8.5,2,2026-10-02,Added as 'doubtful' for week five on the initial report ahead of Oregon State. Downgraded to 'out' on update.,0,,,,,
colorado-state,Colorado State,active,Troy Foster,O,WR,False,9.1,2,2026-10-02,Added as 'doubtful' for week five on the initial report ahead of Oregon State. Downgraded to 'out' on update.,0,,,,,
colorado-state,Colorado State,active,Aj Noland,O,S,False,10.4,3,2026-09-30,Listed 'out' on the initial week five availability report ahead of the Oregon State game.,0,,,,,
colorado-state,Colorado State,active,Dagan Myers,O,S,False,10,2,2026-09-30,Listed 'out' on the initial week five availability report ahead of the Oregon State game.,0,,,,,
colorado-state,Colorado State,active,Payton Stewart,O,OL,False,9.4,3,2026-09-30,Listed 'out' on the initial week five availability report ahead of the Oregon State game.,0,,,,,
colorado-state,Colorado State,active,Ace Brown,O,LB,False,8.4,0,2026-10-02,Added to the Friday updated report as 'out' ahead of week five against Oregon State. Not an impact to rotation.,0,,,,,
colorado-state,Colorado State,active,Diego Rodriguez,O,OL,False,9.3,2,2026-10-02,Added to the Friday updated report as 'out' ahead of week five against Oregon State.,0,,,,,
colorado-state,Colorado State,active,Diego Rodriguez,O,OL,False,9.3,2,2026-10-03,Added as 'out' on the game day report. Starting offensive lineman.,0,,,,,
colorado-state,Colorado State,active,Hauss Hejny,Q,QB,False,13.9,1,2026-10-07,Limped off the field in the first quarter of week three and did not return. Ruled out week four and five. Working on the side in bye week practices and should now be considered questionable to return when the team does week seven.,0,,,,,
colorado-state,Colorado State,active,Mel Brown,Q,RB,True,12.8,1,2026-10-07,"Re-injured in-game week five. Was taken to the hospital at half time. However, word is that he's back at practice and may be on track to not miss any time.",3,,,,,
colorado-state,Colorado State,cleared_history,Oliver Lundberg,Cleared,RB,,9.4,0,2026-10-03,Cleared from the injury/status report on 10/03/2026,,,,,,
colorado-state,Colorado State,cleared_history,Mel Brown,Cleared,RB,,12.6,0,2026-10-03,Cleared from the injury/status report on 10/03/2026,,,,,,
colorado-state,Colorado State,cleared_history,Jordan Lessard,Cleared,CB,,9.5,0,2026-10-03,Cleared from the injury/status report on 10/03/2026,,,,,,
colorado-state,Colorado State,cleared_history,Dylan Phelps,Cleared,S,,11.8,0,2026-10-03,Cleared from the injury/status report on 10/03/2026,,,,,,
colorado-state,Colorado State,cleared_history,Brandon Kelley,Cleared,DL,,10.4,0,2026-10-03,Cleared from the injury/status report on 10/03/2026,,,,,,
colorado-state,Colorado State,cleared_history,Zach Smith,Cleared,OL,,9.7,0,2026-10-03,Cleared from the injury/status report on 10/03/2026,,,,,,
colorado-state,Colorado State,cleared_history,Uluaki Tatafu,Cleared,OL,,8.8,0,2026-10-03,Cleared from the injury/status report on 10/03/2026,,,,,,
colorado-state,Colorado State,cleared_history,Trey Vincent,Cleared,S,,4.4,0,2026-10-03,Cleared from the injury/status report on 10/03/2026,,,,,,
colorado-state,Colorado State,cleared_history,Toriyan Johnson,Cleared,OL,,9.5,0,2026-10-03,Cleared from the injury/status report on 10/03/2026,,,,,,
colorado-state,Colorado State,cleared_history,Thomas Cook Jr.,Cleared,CB,,8.6,0,2026-10-03,Cleared from the injury/status report on 10/03/2026,,,,,,
colorado-state,Colorado State,cleared_history,Pearce Spurlin III,Cleared,TE,,11.6,0,2026-10-03,Cleared from the injury/status report on 10/03/2026,,,,,,
colorado-state,Colorado State,cleared_history,Oumar Diomande,Cleared,LB,,11.7,0,2026-10-03,Cleared from the injury/status report on 10/03/2026,,,,,,
colorado-state,Colorado State,cleared_history,Alton Tarber IV,Cleared,DL,,9,0,2026-10-03,Cleared from the injury/status report on 10/03/2026,,,,,,
colorado-state,Colorado State,cleared_history,K'saan Farrar,Cleared,QB,,11.8,3,2026-09-27,Cleared from the injury/status report on 09/27/2026,,,,,,
colorado-state,Colorado State,cleared_history,Tommy Maher,Cleared,WR,,9.9,3,2026-09-20,Cleared from the injury/status report on 09/20/2026,,,,,,
colorado-state,Colorado State,cleared_history,Pearce Spurlin III,Cleared,TE,,11.9,1,2026-09-16,Cleared from the injury/status report on 09/16/2026,,,,,,
colorado-state,Colorado State,cleared_history,Jackson Harper,Cleared,WR,,9.7,0,2026-08-10,Cleared from the injury/status report on 08/10/2026,,,,,,
colorado-state,Colorado State,cleared_history,Durell Robinson,Cleared,RB,,13.2,0,2026-08-06,Cleared from the injury/status report on 08/06/2026,,,,,,
delaware,Delaware,active,Nick Minicucci,D,QB,,12,2,2026-10-02,Injured his leg in-game week four against UVA and did not return. Listed 'out' on game day report. Hoping to get him back after week six bye.,0,,,,,
delaware,Delaware,active,Greg Spiller,O,RB,,9.4,2,2026-10-02,Listed 'out' week five on the game day report. Leaving there until we get a report ahead of week seven after the bye.,0,,,,,
delaware,Delaware,active,Noah Frazier,O,DT,,9,0,2026-10-02,Listed 'out' week five on the game day report. Leaving there until we get a report ahead of week seven after the bye.,0,,,,,
delaware,Delaware,cleared_history,Gavin Moul,Cleared,LB,,11.9,2,2026-10-03,Cleared from the injury/status report on 10/03/2026,,,,,,
delaware,Delaware,cleared_history,Ty Salazer,Cleared,WR,,4.6,0,2026-10-03,Cleared from the injury/status report on 10/03/2026,,,,,,
delaware,Delaware,cleared_history,Nick Minicucci,Cleared,QB,,12,1,2026-09-20,Cleared from the injury/status report on 09/20/2026,,,,,,
duke,Duke,active,Roman Fina,OFS,OL,,8.9,0,2026-09-09,Backup offensive tackle ruled out for the 2026 season. No diagnosis released.,0,,,,,
duke,Duke,active,Jamien Little,O,WR,False,9.6,3,2026-10-07,Added to the ACC injury report as out ahead of Week 6 vs. Georgia Tech.,0,,,,,
duke,Duke,active,Blake Rohrer,O,WR,False,6.2,2,2026-10-07,Added to the ACC injury report as out ahead of Week 6 vs. Georgia Tech.,0,,,,,
duke,Duke,active,Lawrence Gardner,O,QB,,4.9,0,2026-10-07,Undisclosed injury. DNP vs William & Mary. Remains out for Week 6 vs. Georgia Tech.,0,,,,,
duke,Duke,active,Qeanu Johnson,O,WR,,9.3,0,2026-10-07,Undisclosed injury. DNP vs William & Mary. Remains out for Week 6 vs. Georgia Tech.,0,,,,,
duke,Duke,active,Elliott Schaper,O,LB,False,11.6,3,2026-10-07,Added to the ACC injury report as out ahead of Week 6 vs. Georgia Tech.,0,,,,,
duke,Duke,active,Kai Jacobowitz,O,OL,,8.8,0,2026-10-07,Undisclosed injury. DNP vs William & Mary. Remains out for Week 6 vs. Georgia Tech.,0,,,,,
duke,Duke,active,Reagan McCranie,O,OL,,8.6,0,2026-10-07,Undisclosed injury. DNP vs William & Mary. Remains out for Week 6 vs. Georgia Tech.,0,,,,,
duke,Duke,active,Cosme Salas,O,K,False,9.9,3,2026-10-10,Official report 2026-10-10: out. Previous context: Official report 2026-10-08: questionable.,2,,,,,
duke,Duke,cleared_history,Sean Stover,Cleared,OL,,10.6,0,2026-10-10,Cleared from the injury/status report on 10/10/2026,,,,,,
duke,Duke,cleared_history,Javen Nicholas,Cleared,WR,,13.3,0,2026-10-10,Cleared from the injury/status report on 10/10/2026,,,,,,
duke,Duke,cleared_history,Kimari Robinson,Cleared,CB,,12.6,0,2026-10-10,Cleared from the injury/status report on 10/10/2026,,,,,,
duke,Duke,cleared_history,Landan Callahan,Cleared,CB,,11.6,0,2026-10-10,Cleared from the injury/status report on 10/10/2026,,,,,,
duke,Duke,cleared_history,Brady Winter,Cleared,S,,5.5,0,2026-09-27,Cleared from the injury/status report on 09/27/2026,,,,,,
duke,Duke,cleared_history,Javen Nicholas,Cleared,WR,,13.3,0,2026-09-20,Cleared from the injury/status report on 09/20/2026,,,,,,
duke,Duke,cleared_history,Micah Sahakian,Cleared,OL,,12.7,0,2026-09-20,Cleared from the injury/status report on 09/20/2026,,,,,,
duke,Duke,cleared_history,DaShawn Stone,Cleared,S,,11,1,2026-09-20,Cleared from the injury/status report on 09/20/2026,,,,,,
duke,Duke,cleared_history,Terry Walker III,Cleared,QB,,9.6,0,2026-09-16,Cleared from the injury/status report on 09/16/2026,,,,,,
duke,Duke,cleared_history,Elliott Schaper,Cleared,LB,,10.4,0,2026-09-06,Cleared from the injury/status report on 09/06/2026,,,,,,
duke,Duke,cleared_history,Kobe Smith,Cleared,DE,,11.3,0,2026-09-06,Cleared from the injury/status report on 09/06/2026,,,,,,
duke,Duke,cleared_history,Bryce Davis,Cleared,DE,,13,0,2026-09-06,Cleared from the injury/status report on 09/06/2026,,,,,,
duke,Duke,cleared_history,Walker Eget,Cleared,QB,,13.1,0,2026-09-06,Cleared from the injury/status report on 09/06/2026,,,,,,
ecu,East Carolina,active,Brock Spalding,O,WR,,12.3,3,2026-09-17,Missed week on with a back issue and did not play week two. Could remain out until conference play starts up.,0,,,,,
ecu,East Carolina,active,Jaylen Bowden,O,DB,,12.2,2,2026-09-08,Suffered a broken ankle against Alabama week one and will miss at least six weks.,0,,,,,
ecu,East Carolina,active,Dillon Lorick,O,WR,False,10,3,2026-10-10,Official report 2026-10-10: out.,0,,,,,
ecu,East Carolina,active,Jurnee Lattimore,O,DB,False,7.2,2,2026-10-10,Official report 2026-10-10: out.,0,,,,,
ecu,East Carolina,active,Tavius Horne Jr.,O,DB,False,9.1,3,2026-10-10,Official report 2026-10-10: out.,0,,,,,
ecu,East Carolina,active,Landon Lewis,O,LB,False,6.8,2,2026-10-10,Official report 2026-10-10: out.,0,,,,,
ecu,East Carolina,active,Javon Williams,O,DL,False,10.8,3,2026-10-10,Official report 2026-10-10: out.,0,,,,,
ecu,East Carolina,cleared_history,Hayes Creel,Cleared,OL,,10.6,1,2026-10-11,Cleared from the injury/status report on 10/11/2026,,,,,,
ecu,East Carolina,cleared_history,Josh Benton,Cleared,DB,,9.9,0,2026-10-10,Cleared from the injury/status report on 10/10/2026,,,,,,
ecu,East Carolina,cleared_history,Jeremiah Melvin,Cleared,WR,,12.2,4,2026-10-10,Cleared from the injury/status report on 10/10/2026,,,,,,
ecu,East Carolina,cleared_history,Landon Sides,Cleared,WR,,11,0,2026-10-10,Cleared from the injury/status report on 10/10/2026,,,,,,
ecu,East Carolina,cleared_history,Ashton Gray,Cleared,RB,,13.2,1,2026-10-10,Cleared from the injury/status report on 10/10/2026,,,,,,
ecu,East Carolina,cleared_history,Brandon Best,Cleared,OL,,11.7,1,2026-09-20,Cleared from the injury/status report on 09/20/2026,,,,,,
ecu,East Carolina,cleared_history,Landon Sides,Cleared,WR,,11,0,2026-09-12,Cleared from the injury/status report on 09/12/2026,,,,,,
ecu,East Carolina,cleared_history,Ja'Keith Hamilton,Cleared,WR,,11,0,2026-09-10,Cleared from the injury/status report on 09/10/2026,,,,,,
ecu,East Carolina,cleared_history,Meliq McGowan,Cleared,RB,,8.9,0,2026-09-10,Cleared from the injury/status report on 09/10/2026,,,,,,
ecu,East Carolina,cleared_history,Kyler Pearson,Cleared,WR,,7.1,0,2026-09-10,Cleared from the injury/status report on 09/10/2026,,,,,,
ecu,East Carolina,cleared_history,Ray Joseph Jr.,Cleared,WR,,12,0,2026-09-10,Cleared from the injury/status report on 09/10/2026,,,,,,
ecu,East Carolina,cleared_history,Michael Allen,Cleared,RB,,12.8,2,2026-09-07,Cleared from the injury/status report on 09/07/2026,,,,,,
ecu,East Carolina,cleared_history,Kanen Hamlett,Cleared,TE,,9.1,0,2026-08-09,Cleared from the injury/status report on 08/09/2026,,,,,,
ecu,East Carolina,cleared_history,DeJuan Lacy,Cleared,RB,,7.3,0,2026-08-09,Cleared from the injury/status report on 08/09/2026,,,,,,
emu,Eastern Michigan,active,Barry Manning,O,LB,False,11,2,2026-09-12,On MAC injury report for week 2 as 'out'.,0,,,,,
emu,Eastern Michigan,active,Jaivian Norman,O,DB,False,11.2,2,2026-09-12,On MAC injury report for week 2 as 'out'.,0,,,,,
emu,Eastern Michigan,active,Cole Dellinger,O,OL,False,11,2,2026-09-13,Carted off the field week one and on the MAC injury report for week 2 as 'out'. He may be missing for a while.,0,,,,,
emu,Eastern Michigan,active,Caleb Coley,Q,DB,False,11.9,1,2026-10-10,Official report 2026-10-10: questionable. Previous context: Listed 'out' for week 3 with an undisclosed injury. Leaving with that designation until we get next week update,0,,,,,
emu,Eastern Michigan,active,Richardo Wourman,O,OL,False,9.6,2,2026-09-19,Listed 'out' for week 3 with an undisclosed injury. Leaving with that designation until we get next week update,0,,,,,
emu,Eastern Michigan,active,Nily Taylor,O,OL,False,8.8,0,2026-09-19,Listed 'out' for week 3 with an undisclosed injury. Leaving with that designation until we get next week update,0,,,,,
emu,Eastern Michigan,active,Nick Devereaux,O,WR,False,11.3,2,2026-09-22,Will miss multiple weeks with an injury sustained in-game week three.,0,,,,,
emu,Eastern Michigan,active,Joshua Anderson,O,OL,False,10.3,3,2026-10-03,"Listed out on the October 3, 2026 MAC game-day availability report.",0,,,,,
emu,Eastern Michigan,active,Makhi Gilbert,Q,DL,False,10.9,1,2026-10-10,Official report 2026-10-10: questionable.,14,,,,,
emu,Eastern Michigan,active,Zach Mowchan,Q,LB,False,11.4,1,2026-10-10,Official report 2026-10-10: questionable.,11,,,,,
emu,Eastern Michigan,active,Amareon Blue,Q,RB,False,12.3,1,2026-10-10,Official report 2026-10-10: questionable.,1,,,,,
emu,Eastern Michigan,active,Guzzy Kayed,Q,OL,False,10.3,1,2026-10-10,Official report 2026-10-10: questionable.,86,,,,,
emu,Eastern Michigan,active,Tyler Brumfield,Q,OL,False,10.2,1,2026-10-10,Official report 2026-10-10: questionable.,86,,,,,
emu,Eastern Michigan,active,Carter Miculka,Q,OL,False,8.2,0,2026-10-10,Official report 2026-10-10: questionable.,0,,,,,
emu,Eastern Michigan,active,Elijha Payne,O,OL,False,10,3,2026-10-10,Official report 2026-10-10: out.,0,,,,,
emu,Eastern Michigan,cleared_history,Jason Marshall,Cleared,DB,,11.9,3,2026-10-10,Cleared from the injury/status report on 10/10/2026,,,,,,
emu,Eastern Michigan,cleared_history,Samuel Adjin,Cleared,OL,,7.2,2,2026-10-10,Cleared from the injury/status report on 10/10/2026,,,,,,
emu,Eastern Michigan,cleared_history,Elijha Payne,Cleared,OL,,10,1,2026-10-04,Cleared from the injury/status report on 10/04/2026,,,,,,
emu,Eastern Michigan,cleared_history,Noah Patterson,Cleared,DL,,11.5,3,2026-10-04,Cleared from the injury/status report on 10/04/2026,,,,,,
emu,Eastern Michigan,cleared_history,Harold Mack,Cleared,WR,,12.4,1,2026-10-04,Cleared from the injury/status report on 10/04/2026,,,,,,
emu,Eastern Michigan,cleared_history,Kozy Isaac,Cleared,WR,,9.5,2,2026-10-04,Cleared from the injury/status report on 10/04/2026,,,,,,
emu,Eastern Michigan,cleared_history,Amareon Blue,Cleared,RB,,11,1,2026-09-16,Cleared from the injury/status report on 09/16/2026,,,,,,
emu,Eastern Michigan,cleared_history,Hector Gonzalez,Cleared,DL,,10.6,1,2026-09-16,Cleared from the injury/status report on 09/16/2026,,,,,,
emu,Eastern Michigan,cleared_history,Kadin Bailey,Cleared,LB,,11.7,0,2026-09-12,Cleared from the injury/status report on 09/12/2026,,,,,,
emu,Eastern Michigan,cleared_history,Jahbarri Frost,Cleared,DL,,9,0,2026-09-12,Cleared from the injury/status report on 09/12/2026,,,,,,
emu,Eastern Michigan,cleared_history,Hector Gonzalez,Cleared,DL,,10.7,1,2026-09-12,Cleared from the injury/status report on 09/12/2026,,,,,,
emu,Eastern Michigan,cleared_history,Cj Miller,Cleared,WR,,8.4,0,2026-09-12,Cleared from the injury/status report on 09/12/2026,,,,,,
emu,Eastern Michigan,cleared_history,Jefferson Adam,Cleared,DL,,12.1,0,2026-09-12,Cleared from the injury/status report on 09/12/2026,,,,,,
emu,Eastern Michigan,cleared_history,Bacori Minner,Cleared,WR,,8.4,0,2026-09-12,Cleared from the injury/status report on 09/12/2026,,,,,,
emu,Eastern Michigan,cleared_history,Nate Lyman,Cleared,WR,,7.7,0,2026-09-12,Cleared from the injury/status report on 09/12/2026,,,,,,
emu,Eastern Michigan,cleared_history,Shawn Fishwick,Cleared,WR,,9.5,2,2026-09-12,Cleared from the injury/status report on 09/12/2026,,,,,,
emu,Eastern Michigan,cleared_history,Jackson Higgins,Cleared,OL,,5.3,0,2026-09-12,Cleared from the injury/status report on 09/12/2026,,,,,,
emu,Eastern Michigan,cleared_history,Carter Miculka,Cleared,OL,,8.2,0,2026-09-12,Cleared from the injury/status report on 09/12/2026,,,,,,
emu,Eastern Michigan,cleared_history,Cj McCoy,Cleared,DL,,9,2,2026-09-12,Cleared from the injury/status report on 09/12/2026,,,,,,
emu,Eastern Michigan,cleared_history,Kevin Wojciechowski,Cleared,OL,,8.1,2,2026-09-12,Cleared from the injury/status report on 09/12/2026,,,,,,
emu,Eastern Michigan,cleared_history,Brady Shelton,Cleared,TE,,8.2,0,2026-09-12,Cleared from the injury/status report on 09/12/2026,,,,,,
emu,Eastern Michigan,cleared_history,Adon Turner,Cleared,TE,,6.3,0,2026-09-12,Cleared from the injury/status report on 09/12/2026,,,,,,
emu,Eastern Michigan,cleared_history,Payton Kokaly,Cleared,TE,,7.7,0,2026-09-12,Cleared from the injury/status report on 09/12/2026,,,,,,
emu,Eastern Michigan,cleared_history,Antonio Solares-Vitti,Cleared,DB,,7.9,0,2026-09-12,Cleared from the injury/status report on 09/12/2026,,,,,,
emu,Eastern Michigan,cleared_history,Davontey Oliver,Cleared,DB,,8.1,0,2026-09-12,Cleared from the injury/status report on 09/12/2026,,,,,,
emu,Eastern Michigan,cleared_history,Nazir Jones-Davis,Cleared,RB,,8.9,0,2026-09-12,Cleared from the injury/status report on 09/12/2026,,,,,,
emu,Eastern Michigan,cleared_history,Dior Boyd,Cleared,DB,,5.5,1,2026-09-12,Cleared from the injury/status report on 09/12/2026,,,,,,
emu,Eastern Michigan,cleared_history,Jackson Holt,Cleared,TE,,7,0,2026-09-12,Cleared from the injury/status report on 09/12/2026,,,,,,
emu,Eastern Michigan,cleared_history,Elijha Payne,Cleared,OL,,9.5,0,2026-09-12,Cleared from the injury/status report on 09/12/2026,,,,,,
emu,Eastern Michigan,cleared_history,Joshua Anderson,Cleared,OL,,10.3,0,2026-09-12,Cleared from the injury/status report on 09/12/2026,,,,,,
emu,Eastern Michigan,cleared_history,Nick Kinsey,Cleared,QB,,8.3,0,2026-09-12,Cleared from the injury/status report on 09/12/2026,,,,,,
emu,Eastern Michigan,cleared_history,Caleb Coley,Cleared,DB,,11.9,1,2026-09-07,Cleared from the injury/status report on 09/07/2026,,,,,,
emu,Eastern Michigan,cleared_history,Noah Knigga,Cleared,LB,,8.2,0,2026-09-04,Cleared from the injury/status report on 09/04/2026,,,,,,
fau,Florida Atlantic,cleared_history,Caden Veltkamp,Cleared,QB,,14,0,2026-08-22,Cleared from the injury/status report on 08/22/2026,,,,,,
fiu,Florida International,active,Spencer Webb,OFS,OL,False,7.8,1,2026-09-09,Announced out for the season after in injury sustained in week one against USF.,0,,,,,
fiu,Florida International,active,Ayden Passley,OFS,TE,False,8.5,0,2026-09-09,Willie Simmons updated us that Passley will miss the remainder of the 2026 season pre-week two with a fractured lower leg.,0,,,,,
fiu,Florida International,active,Dante Anderson,OFS,DE,False,14,3,2026-09-09,A big loss for this Panther defense as Anderson has been announced out for the season after Week one.,0,,,,,
fiu,Florida International,active,Miguel Cedeno,O,OL,False,10.1,0,2026-09-05,"Dealing with an injury that may keep him out into the season. Expected back at some point, but likely after the halfway point.",0,,,,,
fiu,Florida International,active,Robert Williams,O,DE,False,11.4,2,2026-09-09,"Not a lot of details but Simmons mentioned that he will be ""out a while"" after week one.",3,,,,,
fiu,Florida International,active,Kevin Schaeffer,O,TE,False,6.7,0,2026-09-05,Ruled out beginning week one and has not seen the field yet. Leaving 'out' until we get a new report.,35,,,,,
fiu,Florida International,active,Kyle McNeal,O,WR,False,11.6,2,2026-09-15,Suffered an in-game injury week two early in the second quarter against Buffalo. Did not return. Will miss week three.,9,,,,,
fiu,Florida International,active,JJ Kohl,Q,QB,False,13.1,1,2026-09-27,Suffered a knee sprain late in the first half against LIU week four. Held out as a precaution; HC Willie Simmons noted he could have returned. Expected back for week six against New Mexico State after the bye.,24,,,,,
fiu,Florida International,active,Richard Nwaukoni,OFS,DL,False,5.6,0,2026-10-07,Will miss the rest of 2026,0,,,,,
fiu,Florida International,active,Noah Sidan,O,PK,False,7.7,0,2026-10-07,OUT for week 6,0,,,,,
fiu,Florida International,cleared_history,Jayden Ford,Cleared,RB,,9.3,2,2026-09-28,Cleared from the injury/status report on 09/28/2026,,,,,,
fiu,Florida International,cleared_history,Demetrius Hill,Cleared,S,,12.5,1,2026-09-15,Cleared from the injury/status report on 09/15/2026,,,,,,
fiu,Florida International,cleared_history,Kenton Simmons,Cleared,DE,,11.2,0,2026-09-07,Cleared from the injury/status report on 09/07/2026,,,,,,
florida,Florida,active,Kelvin Jimenez,OFS,RB,False,4.9,0,2026-09-01,A contact injury in fall camp has him out for the entire 2026 season.,0,,,,,
florida,Florida,active,Vernell Brown III,O,WR,False,14.3,4,2026-10-10,"Official report 2026-10-10: out. Previous context: Injured in-game week four against Ole Miss and was considered done for the day. Post-game, head coach Jon Sumrall said that it is ""nothing substantial, nothing's torn,"" but ruled out for week five. Returning to practice pre-week six.",0,,,,,
florida,Florida,active,Duke Clark,Q,RB,True,13.4,2,2026-10-10,Lower leg/foot/ankle injury; seen immobilized in a walking boot. An official timeline has not yet been released ahead of the Texas game.,3,,,,,
florida,Florida,active,Eric Singleton Jr.,Q,WR,True,13,2,2026-10-10,Left foot issue; he returned for extremely limited snaps later in the contest (finishing with just 1 catch for 3 yards and the 1 rush). He is worth tracking closely leading up to Wednesday's SEC availability report.,19,,,,,
florida,Florida,cleared_history,Dijon Johnson,Cleared,CB,,13.5,0,2026-10-10,Cleared from the injury/status report on 10/10/2026,,,,,,
florida,Florida,cleared_history,Bryce Thornton,Cleared,S,,14.8,0,2026-10-10,Cleared from the injury/status report on 10/10/2026,,,,,,
florida,Florida,cleared_history,London Montgomery,Cleared,RB,,13.1,0,2026-10-10,Cleared from the injury/status report on 10/10/2026,,,,,,
florida,Florida,cleared_history,Bailey Stockton,Cleared,WR,,12.5,0,2026-10-03,Cleared from the injury/status report on 10/03/2026,,,,,,
florida,Florida,cleared_history,Eric Singleton Jr.,Cleared,WR,,13.2,0,2026-09-30,Cleared from the injury/status report on 09/30/2026,,,,,,
florida,Florida,cleared_history,Eric Singleton Jr.,Cleared,WR,,13.2,0,2026-09-27,Cleared from the injury/status report on 09/27/2026,,,,,,
florida,Florida,cleared_history,Patrick Durkin,Cleared,K,,14.7,0,2026-09-21,Cleared from the injury/status report on 09/21/2026,,,,,,
florida,Florida,cleared_history,Emmanuel Oyebadejo,Cleared,DL,,14.8,1,2026-09-20,Cleared from the injury/status report on 09/20/2026,,,,,,
florida,Florida,cleared_history,Davian Groce,Cleared,WR,,13.1,1,2026-09-16,Cleared from the injury/status report on 09/16/2026,,,,,,
florida,Florida,cleared_history,Marquez Daniel,Cleared,WR,,11.5,0,2026-09-16,Cleared from the injury/status report on 09/16/2026,,,,,,
florida,Florida,cleared_history,Kaiden Hall,Cleared,S,,11,0,2026-09-16,Cleared from the injury/status report on 09/16/2026,,,,,,
florida,Florida,cleared_history,Jahari Medlock,Cleared,OL,,9.6,0,2026-09-16,Cleared from the injury/status report on 09/16/2026,,,,,,
florida,Florida,cleared_history,Evan Chieca,Cleared,TE,,8.9,0,2026-09-15,Cleared from the injury/status report on 09/15/2026,,,,,,
florida,Florida,cleared_history,Evan Pryor,Cleared,RB,,14.1,1,2026-09-13,Cleared from the injury/status report on 09/13/2026,,,,,,
florida,Florida,cleared_history,Eagan Boyer,Cleared,OL,,9.9,1,2026-09-13,Cleared from the injury/status report on 09/13/2026,,,,,,
florida,Florida,cleared_history,Kelvin Jimenez,Cleared,RB,,4.9,0,2026-09-06,Cleared from the injury/status report on 09/06/2026,,,,,,
florida,Florida,cleared_history,Cj Bronaugh,Cleared,CB,,12.3,0,2026-09-06,Cleared from the injury/status report on 09/06/2026,,,,,,
florida,Florida,cleared_history,Jaylen Jordon,Cleared,TE,,6,0,2026-09-06,Cleared from the injury/status report on 09/06/2026,,,,,,
florida,Florida,cleared_history,Kamran James,Cleared,DL,,13.5,0,2026-09-06,Cleared from the injury/status report on 09/06/2026,,,,,,
florida,Florida,cleared_history,Myles Graham,Cleared,ILB,,14.2,0,2026-09-06,Cleared from the injury/status report on 09/06/2026,,,,,,
florida,Florida,cleared_history,Duke Clark,Cleared,RB,,11.8,1,2026-08-18,Cleared from the injury/status report on 08/18/2026,,,,,,
florida,Florida,cleared_history,Dallas Wilson,Cleared,WR,,13.5,0,2026-08-10,Cleared from the injury/status report on 08/10/2026,,,,,,
fresno,Fresno State,active,Brandon Ramirez,OFS,RB,False,12.2,0,2026-08-04,Battled an injury this spring and was announced out for the 2026 season as summer camp opened.,0,,,,,
fresno,Fresno State,active,Edward Fonua,OFS,OL,False,11.2,0,2026-08-04,Announced out for the 2026 season with an injury as summer camp opened.,0,,,,,
fresno,Fresno State,active,Ryan Wilson,OFS,DB,False,12.8,2,2026-09-13,Carted off the field with what looked to be a serious injury against USC. Out for the Season.,0,,,,,
fresno,Fresno State,active,Noah Yeh,O,DL,,9.5,2,2026-09-30,Undisclosed injury; DNP in Week 3. Remains out for Week 4 vs. Rice. Remains 'out' on the report.,0,,,,,
fresno,Fresno State,active,Harold Duvall,Q,WR,,11.6,1,2026-10-08,Official report 2026-10-08: questionable. Game 2026-10-10. Previous context: DNP in Week 3. Seen wearing a shoulder sling following the USC game. Has not played since. Remains out.,4,,,,,
fresno,Fresno State,active,Gino Quinones,O,OL,False,9.7,3,2026-10-07,Listed 'questionable' for week five. Ruled out on game day report. Remains listed 'out' on report.,0,,,,,
fresno,Fresno State,active,Logan Studt,Q,LB,,11.7,1,2026-10-08,Official report 2026-10-08: questionable. Game 2026-10-10. Previous context: DNP week four and is questionable to play week five against Washington State. Game-time decision. DNP. Remains listed 'out' on availability reports.,0,,,,,
fresno,Fresno State,active,Niko Baumgartner,Q,LB,False,11.5,1,2026-10-08,Official report 2026-10-08: questionable. Game 2026-10-10. Previous context: Added as 'questionable' on week five report Friday update. Downgraded to 'out' week five and same for week six.,0,,,,,
fresno,Fresno State,active,Jonah Leaupepetele,Q,OL,False,8.8,0,2026-10-03,Undisclosed injury; DNP in week 3. Remains out for Week 4 vs. Rice. Questionable for week five. DNP.,0,,,,,
fresno,Fresno State,active,Ethan Rossetti,Q,LS,False,5,,2026-10-03,Listed 'questionable' for week five. Ruled out on game day report.,0,,,,,
fresno,Fresno State,active,Rayshon Luke,Q,RB,False,14.8,1,2026-10-09,Official report 2026-10-09: questionable. Game 2026-10-10.,0,,,,,
fresno,Fresno State,active,Jairus Satele,Q,DL,False,10.8,1,2026-10-09,Official report 2026-10-09: questionable. Game 2026-10-10.,0,,,,,
fresno,Fresno State,active,Marquise Thorpe-Taylor,Q,OL,False,8.7,1,2026-10-09,Official report 2026-10-09: questionable. Game 2026-10-10.,0,,,,,
fresno,Fresno State,cleared_history,Rayshon Luke,Cleared,RB,,14.8,2,2026-10-08,Cleared from the injury/status report on 10/08/2026,,,,,,
fresno,Fresno State,cleared_history,Brayden Walton,Cleared,OL,,10.5,2,2026-10-04,Cleared from the injury/status report on 10/04/2026,,,,,,
fresno,Fresno State,cleared_history,Braylan Henderson,Cleared,OL,,10.4,1,2026-10-03,Cleared from the injury/status report on 10/03/2026,,,,,,
fresno,Fresno State,cleared_history,Rolan Fullwood,Cleared,OL,,12.5,1,2026-09-27,Cleared from the injury/status report on 09/27/2026,,,,,,
fresno,Fresno State,cleared_history,Jayden Mandal,Cleared,QB,,10.7,0,2026-09-16,Cleared from the injury/status report on 09/16/2026,,,,,,
fresno,Fresno State,cleared_history,Logan Goodspeed,Cleared,DL,,10.9,1,2026-09-16,Cleared from the injury/status report on 09/16/2026,,,,,,
fsu,Florida State,active,Cam Brooks,OFS,DL,False,9.9,0,2026-06-09,Torn Achilles before spring camp; staff hopes for a late-2026 return but is unlikely to see the field.,0,,,,,
fsu,Florida State,active,Ethan Pritchard,OFS,LB,,10.2,0,2026-08-01,Sustained a gunshot wound to the head in the off-season and is still working back to full strength.,0,,,,,
fsu,Florida State,active,Jaden O'Neal,OFS,QB,False,11.3,0,2026-06-09,Announced out for the full 2026 season in early March.,0,,,,,
fsu,Florida State,active,Karson Hobbs,OFS,DB,,10.5,0,2026-08-29,Out for the season due to a torn ACL suffered in August camp.,0,,,,,
fsu,Florida State,active,Izayia Williams,OFS,LB,False,12.9,3,2026-09-20,Announced as out for the season.,0,,,,,
fsu,Florida State,active,Daylen Green,OFS,LB,False,9.5,0,2026-09-15,Will miss the remainder of the 2026 season.,0,,,,,
fsu,Florida State,active,Samuel Singleton Jr.,O,RB,False,13.6,4,2026-10-07,Hurt vs. Alabama. He faces a multi-week absence. Remains out Week 6 vs. Louisville.,0,,,,,
fsu,Florida State,active,Devin Carter,O,WR,,12.1,3,2026-10-07,"Expected to miss at least a few weeks with a back injury, delaying his projected immediate rotational role. Remains out Week 6 vs. Louisville.",0,,,,,
fsu,Florida State,active,Jamari Howard,O,DB,False,11.9,3,2026-10-07,DNP vs.UVA and remains out Week 6 vs. Louisville.,0,,,,,
fsu,Florida State,active,Blake Nichelson,O,LB,False,13.1,4,2026-10-07,DNP vs.UVA and remains out Week 6 vs. Louisville.,0,,,,,
fsu,Florida State,active,Zae Thomas,O,DB,False,11.2,3,2026-10-07,DNP vs.UVA and remains out Week 6 vs. Louisville.,0,,,,,
fsu,Florida State,active,Jordan Crutchfield,O,DB,False,11.7,3,2026-10-07,Added as 'out' on the week six initial report ahead of the Louisville game.,0,,,,,
fsu,Florida State,active,Noah LaVallee,O,LB,False,10.9,3,2026-10-07,DNP vs.UVA and remains out Week 6 vs. Louisville.,0,,,,,
fsu,Florida State,cleared_history,Antonio Cromartie Jr.,Cleared,DB,,11.4,0,2026-10-09,Cleared from the injury/status report on 10/09/2026,,,,,,
fsu,Florida State,cleared_history,Daniel Hughes,Cleared,P,,8.8,0,2026-10-09,Cleared from the injury/status report on 10/09/2026,,,,,,
fsu,Florida State,cleared_history,Karon Maycock,Cleared,LB,,11.9,0,2026-10-09,Cleared from the injury/status report on 10/09/2026,,,,,,
fsu,Florida State,cleared_history,Mikai Gbayor,Cleared,LB,,11.2,0,2026-10-09,Cleared from the injury/status report on 10/09/2026,,,,,,
fsu,Florida State,cleared_history,Darryll Desir,Cleared,DL,,12.9,0,2026-10-09,Cleared from the injury/status report on 10/09/2026,,,,,,
fsu,Florida State,cleared_history,Ja'Bril Rawls,Cleared,DB,,13.3,0,2026-10-06,Cleared from the injury/status report on 10/06/2026,,,,,,
fsu,Florida State,cleared_history,Caleb LaVallee,Cleared,LB,,12.6,1,2026-10-02,Cleared from the injury/status report on 10/02/2026,,,,,,
fsu,Florida State,cleared_history,Quindarrius Jones,Cleared,DB,,12.3,1,2026-10-02,Cleared from the injury/status report on 10/02/2026,,,,,,
fsu,Florida State,cleared_history,Xavier Tiller,Cleared,TE,,11.1,0,2026-10-02,Cleared from the injury/status report on 10/02/2026,,,,,,
fsu,Florida State,cleared_history,Donny Hiebert,Cleared,DB,,10.1,0,2026-10-02,Cleared from the injury/status report on 10/02/2026,,,,,,
fsu,Florida State,cleared_history,K.J. Kirkland,Cleared,DB,,11.6,1,2026-10-02,Cleared from the injury/status report on 10/02/2026,,,,,,
fsu,Florida State,cleared_history,Chris Jones,Cleared,LB,,12.5,1,2026-10-02,Cleared from the injury/status report on 10/02/2026,,,,,,
fsu,Florida State,cleared_history,Ashlynd Barker,Cleared,DB,,13.4,2,2026-10-02,Cleared from the injury/status report on 10/02/2026,,,,,,
fsu,Florida State,cleared_history,Tae'Shaun Gelsey,Cleared,WR,,10.5,0,2026-10-01,Cleared from the injury/status report on 10/01/2026,,,,,,
fsu,Florida State,cleared_history,Gavin Markey,Cleared,TE,,8.2,0,2026-10-01,Cleared from the injury/status report on 10/01/2026,,,,,,
fsu,Florida State,cleared_history,Chuck Kennon,Cleared,DB,,13.3,0,2026-10-01,Cleared from the injury/status report on 10/01/2026,,,,,,
fsu,Florida State,cleared_history,Jordan Crutchfield,Cleared,DB,,11.6,0,2026-09-27,Cleared from the injury/status report on 09/27/2026,,,,,,
fsu,Florida State,cleared_history,Darryll Desir,Cleared,DL,,12.8,1,2026-09-20,Cleared from the injury/status report on 09/20/2026,,,,,,
fsu,Florida State,cleared_history,K.J. Kirkland,Cleared,DB,,11.6,1,2026-09-20,Cleared from the injury/status report on 09/20/2026,,,,,,
fsu,Florida State,cleared_history,Kevin Wynn,Cleared,DL,,11.1,0,2026-09-07,Cleared from the injury/status report on 09/07/2026,,,,,,
fsu,Florida State,cleared_history,Bradyn Welch-Joiner,Cleared,OL,,12.5,0,2026-09-07,Cleared from the injury/status report on 09/07/2026,,,,,,
fsu,Florida State,cleared_history,Caleb LaVallee,Cleared,LB,,11,0,2026-09-07,Cleared from the injury/status report on 09/07/2026,,,,,,
fsu,Florida State,cleared_history,Amari Thomas,Cleared,RB,,10.5,0,2026-09-07,Cleared from the injury/status report on 09/07/2026,,,,,,
fsu,Florida State,cleared_history,Zay Parks,Cleared,RB,,7.6,0,2026-09-07,Cleared from the injury/status report on 09/07/2026,,,,,,
fsu,Florida State,cleared_history,Ashlynd Barker,Cleared,DB,,13.9,0,2026-09-07,Cleared from the injury/status report on 09/07/2026,,,,,,
fsu,Florida State,cleared_history,Quindarrius Jones,Cleared,DB,,11.9,0,2026-09-07,Cleared from the injury/status report on 09/07/2026,,,,,,
fsu,Florida State,cleared_history,Jordan Sanders,Cleared,DL,,11.1,0,2026-09-05,Cleared from the injury/status report on 09/05/2026,,,,,,
fsu,Florida State,cleared_history,Samuel Singleton Jr.,Cleared,RB,,13.6,0,2026-09-02,Cleared from the injury/status report on 09/02/2026,,,,,,
fsu,Florida State,cleared_history,Ousmane Kromah,Cleared,RB,,15,0,2026-09-02,Cleared from the injury/status report on 09/02/2026,,,,,,
fsu,Florida State,cleared_history,Mikai Gbayor,Cleared,LB,,13.2,0,2026-09-02,Cleared from the injury/status report on 09/02/2026,,,,,,
fsu,Florida State,cleared_history,Quintrevion Wisner,Cleared,RB,,15.2,0,2026-08-20,Cleared from the injury/status report on 08/20/2026,,,,,,
fsu,Florida State,cleared_history,Jayvan Boggs,Cleared,WR,,12.4,1,2026-08-16,Cleared from the injury/status report on 08/16/2026,,,,,,
ga-southern,Georgia Southern,active,Jaquari Brown,OFS,DB,False,11,3,2026-10-03,Will miss the rest of the season with an injury sustained week four.,0,,,,,
ga-southern,Georgia Southern,active,Fabo Chaney,OFS,DB,False,11.1,3,2026-10-03,Will miss the rest of the season as indicated on the week five availability report.,0,,,,,
ga-southern,Georgia Southern,active,Rashon Myles Jr.,OFS,ILB,False,13.5,4,2026-10-03,Went down vs.Houston; Helton said tests are pending but they believe he tore his Achilles. Confirmed: he will miss the rest of the 2026 season.,0,,,,,
ga-southern,Georgia Southern,active,Ashton Hollins,OFS,WR,False,11.9,3,2026-09-26,Confirmed to have had season-ending shoulder surgery.,0,,,,,
ga-southern,Georgia Southern,active,King Phillips,O,WR,False,9.1,3,2026-10-07,Added to the Sun Belt injury report as out for Week 6 vs. JMU.,0,,,,,
ga-southern,Georgia Southern,cleared_history,Kam Mikell,Cleared,WR,,12.5,3,2026-10-02,Cleared from the injury/status report on 10/02/2026,,,,,,
ga-southern,Georgia Southern,cleared_history,Josh Dallas,Cleared,WR,,12.4,0,2026-10-10,Cleared from the injury/status report on 10/10/2026,,,,,,
ga-southern,Georgia Southern,cleared_history,Josh Raymond,Cleared,OL,,11.1,3,2026-10-08,Cleared from the injury/status report on 10/08/2026,,,,,,
ga-southern,Georgia Southern,cleared_history,Terrance Gibbs,Cleared,RB,,11.1,3,2026-10-08,Cleared from the injury/status report on 10/08/2026,,,,,,
ga-southern,Georgia Southern,cleared_history,Caelan Williams,Cleared,OL,,11.5,3,2026-10-08,Cleared from the injury/status report on 10/08/2026,,,,,,
ga-southern,Georgia Southern,cleared_history,Kru Casey,Cleared,ILB,,8.4,0,2026-10-08,Cleared from the injury/status report on 10/08/2026,,,,,,
ga-southern,Georgia Southern,cleared_history,Alex Smith,Cleared,P,,8.8,0,2026-10-05,Cleared from the injury/status report on 10/05/2026,,,,,,
ga-southern,Georgia Southern,cleared_history,Jeremiah Ware,Cleared,WR,,12.1,0,2026-10-03,Cleared from the injury/status report on 10/03/2026,,,,,,
ga-southern,Georgia Southern,cleared_history,Josh Dallas,Cleared,WR,,12.2,0,2026-10-03,Cleared from the injury/status report on 10/03/2026,,,,,,
ga-southern,Georgia Southern,cleared_history,Taylor Bradshaw,Cleared,WR,,9.4,0,2026-10-03,Cleared from the injury/status report on 10/03/2026,,,,,,
ga-southern,Georgia Southern,cleared_history,Devin Collier,Cleared,DB,,10.8,0,2026-10-03,Cleared from the injury/status report on 10/03/2026,,,,,,
ga-southern,Georgia Southern,cleared_history,Caelan Williams,Cleared,OL,,11.5,0,2026-09-20,Cleared from the injury/status report on 09/20/2026,,,,,,
ga-southern,Georgia Southern,cleared_history,Josh Dallas,Cleared,WR,,12.1,0,2026-09-06,Cleared from the injury/status report on 09/06/2026,,,,,,
ga-state,Georgia State,active,Jamari Miller,O,WR,False,8.8,2,2026-10-05,DNP Week 5 vs. Georgia State.,0,,,,,
ga-state,Georgia State,active,Jordan Brown,O,OL,False,9.3,3,2026-10-05,DNP Week 5 vs. Georgia State.,0,,,,,
ga-state,Georgia State,cleared_history,Dennis Murray Jr.,Cleared,RB,,9.6,3,2026-10-04,Cleared from the injury/status report on 10/04/2026,,,,,,
ga-state,Georgia State,cleared_history,Rodshaun Dorsey,Cleared,WR,,12.1,1,2026-09-27,Cleared from the injury/status report on 09/27/2026,,,,,,
ga-state,Georgia State,cleared_history,Kelton Smith,Cleared,OL,,12.1,0,2026-09-06,Cleared from the injury/status report on 09/06/2026,,,,,,
ga-state,Georgia State,cleared_history,Dennis Murray Jr.,Cleared,RB,,7.8,0,2026-09-06,Cleared from the injury/status report on 09/06/2026,,,,,,
georgia-tech,Georgia Tech,active,Malachi Hosley,O,RB,False,14.2,4,2026-10-07,DNP vs. Stanford. Remains out for Week 6 vs. Duke.,0,,,,,
georgia-tech,Georgia Tech,active,Daiquan White,O,CB,False,12.6,4,2026-10-07,"Starter, injury tagged at 0:39 of the second quarter vs.Stanford, did not return. Remains out for Week 6 vs. Duke.",0,,,,,
georgia-tech,Georgia Tech,active,Jordan Walker,O,DE,False,13.2,4,2026-10-07,Injured a third-quarter collision vs Tennessee. DNP vs Mercer. Remains out for Week 6 vs. Duke.,0,,,,,
georgia-tech,Georgia Tech,active,Noah Carter,O,DE,False,14.2,4,2026-10-07,Added to the ACC injury report listed as out for Week 6 vs. Duke.,0,,,,,
georgia-tech,Georgia Tech,active,Fenix Felton,O,S,False,10.1,0,2026-10-07,DNP vs. Stanford. Remains out for Week 6 vs. Duke.,0,,,,,
georgia-tech,Georgia Tech,active,Will Kiker,O,S,False,7.3,0,2026-10-07,DNP vs. Stanford. Remains out for Week 6 vs. Duke.,0,,,,,
georgia-tech,Georgia Tech,active,Ethan Mackenny,O,OL,,12.1,4,2026-10-07,DNP vs. Stanford. Remains out for Week 6 vs. Duke.,0,,,,,
georgia-tech,Georgia Tech,active,Kentrell Davis,O,WR,False,9.3,0,2026-10-07,DNP vs. Stanford. Remains out for Week 6 vs. Duke.,0,,,,,
georgia-tech,Georgia Tech,active,Coi Jean Noel,O,WR,False,9.8,0,2026-10-07,DNP vs. Stanford. Remains out for Week 6 vs. Duke.,0,,,,,
georgia-tech,Georgia Tech,active,Aj Hoffler,O,DE,False,10.8,3,2026-10-07,Sustained a lower leg injury in the second half vs Mercer and did not return. Remains out for Week 6 vs. Duke.,0,,,,,
georgia-tech,Georgia Tech,active,Shymeik Jones,O,DT,,10.5,3,2026-10-07,Undisclosed injury. Remains out for Week 6 vs. Duke.,0,,,,,
georgia-tech,Georgia Tech,active,Jordan Boyd,O,DE,False,11,3,2026-10-10,Official report 2026-10-10: out. Previous context: Added to the ACC injury report listed as questionable for Week 6 vs. Duke.,0,,,,,
georgia-tech,Georgia Tech,active,Trae Stevenson Jr.,GTD,CB,False,10.6,0,2026-10-10,Official report 2026-10-10: game time decision. Previous context: DNP vs. Stanford. Remains out for Week 6 vs. Duke.,0,,,,,
georgia-tech,Georgia Tech,active,Markell Samuel,O,OL,False,9.5,3,2026-10-10,Official report 2026-10-10: out. Previous context: Added to the ACC injury report listed as questionable for Week 6 vs. Duke.,0,,,,,
georgia-tech,Georgia Tech,active,Josh Petty,O,OL,False,13.6,0,2026-10-10,Official report 2026-10-10: out. Previous context: DNP vs. Stanford. Remains out for Week 6 vs. Duke.,0,,,,,
georgia-tech,Georgia Tech,active,Jaiven Plummer,GTD,WR,False,10.9,0,2026-10-10,Official report 2026-10-10: game time decision. Previous context: Official report 2026-10-09: questionable.,0,,,,,
georgia-tech,Georgia Tech,cleared_history,Vincent Carroll Jackson,Cleared,DT,,11.3,0,2026-10-10,Cleared from the injury/status report on 10/10/2026,,,,,,
georgia-tech,Georgia Tech,cleared_history,Kyle Efford,Cleared,LB,,13.5,0,2026-10-10,Cleared from the injury/status report on 10/10/2026,,,,,,
georgia-tech,Georgia Tech,cleared_history,Jameson Riggs,Cleared,OL,,10,1,2026-10-10,Cleared from the injury/status report on 10/10/2026,,,,,,
georgia-tech,Georgia Tech,cleared_history,Zachary Tobe,Cleared,CB,,13.3,1,2026-10-08,Cleared from the injury/status report on 10/08/2026,,,,,,
georgia-tech,Georgia Tech,cleared_history,Joseph Ionata,Cleared,OL,,10.9,3,2026-10-08,Cleared from the injury/status report on 10/08/2026,,,,,,
georgia-tech,Georgia Tech,cleared_history,Jaylen Mbakwe,Cleared,CB,,13.1,1,2026-10-08,Cleared from the injury/status report on 10/08/2026,,,,,,
georgia-tech,Georgia Tech,cleared_history,Derry Norris Jr.,Cleared,DT,,9.7,0,2026-10-08,Cleared from the injury/status report on 10/08/2026,,,,,,
georgia-tech,Georgia Tech,cleared_history,Darnell Collins,Cleared,WR,,9.9,0,2026-10-08,Cleared from the injury/status report on 10/08/2026,,,,,,
georgia-tech,Georgia Tech,cleared_history,Savion Riley,Cleared,S,,12.4,3,2026-10-08,Cleared from the injury/status report on 10/08/2026,,,,,,
georgia-tech,Georgia Tech,cleared_history,Noah Carter,Cleared,DE,,14.2,0,2026-09-27,Cleared from the injury/status report on 09/27/2026,,,,,,
georgia-tech,Georgia Tech,cleared_history,Vincent Carroll Jackson,Cleared,DT,,11.3,0,2026-09-27,Cleared from the injury/status report on 09/27/2026,,,,,,
georgia-tech,Georgia Tech,cleared_history,Kevin Roche Jr.,Cleared,TE,,13.5,0,2026-09-27,Cleared from the injury/status report on 09/27/2026,,,,,,
georgia-tech,Georgia Tech,cleared_history,Jaiven Plummer,Cleared,WR,,10.2,3,2026-09-20,Cleared from the injury/status report on 09/20/2026,,,,,,
georgia-tech,Georgia Tech,cleared_history,Josh Petty,Cleared,OL,,13.6,0,2026-09-08,Cleared from the injury/status report on 09/08/2026,,,,,,
georgia-tech,Georgia Tech,cleared_history,Isaiah Fuhrmann,Cleared,WR,,11.9,0,2026-09-04,Cleared from the injury/status report on 09/04/2026,,,,,,
georgia-tech,Georgia Tech,cleared_history,Brayden Manley,Cleared,DE,,12.9,0,2026-09-04,Cleared from the injury/status report on 09/04/2026,,,,,,
georgia-tech,Georgia Tech,cleared_history,Markell Samuel,Cleared,OL,,10,0,2026-08-10,Cleared from the injury/status report on 08/10/2026,,,,,,
georgia-tech,Georgia Tech,cleared_history,Ethan Mackenny,Cleared,OL,,12.7,0,2026-08-10,Cleared from the injury/status report on 08/10/2026,,,,,,
georgia-tech,Georgia Tech,cleared_history,EJ Lightsey,Cleared,LB,,13.5,0,2026-08-10,Cleared from the injury/status report on 08/10/2026,,,,,,
hawaii,Hawaii,active,Robert Haynes IV,OFS,WR,False,9.4,0,2026-09-03,Ruled out for the remainder of the 2026 season due to an undisclosed injury after missing Week 0.,0,,,,,
hawaii,Hawaii,active,Luther McCoy,O,DL,False,11.6,3,2026-10-01,"Exited in the 1st quarter of week four vs. Wyoming with an injury, did not return. Out week five.",0,,,,,
hawaii,Hawaii,active,Anthony Hickman,O,TE,False,5.3,0,2026-10-01,Listed as out with an undisclosed injury ahead of the Week 4 game vs. Wyoming. Remains listed 'out' on the availability report.,0,,,,,
hawaii,Hawaii,active,Ha'aheo Dela Cruz,O,DL,False,9.7,2,2026-10-01,Listed as out with an undisclosed injury ahead of the Week 4 game vs. Wyoming. Remains listed 'out' on the availability report.,0,,,,,
hawaii,Hawaii,active,Joenel Figueroa,O,DB,False,11.7,3,2026-10-01,Listed 'out' on the week five initial report. He impacts the secondary rotation.,0,,,,,
hawaii,Hawaii,active,Robert Haynes IV,O,WR,False,9.4,0,2026-10-03,Added as 'out' on game day report ahead of week five game.,0,,,,,
hawaii,Hawaii,active,Pofele Ashlock,D,WR,False,12,2,2026-10-07,Missed a chunk of time in camp and has not been able to get healthy this season. Said to be 'looking good' running around and we're moving to 'doubtful' at least as he just needs to gain clearance.,0,,,,,
hawaii,Hawaii,active,Tre' Griffiths,Q,WR,False,9.4,1,2026-10-03,Listed as out with an undisclosed injury ahead of the Week 4 game vs. Wyoming. Moved to 'questionable' ahead of week five. DNP.,0,,,,,
hawaii,Hawaii,active,Khalil Walker,Q,OL,False,8.8,0,2026-10-01,Added as 'questionable' to play week five. Depth offensive line player.,0,,,,,
hawaii,Hawaii,active,Carson Brown,Q,WR,False,9.8,1,2026-10-03,Left the week five game early with an injury. Tracking for updates ahead of week six.,0,,,,,
hawaii,Hawaii,cleared_history,Jamih Otis,Cleared,LB,,12.4,1,2026-10-02,Cleared from the injury/status report on 10/02/2026,,,,,,
hawaii,Hawaii,cleared_history,Oakie Salave'a,Cleared,TE,,8.5,0,2026-10-02,Cleared from the injury/status report on 10/02/2026,,,,,,
hawaii,Hawaii,cleared_history,Isaac Jaramilla-Phe,Cleared,QB,,5.3,0,2026-10-02,Cleared from the injury/status report on 10/02/2026,,,,,,
hawaii,Hawaii,cleared_history,Cam Barfield,Cleared,RB,,12,1,2026-09-27,Cleared from the injury/status report on 09/27/2026,,,,,,
hawaii,Hawaii,cleared_history,Lesterlaisene Lagafuaina,Cleared,DL,,11.6,1,2026-09-27,Cleared from the injury/status report on 09/27/2026,,,,,,
hawaii,Hawaii,cleared_history,Micah Alejado,Cleared,QB,,13,0,2026-09-24,Cleared from the injury/status report on 09/24/2026,,,,,,
hawaii,Hawaii,cleared_history,Nazaiah Caravallo,Cleared,DL,,9.8,2,2026-09-24,Cleared from the injury/status report on 09/24/2026,,,,,,
hawaii,Hawaii,cleared_history,Micah Alejado,Cleared,QB,,13,1,2026-09-16,Cleared from the injury/status report on 09/16/2026,,,,,,
hawaii,Hawaii,cleared_history,"Jarvis ""Dino"" Heimuli",Cleared,WR,,7.4,0,2026-09-03,Cleared from the injury/status report on 09/03/2026,,,,,,
hawaii,Hawaii,cleared_history,Micah Alejado,Cleared,QB,,14.3,0,2026-07-31,Cleared from the injury/status report on 07/31/2026,,,,,,
houston,Houston,active,John Hebert,OFS,RB,,12.1,3,2026-10-05,Out for the remainder of the 2026 with an injury.,0,,,,,
houston,Houston,active,Carmello Brooks,S,DL,False,9.5,2,2026-09-18,Arrested on assault charges and suspended by the team. Will update when we get more information.,0,,,,,
houston,Houston,active,Bryson Castile,O,LB,False,9.6,0,2026-09-30,Showed up on the initial week three injury report as 'out' ahead of Texas Tech. Remains listed 'out' on the updated reports.,0,,,,,
houston,Houston,active,Jaden Yates,O,LB,False,11.7,3,2026-10-07,Added to the week six report as 'out' ahead of week six. Usually a consistent player in the linebacking corps.,0,,,,,
houston,Houston,active,Muizz Tounkara,O,WR,False,9.7,3,2026-10-07,Listed 'out' week six with an injury.,0,,,,,
houston,Houston,active,Jacory Thurman,O,TE,False,8.3,0,2026-10-08,Official report 2026-10-08: out. Previous context: Added as 'questionable' for week six on the initial report.,0,,,,,
houston,Houston,cleared_history,Ejiro Egodogbare,Cleared,DL,,10.5,0,2026-10-10,Cleared from the injury/status report on 10/10/2026,,,,,,
houston,Houston,cleared_history,Jd Rhym,Cleared,DB,,12,0,2026-10-10,Cleared from the injury/status report on 10/10/2026,,,,,,
houston,Houston,cleared_history,Evan Noel,Cleared,K,,7.7,0,2026-10-08,Cleared from the injury/status report on 10/08/2026,,,,,,
houston,Houston,cleared_history,Myles Rowser,Cleared,DB,,13.6,1,2026-10-03,Cleared from the injury/status report on 10/03/2026,,,,,,
houston,Houston,cleared_history,Stephon Johnson,Cleared,WR,,12.5,1,2026-10-03,Cleared from the injury/status report on 10/03/2026,,,,,,
houston,Houston,cleared_history,Ejiro Egodogbare,Cleared,DL,,10.5,0,2026-10-03,Cleared from the injury/status report on 10/03/2026,,,,,,
houston,Houston,cleared_history,Jd Rhym,Cleared,DB,,11.7,0,2026-10-03,Cleared from the injury/status report on 10/03/2026,,,,,,
houston,Houston,cleared_history,Quindario Lee,Cleared,DL,,10.5,2,2026-10-01,Cleared from the injury/status report on 10/01/2026,,,,,,
houston,Houston,cleared_history,Jeffrey Strozier Jr.,Cleared,WR,,5.3,0,2026-10-01,Cleared from the injury/status report on 10/01/2026,,,,,,
houston,Houston,cleared_history,Muizz Tounkara,Cleared,WR,,9.7,0,2026-10-01,Cleared from the injury/status report on 10/01/2026,,,,,,
houston,Houston,cleared_history,Mudassir Abdullah,Cleared,DB,,9,0,2026-10-01,Cleared from the injury/status report on 10/01/2026,,,,,,
houston,Houston,cleared_history,Myles Parker,Cleared,DL,,12.4,1,2026-09-27,Cleared from the injury/status report on 09/27/2026,,,,,,
houston,Houston,cleared_history,Alvin Ebosele,Cleared,OL,,11.6,1,2026-09-27,Cleared from the injury/status report on 09/27/2026,,,,,,
houston,Houston,cleared_history,Ejiro Egodogbare,Cleared,DL,,10.5,1,2026-09-19,Cleared from the injury/status report on 09/19/2026,,,,,,
houston,Houston,cleared_history,Jd Rhym,Cleared,DB,,11.9,0,2026-09-19,Cleared from the injury/status report on 09/19/2026,,,,,,
houston,Houston,cleared_history,JayShon Ridgle,Cleared,RB,,9.9,0,2026-09-19,Cleared from the injury/status report on 09/19/2026,,,,,,
houston,Houston,cleared_history,Drew Terrill,Cleared,OL,,14.3,0,2026-09-15,Cleared from the injury/status report on 09/15/2026,,,,,,
houston,Houston,cleared_history,Luke McGary,Cleared,TE,,10.6,2,2026-09-14,Cleared from the injury/status report on 09/14/2026,,,,,,
houston,Houston,cleared_history,Conner Weigman,Cleared,QB,,14.5,1,2026-08-25,Cleared from the injury/status report on 08/25/2026,,,,,,
houston,Houston,cleared_history,Luke McGary,Cleared,TE,,11.3,0,2026-08-10,Cleared from the injury/status report on 08/10/2026,,,,,,
illinois,Illinois,active,Alex Perry,OFS,WR,False,12.2,0,2026-08-14,"In what looked like a minor issue early in camp, ended up being rather serious and will sideline him for the full season after shoulder surgery.",,,,,,
illinois,Illinois,active,Tanner Hollinger,OFS,TE,,7.7,0,2026-08-06,Sustained an injury that will keep him out for the entire 2026 season.,,,,,,
illinois,Illinois,active,Jaylen Stewart,OFS,LB,,9.8,0,2026-08-11,"Announced as ""out for the season"" in an early press conference opening summer camp.",,,,,,
illinois,Illinois,active,Grant Smith,OFS,TE,,8.7,0,2026-08-11,"Announced as ""out for the season"" in an early press conference opening summer camp.",,,,,,
illinois,Illinois,active,Erik Gayle,OFS,LB,False,9.4,0,2026-08-11,"Announced as ""out for the season"" in an early press conference opening summer camp.",,,,,,
illinois,Illinois,active,Cameron Brooks,OFS,DL,,9.4,1,2026-08-11,"Announced as ""out for the season"" in an early press conference opening summer camp.",,,,,,
illinois,Illinois,active,BJ Thurman,OFS,TE,False,8.4,0,2026-08-14,Will miss most of the season with a foot injury sustained in camp.,,,,,,
illinois,Illinois,active,TJ McMillen,OFS,OL,False,13.3,3,2026-09-15,Suffered an in-game injury against Duke in week two during the fourth quarter. UPDATE: He will miss the remainder of the 2026 season.,,,,,,
illinois,Illinois,active,Ca'Lil Valentine,OFS,RB,False,13.2,4,2026-10-03,Injured in-game week five. Carted to the locker room and will miss the rest of the 2026 season.,,,,,,
illinois,Illinois,active,Logan Farrell,O,TE,False,9.5,0,2026-09-23,Added to the week four report as 'out' prior to the Ohio State game. Remains listed 'out' on the report. Not in rotation.,,,,,,
illinois,Illinois,active,Jj Hirdes,O,OL,False,8.5,0,2026-09-23,Added to the week four report as 'out' prior to the Ohio State game. Remains listed 'out' on the report. Not in rotation.,,,,,,
illinois,Illinois,active,Jack Paris,O,LB,False,9.9,2,2026-09-26,Added as 'doubtful' to the Friday report update for week four. Remains 'out' on the report. Depth contributor in the linebacking corps.,,,,,,
illinois,Illinois,active,Carter Smith,O,DL,False,6,2,2026-10-07,Listed 'out' on the official availability report. Not in rotation.,,,,,,
illinois,Illinois,active,Tywan Cox,GTD,DB,False,12.1,0,2026-10-10,Official report 2026-10-10: game time decision. Previous context: Official report 2026-10-08: probable. Previous context: Added as 'doubtful' on the initial week six report ahead of Michigan State.,,,,,,
illinois,Illinois,active,Kai Pritchard,O,OL,False,11.2,3,2026-10-10,Official report 2026-10-10: out. Previous context: Added as 'doubtful' on the initial week six report ahead of Michigan State.,,,,,,
illinois,Illinois,active,Katin Houser,Q,QB,,15.6,2,2026-10-11,Houser left Saturday’s overtime win at Michigan State near the end of the third quarter with an apparent hand injury. No update on the severity has been provided.,,,,,,
illinois,Illinois,active,Champ Smith,GTD,OL,False,11.2,0,2026-10-10,"Official report 2026-10-10: game time decision. Previous context: Official report 2026-10-08: probable. Previous context: Shows back up on the availability report as ""questionable"" for week six against Michigan State.",,,,,,
illinois,Illinois,active,Jayshon Platt,GTD,WR,False,11.8,0,2026-10-10,Official report 2026-10-10: game time decision. Previous context: Platt has an injury reported that will keep him out for an extended period of time. Game-time decision ahead of week five. Ruled out. Expected back for week six.,,,,,,
illinois,Illinois,cleared_history,Dezmond Schuster,Cleared,OL,,10.3,0,2026-10-10,Cleared from the injury/status report on 10/10/2026,,,,,,
illinois,Illinois,cleared_history,Kaden Feagin,Cleared,TE,,12.9,1,2026-10-07,Cleared from the injury/status report on 10/07/2026,,,,,,
illinois,Illinois,cleared_history,Andre Lovett Jr.,Cleared,DB,,9.5,0,2026-10-07,Cleared from the injury/status report on 10/07/2026,,,,,,
illinois,Illinois,cleared_history,Jacob Alexander,Cleared,LB,,9.2,0,2026-10-07,Cleared from the injury/status report on 10/07/2026,,,,,,
illinois,Illinois,cleared_history,Brandon Henderson,Cleared,OL,,12.2,0,2026-10-03,Cleared from the injury/status report on 10/03/2026,,,,,,
illinois,Illinois,cleared_history,Darrell Prater,Cleared,DL,,10.7,0,2026-10-03,Cleared from the injury/status report on 10/03/2026,,,,,,
illinois,Illinois,cleared_history,Maika Matelau,Cleared,OL,,10.2,0,2026-10-03,Cleared from the injury/status report on 10/03/2026,,,,,,
illinois,Illinois,cleared_history,Champ Smith,Cleared,OL,,11.2,0,2026-10-03,Cleared from the injury/status report on 10/03/2026,,,,,,
illinois,Illinois,cleared_history,Tanner Heckel,Cleared,DB,,12.8,0,2026-10-03,Cleared from the injury/status report on 10/03/2026,,,,,,
illinois,Illinois,cleared_history,Daniel Brown,Cleared,LB,,10.5,0,2026-10-03,Cleared from the injury/status report on 10/03/2026,,,,,,
illinois,Illinois,cleared_history,Almirian Thomas,Cleared,DB,,11.2,0,2026-10-01,Cleared from the injury/status report on 10/01/2026,,,,,,
illinois,Illinois,cleared_history,Tywan Cox,Cleared,DB,,12.1,0,2026-09-26,Cleared from the injury/status report on 09/26/2026,,,,,,
illinois,Illinois,cleared_history,Murphy Clement,Cleared,RB,,4.6,0,2026-09-26,Cleared from the injury/status report on 09/26/2026,,,,,,
illinois,Illinois,cleared_history,Jacob Alexander,Cleared,LB,,9.2,0,2026-09-26,Cleared from the injury/status report on 09/26/2026,,,,,,
illinois,Illinois,cleared_history,Nathan Knapik,Cleared,OL,,13.2,1,2026-09-24,Cleared from the injury/status report on 09/24/2026,,,,,,
illinois,Illinois,cleared_history,Jake Renfro,Cleared,OL,,13.6,1,2026-09-24,Cleared from the injury/status report on 09/24/2026,,,,,,
illinois,Illinois,cleared_history,Daniel Brown,Cleared,LB,,10.3,0,2026-09-24,Cleared from the injury/status report on 09/24/2026,,,,,,
illinois,Illinois,cleared_history,Will Vala III,Cleared,TE,,4.9,0,2026-09-04,Cleared from the injury/status report on 09/04/2026,,,,,,
illinois,Illinois,cleared_history,John Forster,Cleared,RB,,9.9,0,2026-09-04,Cleared from the injury/status report on 09/04/2026,,,,,,
illinois,Illinois,cleared_history,Jacob Harvey,Cleared,WR,,8.1,0,2026-09-04,Cleared from the injury/status report on 09/04/2026,,,,,,
illinois,Illinois,cleared_history,Kenyon Alston,Cleared,WR,,9.6,0,2026-09-04,Cleared from the injury/status report on 09/04/2026,,,,,,
illinois,Illinois,cleared_history,Jacob Eberhart,Cleared,WR,,10.3,0,2026-09-04,Cleared from the injury/status report on 09/04/2026,,,,,,
illinois,Illinois,cleared_history,Robert Edmonson,Cleared,LB,,12.3,0,2026-09-01,Cleared from the injury/status report on 09/01/2026,,,,,,
illinois,Illinois,cleared_history,Nas Rankin,Cleared,WR,,10.7,1,2026-08-18,Cleared from the injury/status report on 08/18/2026,,,,,,
indiana,Indiana,active,Carson Williams,O,DB,False,11.6,3,2026-09-30,Listed 'out' on the initial week four availability report ahead of Indiana. Remains listed 'out' on the report.,0,,,,,
indiana,Indiana,active,Lebron Bond,O,WR,False,10.9,3,2026-10-09,Official report 2026-10-09: out. Previous context: Official report 2026-10-08: questionable. Previous context: Ruled out pre-game ahead of ODU due to an undisclosed injury. Remains listed 'out' on the report.,0,,,,,
indiana,Indiana,active,Khobie Martin,O,RB,False,14.3,3,2026-09-06,Martin exited the week one game in the first quarter and was diagnosed with a fractured forearm. He's out for an extended period of time.,0,,,,,
indiana,Indiana,active,Andrew Barker,O,TE,False,10.1,3,2026-10-07,Added as 'out' on the initial week six report. Minimal rotational impact.,9,,,,,
indiana,Indiana,cleared_history,Daniel Ndukwe,Cleared,DL,,12.4,3,2026-10-07,Cleared from the injury/status report on 10/07/2026,,,,,,
indiana,Indiana,cleared_history,A.J. Harris,Cleared,DB,,13.6,1,2026-10-07,Cleared from the injury/status report on 10/07/2026,,,,,,
indiana,Indiana,cleared_history,Lee Beebe Jr.,Cleared,RB,,13.6,3,2026-10-04,Cleared from the injury/status report on 10/04/2026,,,,,,
indiana,Indiana,cleared_history,Sean Cuono,Cleared,RB,,10.4,1,2026-10-03,Cleared from the injury/status report on 10/03/2026,,,,,,
indiana,Indiana,cleared_history,Rolijah Hardy,Cleared,LB,,14.3,0,2026-10-03,Cleared from the injury/status report on 10/03/2026,,,,,,
indiana,Indiana,cleared_history,Turbo Richard,Cleared,RB,,14.2,0,2026-10-03,Cleared from the injury/status report on 10/03/2026,,,,,,
indiana,Indiana,cleared_history,Stephen Daley,Cleared,DL,,14.8,0,2026-09-25,Cleared from the injury/status report on 09/25/2026,,,,,,
indiana,Indiana,cleared_history,Kellan Wyatt,Cleared,DL,,12.9,0,2026-09-25,Cleared from the injury/status report on 09/25/2026,,,,,,
indiana,Indiana,cleared_history,Nico Radicic,Cleared,K,,15.2,1,2026-09-25,Cleared from the injury/status report on 09/25/2026,,,,,,
indiana,Indiana,cleared_history,Nico Radicic,Cleared,K,,15.2,1,2026-09-20,Cleared from the injury/status report on 09/20/2026,,,,,,
indiana,Indiana,cleared_history,Jamari Sharpe,Cleared,DB,,15.8,1,2026-09-20,Cleared from the injury/status report on 09/20/2026,,,,,,
indiana,Indiana,cleared_history,Blake Smythe,Cleared,DL,,9.5,0,2026-09-20,Cleared from the injury/status report on 09/20/2026,,,,,,
indiana,Indiana,cleared_history,Trevor Gibbs,Cleared,TE,,7.4,0,2026-09-20,Cleared from the injury/status report on 09/20/2026,,,,,,
indiana,Indiana,cleared_history,A.J. Harris,Cleared,DB,,13.9,0,2026-09-01,Cleared from the injury/status report on 09/01/2026,,,,,,
indiana,Indiana,cleared_history,Trevor Gibbs,Cleared,TE,,10,0,2026-08-10,Cleared from the injury/status report on 08/10/2026,,,,,,
indiana,Indiana,cleared_history,Brock Schott,Cleared,TE,,11.4,0,2026-08-10,Cleared from the injury/status report on 08/10/2026,,,,,,
iowa,Iowa,active,Kyler Gerardy,O,DB,,8.4,0,2026-08-31,Suffered an undisclosed injury in mid-August. Could miss an extended period of time and potentially the entire 2026 season.,0,,,,,
iowa,Iowa,active,Tyler Brown,O,DB,False,13.5,4,2026-10-06,Injured late in week four's game and missed the Ohio State game. Will also miss week six against Washington. A big loss for this secondary.,0,,,,,
iowa,Iowa,active,Carson Cooney,O,LB,False,11.4,3,2026-10-07,Added as 'out' on the second report for week six against Washington.,0,,,,,
iowa,Iowa,active,Mason Woods,O,TE,False,9.9,3,2026-10-07,Added as 'out' on the second report for week six against Washington.,0,,,,,
iowa,Iowa,active,Ty Hudkins,O,DB,False,10.9,3,2026-10-09,Official report 2026-10-09: out. Previous context: Official report 2026-10-08: doubtful. Previous context: Added as 'questionable' to play week six against Washington on the inital report.,0,,,,,
iowa,Iowa,active,Hank Brown,Q,QB,False,11.9,1,2026-10-10,"DNP week six after being declared a game-time call. Injured in-game week five against Ohio State, went to the locker room. Questionable for week six. Said to be 'really limited' and this is soundling closer to a 'doubtful' tag at this point.",0,,,,,
iowa,Iowa,cleared_history,Zach Lutmer,Cleared,DB,,15.4,0,2026-10-06,Cleared from the injury/status report on 10/06/2026,,,,,,
iowa,Iowa,cleared_history,Darion Jones,Cleared,DB,,12.7,1,2026-10-03,Cleared from the injury/status report on 10/03/2026,,,,,,
iowa,Iowa,cleared_history,Derek Weisskopf,Cleared,LB,,11,1,2026-10-03,Cleared from the injury/status report on 10/03/2026,,,,,,
iowa,Iowa,cleared_history,Kamari Moulton,Cleared,RB,,14.8,0,2026-09-26,Cleared from the injury/status report on 09/26/2026,,,,,,
iowa,Iowa,cleared_history,Dj Vonnahme,Cleared,TE,,12.4,0,2026-09-26,Cleared from the injury/status report on 09/26/2026,,,,,,
iowa,Iowa,cleared_history,Brevin Doll,Cleared,RB,,9.8,1,2026-09-26,Cleared from the injury/status report on 09/26/2026,,,,,,
iowa,Iowa,cleared_history,L.J. Phillips Jr.,Cleared,RB,,13.9,0,2026-09-24,Cleared from the injury/status report on 09/24/2026,,,,,,
iowa,Iowa,cleared_history,Lance Ingold,Cleared,DL,,8.6,0,2026-09-24,Cleared from the injury/status report on 09/24/2026,,,,,,
iowa,Iowa,cleared_history,Lance Beeghley,Cleared,WR,,8.1,0,2026-09-24,Cleared from the injury/status report on 09/24/2026,,,,,,
iowa,Iowa,cleared_history,Trent Wilson,Cleared,OL,,12.6,1,2026-09-24,Cleared from the injury/status report on 09/24/2026,,,,,,
iowa,Iowa,cleared_history,Tyler Brown,Cleared,DB,,13.5,1,2026-09-20,Cleared from the injury/status report on 09/20/2026,,,,,,
iowa,Iowa,cleared_history,Tony Diaz,Cleared,WR,,12.9,0,2026-09-01,Cleared from the injury/status report on 09/01/2026,,,,,,
iowa,Iowa,cleared_history,Jarriett Buie,Cleared,WR,,10,0,2026-09-01,Cleared from the injury/status report on 09/01/2026,,,,,,
iowa,Iowa,cleared_history,Evan James,Cleared,WR,,13.6,0,2026-08-15,Cleared from the injury/status report on 08/15/2026,,,,,,
iowa-state,Iowa State,active,Braden Awls,OFS,S,False,13.8,0,2026-06-18,Tore ACL in spring camp and is likely to miss the entire 2026 season.,0,,,,,
iowa-state,Iowa State,active,Salahadin Allah,OFS,RB,False,10.8,0,2026-06-18,Will miss the 2026 season with an Achilles injury.,,,,,,
iowa-state,Iowa State,active,Evan Boyd,OFS,WR,False,11.4,2,2026-09-15,Had a knee injury in the first half of week two and it does not look good. Turns out it is a season-ending injury.,0,,,,,
iowa-state,Iowa State,active,Ka'Mori Moore,O,DT,False,9.9,3,2026-10-02,Has yet to take the field this season and no timetable for his return.,0,,,,,
iowa-state,Iowa State,active,Drew Surges,O,S,False,13.6,4,2026-10-06,Added to the week six initial report as 'out' and will not play against BYU. An impactful loss on the secondary.,0,,,,,
iowa-state,Iowa State,active,Caden Crawford,O,DE,False,14.2,4,2026-10-06,Listed 'out' on the initial week five report. Remains listed 'out' for week six and it's not a small loss for this defensive line.,0,,,,,
iowa-state,Iowa State,active,Rylan Barnes,O,LB,False,7.8,2,2026-10-08,Official report 2026-10-08: out. Previous context: Added to the week six initial report as 'out' and will not play against BYU. Moved to 'doubtful' on update. Not in rotation.,0,,,,,
iowa-state,Iowa State,active,Duhron Goodman,Q,S,True,13.4,2,2026-10-09,Injured in-game week six against BYU. Severity unknown,4,,,,,
iowa-state,Iowa State,active,Brody Miller,Q,S,True,11.4,1,2026-10-09,Injured in-game week six against BYU. Severity unknown,53,,,,,
iowa-state,Iowa State,active,Dominic Overby,Q,WR,True,12.8,1,2026-10-09,Injured in-game week six against BYU. Was not able to return to the game.,3,,,,,
iowa-state,Iowa State,cleared_history,Christian Greenlaw,Cleared,TE,,8.4,0,2026-10-10,Cleared from the injury/status report on 10/10/2026,,,,,,
iowa-state,Iowa State,cleared_history,Jaheim Singletary,Cleared,CB,,11.7,1,2026-10-05,Cleared from the injury/status report on 10/05/2026,,,,,,
iowa-state,Iowa State,cleared_history,Carter Pabst,Cleared,WR,,10.7,4,2026-10-03,Cleared from the injury/status report on 10/03/2026,,,,,,
iowa-state,Iowa State,cleared_history,Caden Maas,Cleared,OL,,11.2,4,2026-10-03,Cleared from the injury/status report on 10/03/2026,,,,,,
iowa-state,Iowa State,cleared_history,Daniel Howard,Cleared,DT,,9.6,0,2026-10-01,Cleared from the injury/status report on 10/01/2026,,,,,,
iowa-state,Iowa State,cleared_history,Trey Verdon,Cleared,DE,,10,3,2026-10-01,Cleared from the injury/status report on 10/01/2026,,,,,,
iowa-state,Iowa State,cleared_history,Rylan Barnes,Cleared,LB,,7.8,2,2026-10-01,Cleared from the injury/status report on 10/01/2026,,,,,,
iowa-state,Iowa State,cleared_history,Luke Galer,Cleared,TE,,8.2,0,2026-09-26,Cleared from the injury/status report on 09/26/2026,,,,,,
iowa-state,Iowa State,cleared_history,Drew Surges,Cleared,S,,14,0,2026-09-26,Cleared from the injury/status report on 09/26/2026,,,,,,
iowa-state,Iowa State,cleared_history,Malaki Ta'ase,Cleared,DE,,12.8,0,2026-09-25,Cleared from the injury/status report on 09/25/2026,,,,,,
iowa-state,Iowa State,cleared_history,Jack Janikowski,Cleared,DE,,13.6,0,2026-09-25,Cleared from the injury/status report on 09/25/2026,,,,,,
iowa-state,Iowa State,cleared_history,Caden Crawford,Cleared,DE,,14.3,0,2026-09-25,Cleared from the injury/status report on 09/25/2026,,,,,,
iowa-state,Iowa State,cleared_history,Donovan Fitzmaurice,Cleared,DT,,12.1,0,2026-09-25,Cleared from the injury/status report on 09/25/2026,,,,,,
iowa-state,Iowa State,cleared_history,Ty Claiborne,Cleared,WR,,8.9,1,2026-09-25,Cleared from the injury/status report on 09/25/2026,,,,,,
iowa-state,Iowa State,cleared_history,Jake Taylor,Cleared,OL,,12.1,1,2026-09-25,Cleared from the injury/status report on 09/25/2026,,,,,,
iowa-state,Iowa State,cleared_history,Caden Maas,Cleared,OL,,11,1,2026-09-25,Cleared from the injury/status report on 09/25/2026,,,,,,
iowa-state,Iowa State,cleared_history,Vince Benetti,Cleared,TE,,7.9,0,2026-09-25,Cleared from the injury/status report on 09/25/2026,,,,,,
iowa-state,Iowa State,cleared_history,Zach Eskildsen,Cleared,WR,,5.3,0,2026-09-25,Cleared from the injury/status report on 09/25/2026,,,,,,
iowa-state,Iowa State,cleared_history,Tyrone Cotton III,Cleared,CB,,9.9,0,2026-09-25,Cleared from the injury/status report on 09/25/2026,,,,,,
iowa-state,Iowa State,cleared_history,Easton Miller,Cleared,RB,,5.9,0,2026-09-25,Cleared from the injury/status report on 09/25/2026,,,,,,
iowa-state,Iowa State,cleared_history,Ryver Peppers,Cleared,RB,,9.4,1,2026-09-25,Cleared from the injury/status report on 09/25/2026,,,,,,
iowa-state,Iowa State,cleared_history,Ethan Stecker,Cleared,LB,,9.5,0,2026-09-25,Cleared from the injury/status report on 09/25/2026,,,,,,
iowa-state,Iowa State,cleared_history,Beni Ngoyi,Cleared,CB,,14.4,1,2026-09-25,Cleared from the injury/status report on 09/25/2026,,,,,,
iowa-state,Iowa State,cleared_history,Keyon Washington,Cleared,CB,,10,0,2026-09-25,Cleared from the injury/status report on 09/25/2026,,,,,,
iowa-state,Iowa State,cleared_history,Jordyn Bailey,Cleared,WR,,10.6,2,2026-09-24,Cleared from the injury/status report on 09/24/2026,,,,,,
iowa-state,Iowa State,cleared_history,Jack Janikowski,Cleared,DE,,13.6,1,2026-09-20,Cleared from the injury/status report on 09/20/2026,,,,,,
iowa-state,Iowa State,cleared_history,Gavin Proudfoot,Cleared,OL,,10.8,0,2026-09-20,Cleared from the injury/status report on 09/20/2026,,,,,,
iowa-state,Iowa State,cleared_history,Aiden Flora,Cleared,RB,,13.3,1,2026-09-14,Cleared from the injury/status report on 09/14/2026,,,,,,
iowa-state,Iowa State,cleared_history,Jordyn Bailey,Cleared,WR,,11.1,0,2026-08-10,Cleared from the injury/status report on 08/10/2026,,,,,,
jax-state,Jacksonville State,active,Mac Sanders,OFS,LB,False,12.5,2,2026-09-08,Suffered an injury week one against ND State and it will cost him the rest of the 2026 season.,0,,,,,
jax-state,Jacksonville State,active,Andrew Paul,OFS,RB,,11.4,3,2026-09-27,Listed as 'inactive' for week two against Ohio. Remained 'out' week through week four and now is slated to miss all of 2026,0,,,,,
jax-state,Jacksonville State,active,Franklin Baret Jr.,O,WR,,7.9,2,2026-09-27,DNP week four against MTSU. Moving to 'questionable' for week six after the bye.,0,,,,,
jax-state,Jacksonville State,active,Nabi Hoyt,Q,WR,False,5.3,0,2026-09-27,Listed as 'inactive' for week two against Ohio. No snaps recorded week four. Leaving out until we get an official report week six after the bye.,0,,,,,
jax-state,Jacksonville State,active,Justus Savage,Q,RB,,9.7,0,2026-09-27,Listed as 'inactive' for week two against Ohio. No snaps recorded week four. Leaving out until we get an official report week six after the bye.,0,,,,,
jax-state,Jacksonville State,active,Gabe Glover,O,WR,False,7.5,2,2026-09-27,DNP week four against MTSU. Moving to 'questionable' for week six after the bye. Not a regular rotation player.,0,,,,,
jax-state,Jacksonville State,active,Walker O'Steen,O,LB,False,11.9,3,2026-09-27,Injured leg in-game week four against MTSU and was forced to leave the game. Out week 6,0,,,,,
jax-state,Jacksonville State,active,Rj Rainer,O,CB,False,7.7,0,2026-10-07,Listed OUT for week 6,0,,,,,
jax-state,Jacksonville State,active,Shondell Harris,O,SAF,False,10.4,3,2026-10-07,Listed OUT for week 6,0,,,,,
jax-state,Jacksonville State,active,Vernon Woodward III,O,SAF,False,10,3,2026-10-07,Listed OUT for week 6,0,,,,,
jax-state,Jacksonville State,active,Rollie Pinto,O,WR,False,8.1,0,2026-10-07,Listed OUT for week 6,0,,,,,
jax-state,Jacksonville State,active,Markevian Blake,O,OL,False,9.8,3,2026-10-07,Listed OUT for week 6,0,,,,,
jax-state,Jacksonville State,active,Luke Gilbert,Q,TE,False,12,1,2026-10-07,Listed Q for week 6,49,,,,,
jax-state,Jacksonville State,active,Lance Johnson,Q,OL,False,11.8,1,2026-10-07,Listed Q for week 6,38,,,,,
jax-state,Jacksonville State,active,Landon Watkins,O,WR,False,8.6,0,2026-10-07,Ruled out week six just before kickoff. Does not impact rotation.,0,,,,,
jax-state,Jacksonville State,cleared_history,Aj Watkins,Cleared,WR,,7.1,1,2026-09-28,Cleared from the injury/status report on 09/28/2026,,,,,,
jax-state,Jacksonville State,cleared_history,Jalen Likely,Cleared,RB,,9.9,1,2026-09-20,Cleared from the injury/status report on 09/20/2026,,,,,,
jax-state,Jacksonville State,cleared_history,Walker O'Steen,Cleared,LB,,10.5,0,2026-09-07,Cleared from the injury/status report on 09/07/2026,,,,,,
jmu,James Madison,active,Frankie Tinilau,GTD,OL,False,9.1,0,2026-10-10,Official report 2026-10-10: game time decision. Game 2026-10-10. Previous context: Added to the Sun Belt injury report as questionable for Week 6 vs. GA Southern.,25,,,,,
jmu,James Madison,active,Kevin Roberts,O,DL,False,12.7,4,2026-10-07,Added to the Sun Belt injury report as out for Week 6 vs. GA Southern.,0,,,,,
jmu,James Madison,active,Corey Scott,O,WR,False,12.1,3,2026-10-07,Added to the Sun Belt injury report as out for Week 6 vs. GA Southern.,0,,,,,
jmu,James Madison,active,Amar Thomas,O,EDGE,False,12.8,4,2026-10-07,Added to the Sun Belt injury report as out for Week 6 vs. GA Southern.,0,,,,,
jmu,James Madison,cleared_history,Miles Halbert,Cleared,WR,,6.6,0,2026-10-10,Cleared from the injury/status report on 10/10/2026,,,,,,
jmu,James Madison,cleared_history,JC Evans,Cleared,QB,,10.2,3,2026-10-08,Cleared from the injury/status report on 10/08/2026,,,,,,
jmu,James Madison,cleared_history,Za'Ron Collins,Cleared,WR,,10.7,3,2026-10-08,Cleared from the injury/status report on 10/08/2026,,,,,,
jmu,James Madison,cleared_history,Daniel Michel,Cleared,OL,,11,0,2026-10-04,Cleared from the injury/status report on 10/04/2026,,,,,,
jmu,James Madison,cleared_history,Zach Greenberg,Cleared,OL,,12.5,0,2026-10-02,Cleared from the injury/status report on 10/02/2026,,,,,,
jmu,James Madison,cleared_history,Javis Mynatt,Cleared,S,,12.4,4,2026-09-24,Cleared from the injury/status report on 09/24/2026,,,,,,
jmu,James Madison,cleared_history,Seth Cromwell,Cleared,RB,,11.1,1,2026-09-20,Cleared from the injury/status report on 09/20/2026,,,,,,
jmu,James Madison,cleared_history,Gannon Weathersby,Cleared,LB,,12.3,1,2026-09-16,Cleared from the injury/status report on 09/16/2026,,,,,,
jmu,James Madison,cleared_history,KD Mosley,Cleared,TE,,8.2,0,2026-09-06,Cleared from the injury/status report on 09/06/2026,,,,,,
k-state,Kansas State,active,John Pastore,OFS,OL,False,14.7,4,2026-08-26,What seemed like a small injury ultimately ended his 2026 season before it even started. He will be out for the entire season with an Achilles injury.,0,,,,,
k-state,Kansas State,active,George Fitzpatrick,OFS,OL,False,12.6,2,2026-08-26,Still appears a ways a way from returning to full strength as he has been seen at practice in street clothes. UPDATE: Klein confirmed he is out for the season (again).,0,,,,,
k-state,Kansas State,active,Will Anciaux,OFS,TE,False,11.7,3,2026-10-05,"Carted off the field during week four game. After further evaluation, he was ruled out for the remainder of the season.",0,,,,,
k-state,Kansas State,active,Blake Barnett,O,QB,False,10.5,2,2026-09-20,Seen on crutches prior to the week three game and may be out for a longer period of time. Reserve QB.,0,,,,,
k-state,Kansas State,active,Dillon Duff,Q,QB,False,9.1,0,2026-10-10,Official report 2026-10-10: game time decision. Previous context: Depth QB listed 'questionable' to be avaialble week six. No impact to the offense.,0,,,,,
k-state,Kansas State,cleared_history,Jaron Tibbs,Cleared,WR,,13.1,1,2026-10-08,Cleared from the injury/status report on 10/08/2026,,,,,,
k-state,Kansas State,cleared_history,Oliver Miller,Cleared,OL,,8.1,0,2026-10-08,Cleared from the injury/status report on 10/08/2026,,,,,,
k-state,Kansas State,cleared_history,Ja'Son Prevard,Cleared,S,,12.3,3,2026-10-08,Cleared from the injury/status report on 10/08/2026,,,,,,
k-state,Kansas State,cleared_history,Dillon Duff,Cleared,QB,,9.1,0,2026-09-27,Cleared from the injury/status report on 09/27/2026,,,,,,
k-state,Kansas State,cleared_history,Jacob Knuth,Cleared,QB,,9.4,1,2026-09-27,Cleared from the injury/status report on 09/27/2026,,,,,,
k-state,Kansas State,cleared_history,Jordan Allen,Cleared,DE,,11.9,1,2026-09-24,Cleared from the injury/status report on 09/24/2026,,,,,,
k-state,Kansas State,cleared_history,Logan Bartley,Cleared,S,,12.9,3,2026-09-24,Cleared from the injury/status report on 09/24/2026,,,,,,
k-state,Kansas State,cleared_history,Donovan McIntosh,Cleared,CB,,13.1,3,2026-09-24,Cleared from the injury/status report on 09/24/2026,,,,,,
k-state,Kansas State,cleared_history,Max Lovett,Cleared,WR,,9.8,0,2026-09-07,Cleared from the injury/status report on 09/07/2026,,,,,,
k-state,Kansas State,cleared_history,Isaac Koch,Cleared,WR,,7.8,0,2026-09-07,Cleared from the injury/status report on 09/07/2026,,,,,,
k-state,Kansas State,cleared_history,Tanner Morley,Cleared,OL,,12.2,1,2026-09-07,Cleared from the injury/status report on 09/07/2026,,,,,,
k-state,Kansas State,cleared_history,Garrett Oakley,Cleared,TE,,13.2,0,2026-08-27,Cleared from the injury/status report on 08/27/2026,,,,,,
k-state,Kansas State,cleared_history,Tanner Morley,Cleared,OL,,12.3,1,2026-08-26,Cleared from the injury/status report on 08/26/2026,,,,,,
kansas,Kansas,active,Tre'von McAlpine,OFS,DT,False,12.4,2,2026-08-04,An ACL injury revealed on the opening of summer camp. Will miss the 2026 season.,0,,,,,
kansas,Kansas,active,Justin Thurman,OFS,RB,,10.5,0,2026-08-10,"Another injury occured in early summer camp, ending his 2026 season early.",0,,,,,
kansas,Kansas,active,Kory Amachree,O,RB,False,10.4,1,2026-09-04,Limited early in summer camp with an undisclosed injury and is now expected to miss extended time into the season.,0,,,,,
kansas,Kansas,active,Yasin Willis,O,RB,,12.3,3,2026-09-28,Has a right foot injury and was seen in a boot after the ASU game week three. DNP week four and may miss the remainder of the 2026 season.,0,,,,,
kansas,Kansas,active,Cole Ballard,O,QB,False,9.7,3,2026-10-07,Injured on a trick play late in the week two game against Mizzou. Not expected to be season-ending. Remains out through week six.,0,,,,,
kansas,Kansas,active,Marco Mohajir,O,OL,False,5.3,0,2026-10-07,Listed 'out' on the initial week six availability report. No impact to the rotation.,0,,,,,
kansas,Kansas,active,Eli Richmond,O,OL,False,5.6,0,2026-10-07,Listed 'out' on the initial week six availability report. No impact to the rotation.,0,,,,,
kansas,Kansas,active,Griffin Baker,O,WR,False,5.3,0,2026-10-07,Listed 'out' on the initial week six availability report. No impact to the rotation.,0,,,,,
kansas,Kansas,active,Carter Moses,O,TE,False,8.4,2,2026-10-09,Official report 2026-10-09: out. Previous context: Official report 2026-10-08: doubtful. Previous context: Listed 'out' on the initial week six availability report. No impact to the rotation.,0,,,,,
kansas,Kansas,active,Jalen Atkins,O,DT,False,5.3,0,2026-10-07,Listed 'out' on the initial week six availability report. No impact to the rotation.,0,,,,,
kansas,Kansas,cleared_history,Khijohnn Cummings-Coleman,Cleared,S/RB,,9.8,0,2026-10-10,Cleared from the injury/status report on 10/10/2026,,,,,,
kansas,Kansas,cleared_history,Tate Nagy,Cleared,WR,,11.7,0,2026-10-10,Cleared from the injury/status report on 10/10/2026,,,,,,
kansas,Kansas,cleared_history,Kasen Carpenter,Cleared,OL,,11.2,1,2026-10-08,Cleared from the injury/status report on 10/08/2026,,,,,,
kansas,Kansas,cleared_history,Jaylen Mason,Cleared,QB,,9,0,2026-10-08,Cleared from the injury/status report on 10/08/2026,,,,,,
kansas,Kansas,cleared_history,Jalen Dupree,Cleared,RB,,12.8,1,2026-10-04,Cleared from the injury/status report on 10/04/2026,,,,,,
kansas,Kansas,cleared_history,Cam Pickett,Cleared,WR,,12.4,1,2026-10-04,Cleared from the injury/status report on 10/04/2026,,,,,,
kansas,Kansas,cleared_history,Bam Crouch,Cleared,LB,,13.2,1,2026-10-04,Cleared from the injury/status report on 10/04/2026,,,,,,
kansas,Kansas,cleared_history,Grady Seyfert,Cleared,DT,,6.1,1,2026-10-04,Cleared from the injury/status report on 10/04/2026,,,,,,
kansas,Kansas,cleared_history,Carson Bruhn,Cleared,TE,,12.9,3,2026-10-04,Cleared from the injury/status report on 10/04/2026,,,,,,
kansas,Kansas,cleared_history,Cam Pickett,Cleared,WR,,12.4,0,2026-09-12,Cleared from the injury/status report on 09/12/2026,,,,,,
kansas,Kansas,cleared_history,Keaton Kubecka,Cleared,WR,,11.3,0,2026-09-05,Cleared from the injury/status report on 09/05/2026,,,,,,
kansas,Kansas,cleared_history,Jalen Dupree,Cleared,RB,,12.7,0,2026-08-06,Cleared from the injury/status report on 08/06/2026,,,,,,
kennesaw-state,Kennesaw State,active,Gerard Bullock Jr.,O,TE,False,8.7,1,2026-09-13,"Yet to play this season, and it is likely due to an injury of some sort. He was not available early on.",0,,,,,
kennesaw-state,Kennesaw State,active,Zion Booker,O,WR,False,12.3,3,2026-09-27,Limited during week four and ultimately was held out of the second half with an undisclosed injury. Listed OUT week 6,0,,,,,
kennesaw-state,Kennesaw State,active,Donovan Westmoreland,O,OLB,False,12,3,2026-10-07,Listed OUT for week 6,0,,,,,
kennesaw-state,Kennesaw State,active,Kaleb Gray,O,DB,False,4.8,1,2026-10-07,Listed OUT for week 6,0,,,,,
kennesaw-state,Kennesaw State,active,Ja'Lyen Judson,O,DB,False,7.3,0,2026-10-07,Listed OUT for week 6,0,,,,,
kennesaw-state,Kennesaw State,active,Kai Russell,Q,C,False,5.6,1,2026-10-07,Listed Q for week 6,0,,,,,
kennesaw-state,Kennesaw State,active,Precious Ekeh,Q,OL,False,10.2,1,2026-10-07,Listed Q for week 6,0,,,,,
kennesaw-state,Kennesaw State,active,Luke Duska,D,OL,False,9.4,2,2026-10-08,Was carted off the field week six with an apparent leg injury. Tracking for updates.,4,,,,,
kent-state,Kent State,active,Maurice Stephens,O,WR,False,8.9,2,2026-09-19,Listed 'out' since Week 2,0,,,,,
kent-state,Kent State,active,Eli Tucker,O,K,False,5.3,0,2026-09-19,Listed 'out' on the week 3 report.,0,,,,,
kent-state,Kent State,active,Bryce Faulk,O,DL,False,4.9,0,2026-09-19,Listed 'out' since Week 2,0,,,,,
kent-state,Kent State,active,William Johnson III,O,OL,False,8.6,2,2026-10-03,"Changed from Q to out on the October 3, 2026 MAC game-day availability report.",0,,,,,
kent-state,Kent State,active,Ethan Thanthanavong,O,QB,False,6,0,2026-09-26,Listed 'out' since Week 4,0,,,,,
kent-state,Kent State,active,Garrett Dial,Q,DL,False,6.5,0,2026-09-19,Listed 'out' on week 3 report,0,,,,,
kent-state,Kent State,active,Norey Johnson,Q,DB,False,11,1,2026-10-03,"Listed questionable on the October 3, 2026 MAC game-day availability report.",21,,,,,
kent-state,Kent State,active,Brodyn Bishop,Q,LB,False,7.8,0,2026-10-03,"Listed questionable on the October 3, 2026 MAC game-day availability report.",2,,,,,
kent-state,Kent State,active,Sayed Abuhamdeh,O,LB,False,10.5,3,2026-10-10,Official report 2026-10-10: out.,0,,,,,
kent-state,Kent State,active,Terik Mulder,O,TE,False,11.1,3,2026-10-10,Official report 2026-10-10: out.,1,,,,,
kent-state,Kent State,cleared_history,Antonio Bottiggi,Cleared,DL,,10.8,1,2026-10-04,Cleared from the injury/status report on 10/04/2026,,,,,,
kent-state,Kent State,cleared_history,Tyler Meadows,Cleared,OL,,8.2,2,2026-10-04,Cleared from the injury/status report on 10/04/2026,,,,,,
kent-state,Kent State,cleared_history,Sayed Abuhamdeh,Cleared,LB,,10.5,1,2026-10-04,Cleared from the injury/status report on 10/04/2026,,,,,,
kent-state,Kent State,cleared_history,Hayden Dawahare,Cleared,LB,,12.2,0,2026-10-04,Cleared from the injury/status report on 10/04/2026,,,,,,
kent-state,Kent State,cleared_history,Zy'aire Fletcher,Cleared,TE,,8.9,1,2026-10-04,Cleared from the injury/status report on 10/04/2026,,,,,,
kent-state,Kent State,cleared_history,Jaxon Dunn,Cleared,OL,,11,3,2026-09-26,Cleared from the injury/status report on 09/26/2026,,,,,,
kent-state,Kent State,cleared_history,Garrett Dial,Cleared,DL,,6.5,0,2026-09-26,Cleared from the injury/status report on 09/26/2026,,,,,,
kent-state,Kent State,cleared_history,Dru DeShields,Cleared,QB,,11.6,0,2026-09-19,Cleared from the injury/status report on 09/19/2026,,,,,,
kent-state,Kent State,cleared_history,Daiveon Taylor,Cleared,DL,,9.2,0,2026-09-19,Cleared from the injury/status report on 09/19/2026,,,,,,
kent-state,Kent State,cleared_history,William Bierfeldt,Cleared,WR,,5.6,0,2026-09-19,Cleared from the injury/status report on 09/19/2026,,,,,,
kent-state,Kent State,cleared_history,Max Gembus,Cleared,OL,,4.6,1,2026-09-19,Cleared from the injury/status report on 09/19/2026,,,,,,
kent-state,Kent State,cleared_history,Matthew Sollberger,Cleared,LB,,5.3,0,2026-09-19,Cleared from the injury/status report on 09/19/2026,,,,,,
kent-state,Kent State,cleared_history,Chase Mantooth,Cleared,LS,,8.8,,2026-09-19,Cleared from the injury/status report on 09/19/2026,,,,,,
kent-state,Kent State,cleared_history,Dylan Armentrout,Cleared,RB,,6.7,0,2026-09-19,Cleared from the injury/status report on 09/19/2026,,,,,,
kent-state,Kent State,cleared_history,Nate Gregory,Cleared,LB,,8.6,0,2026-09-12,Cleared from the injury/status report on 09/12/2026,,,,,,
kent-state,Kent State,cleared_history,Ali Fisher,Cleared,WR,,7.1,0,2026-09-12,Cleared from the injury/status report on 09/12/2026,,,,,,
kentucky,Kentucky,active,Tovani Mizell,OFS,RB,,10.1,0,2026-08-23,Will miss the entire 2026 season with a knee injury that required immediate surgery.,0,,,,,
kentucky,Kentucky,active,Grant Grayton,O,DB,False,10.2,2,2026-09-27,Added to the injury report ahead of the week three game against A&M as 'questionable' to play. DNP and missed week four as well. Leaving until we get an update.,0,,,,,
kentucky,Kentucky,active,Tavion Wallace,O,ILB,False,12.3,3,2026-10-02,Added to the Thursday updated report ahead of week five as 'questionable' to play against South Carolina. Downgraded to 'out' on Friday update.,0,,,,,
kentucky,Kentucky,active,Aba Selm,O,OL,False,11.2,3,2026-10-02,Added back to the report on Friday update ahead of week five as 'out'. Will not be available.,0,,,,,
kentucky,Kentucky,active,Jaden Smith,O,DB,False,11.4,3,2026-10-07,Added as 'out' on the week six initial report. Starter in the secondary.,0,,,,,
kentucky,Kentucky,active,Antwan Smith,O,ILB,False,10,3,2026-10-07,Said to be missing a second straight game week six against LSU.,0,,,,,
kentucky,Kentucky,active,Kalen Edwards,O,DL,False,13.6,4,2026-10-09,Official report 2026-10-09: out. Previous context: Official report 2026-10-08: doubtful. Previous context: Added as 'questionable' to play week six against LSU on the initial report.,0,,,,,
kentucky,Kentucky,active,Alex Afari Jr.,O,LB,False,12.6,4,2026-10-09,Listed ' out' for week six on the availability report.,0,,,,,
kentucky,Kentucky,cleared_history,Jordan Colbert,Cleared,RB,,7.8,1,,Cleared from the injury/status report on 10/10/2026,,,,,,
kentucky,Kentucky,cleared_history,Dj Miller,Cleared,WR,,11.9,0,,Cleared from the injury/status report on 10/10/2026,,,,,,
kentucky,Kentucky,cleared_history,Cole Marszalek,Cleared,LS,,14.8,,,Cleared from the injury/status report on 10/08/2026,,,,,,
kentucky,Kentucky,cleared_history,Jay Clark,Cleared,OL,,10.7,0,,Cleared from the injury/status report on 10/07/2026,,,,,,
kentucky,Kentucky,cleared_history,Jason Patterson,Cleared,RB,,14.2,2,,Cleared from the injury/status report on 10/07/2026,,,,,,
kentucky,Kentucky,cleared_history,Martels Carter Jr.,Cleared,RB,,10.9,1,,Cleared from the injury/status report on 10/02/2026,,,,,,
kentucky,Kentucky,cleared_history,Jordan Castell,Cleared,DB,,12.7,0,,Cleared from the injury/status report on 10/02/2026,,,,,,
kentucky,Kentucky,cleared_history,Jovantae Barnes,Cleared,RB,,12.4,1,,Cleared from the injury/status report on 09/30/2026,,,,,,
kentucky,Kentucky,cleared_history,Ty Bryant,Cleared,DB,,14.5,2,,Cleared from the injury/status report on 09/30/2026,,,,,,
kentucky,Kentucky,cleared_history,Nic Anderson,Cleared,WR,,11.6,0,,Cleared from the injury/status report on 09/30/2026,,,,,,
kentucky,Kentucky,cleared_history,Tavion Gadson,Cleared,DL,,14.5,0,,Cleared from the injury/status report on 09/30/2026,,,,,,
kentucky,Kentucky,cleared_history,Lincoln Watkins,Cleared,TE,,9.8,0,,Cleared from the injury/status report on 09/30/2026,,,,,,
kentucky,Kentucky,cleared_history,Andre Clarke Jr.,Cleared,DB,,11.3,0,,Cleared from the injury/status report on 09/30/2026,,,,,,
kentucky,Kentucky,cleared_history,Ty Bryant,Cleared,DB,,14.5,0,,Cleared from the injury/status report on 09/27/2026,,,,,,
kentucky,Kentucky,cleared_history,Jamarrion Harkless,Cleared,DL,,12.2,3,,Cleared from the injury/status report on 09/27/2026,,,,,,
kentucky,Kentucky,cleared_history,Cj Baxter,Cleared,RB,,12.3,0,,Cleared from the injury/status report on 09/16/2026,,,,,,
kentucky,Kentucky,cleared_history,Terhyon Nichols,Cleared,DB,,13.3,0,,Cleared from the injury/status report on 09/16/2026,,,,,,
kentucky,Kentucky,cleared_history,Aba Selm,Cleared,OL,,10.9,1,,Cleared from the injury/status report on 09/16/2026,,,,,,
kentucky,Kentucky,cleared_history,Max Anderson,Cleared,OL,,11.1,1,,Cleared from the injury/status report on 09/16/2026,,,,,,
kentucky,Kentucky,cleared_history,Jacob Kauwe,Cleared,K,,14.1,0,,Cleared from the injury/status report on 09/09/2026,,,,,,
kentucky,Kentucky,cleared_history,Hasaan Sykes,Cleared,DB,,10.5,0,,Cleared from the injury/status report on 09/09/2026,,,,,,
kentucky,Kentucky,cleared_history,Terhyon Nichols,Cleared,DB,,13.3,1,,Cleared from the injury/status report on 09/09/2026,,,,,,
kentucky,Kentucky,cleared_history,Jovantae Barnes,Cleared,RB,,12,1,,Cleared from the injury/status report on 09/09/2026,,,,,,
kentucky,Kentucky,cleared_history,Malachi Wood,Cleared,OL,,9.8,3,,Cleared from the injury/status report on 09/09/2026,,,,,,
kentucky,Kentucky,cleared_history,Jaden Smith,Cleared,DB,,11.9,0,,Cleared from the injury/status report on 09/06/2026,,,,,,
kentucky,Kentucky,cleared_history,Cj Baxter,Cleared,RB,,12.3,0,,Cleared from the injury/status report on 09/06/2026,,,,,,
kentucky,Kentucky,cleared_history,Nic Anderson,Cleared,WR,,12.1,0,,Cleared from the injury/status report on 09/06/2026,,,,,,
kentucky,Kentucky,cleared_history,Sam Greene,Cleared,OLB,,14.5,0,,Cleared from the injury/status report on 09/06/2026,,,,,,
kentucky,Kentucky,cleared_history,Tegra Tshabola,Cleared,OL,,11.5,0,,Cleared from the injury/status report on 09/06/2026,,,,,,
la-tech,Louisiana Tech,active,Dane Benedix,OFS,WR,False,8.7,1,2026-09-13,Tore his ACL during the final week of fall camp and will miss the entire 2026 season.,0,,,,,
la-tech,Louisiana Tech,active,Za'Qwaun Nunn,OFS,DL,True,11.2,4,2026-10-10,Official report 2026-10-10: season ending. Game 2026-10-10.,0,,,,,
la-tech,Louisiana Tech,active,Judd Rouyea,O,DL,True,10.5,4,2026-10-10,Official report 2026-10-10: out. Game 2026-10-10. Previous context: Added to the Sun Belt injury report as probable for Week 6 vs. Louisiana.,0,,,,,
la-tech,Louisiana Tech,active,Trey Kukuk,GTD,QB,False,13.6,0,2026-10-10,Official report 2026-10-10: game time decision. Game 2026-10-10. Previous context: Injured late in Q4 with an ankle injury in Week 5 vs. Army. Listed as questionable for Week 6 vs. Louisiana.,0,,,,,
la-tech,Louisiana Tech,active,Ty Jones,O,DB,False,11.2,3,2026-10-07,Downgraded to out for Week 6 vs. Louisiana.,0,,,,,
la-tech,Louisiana Tech,active,Amari Butler,O,DB,False,11.5,3,2026-10-07,Added to the Sun Belt injury report as out for Week 6 vs. Louisiana.,0,,,,,
la-tech,Louisiana Tech,cleared_history,Jaden Miller,Cleared,RB,,10.8,0,2026-10-08,Cleared from the injury/status report on 10/08/2026,,,,,,
la-tech,Louisiana Tech,cleared_history,Tye Hylton,Cleared,OL,,10.3,2,2026-10-08,Cleared from the injury/status report on 10/08/2026,,,,,,
la-tech,Louisiana Tech,cleared_history,Emmanuel Oguns,Cleared,DL,,10.6,2,2026-10-04,Cleared from the injury/status report on 10/04/2026,,,,,,
la-tech,Louisiana Tech,cleared_history,Blake Baker,Cleared,QB,,12.3,1,2026-10-04,Cleared from the injury/status report on 10/04/2026,,,,,,
la-tech,Louisiana Tech,cleared_history,Marcus Calwise Jr.,Cleared,WR,,10.9,3,2026-09-15,Cleared from the injury/status report on 09/15/2026,,,,,,
la-tech,Louisiana Tech,cleared_history,Kolbe Fields,Cleared,LB,,14.6,0,2026-08-10,Cleared from the injury/status report on 08/10/2026,,,,,,
la-tech,Louisiana Tech,cleared_history,Talyn Shettron,Cleared,WR,,12.9,0,2026-08-10,Cleared from the injury/status report on 08/10/2026,,,,,,
la-tech,Louisiana Tech,cleared_history,Blake Baker,Cleared,QB,,13.1,0,2026-08-10,Cleared from the injury/status report on 08/10/2026,,,,,,
liberty,Liberty,active,"Erwil Anthony, Jr.",OFS,OL,False,9.4,0,2026-09-05,Announced out for the 2026 season due to an injury suffered on the first day of training camp.,0,,,,,
liberty,Liberty,active,Aaron Hester,OFS,DL,False,12.8,2,2026-09-05,Sidelined for the entire 2026 season due to an injury over the summer.,0,,,,,
liberty,Liberty,active,Justin Marshall,OFS,RB,False,12.9,0,2026-09-17,OFS with a lower leg injury,0,,,,,
liberty,Liberty,active,Ashton Whitner,O,S,,12.2,3,2026-10-02,Listed 'out' on the game day report week five ahead of Delaware. Leaving there until we get another update.,0,,,,,
liberty,Liberty,active,Bo Burklow,Q,TE,,3.5,0,2026-10-02,"Out week 5, Questionable for week 6",0,,,,,
liberty,Liberty,active,Kennedi Bailey,O,CB,,8.5,0,2026-10-02,Listed 'out' on the game day report week five ahead of Delaware. Leaving there until we get another update.,0,,,,,
liberty,Liberty,active,Austin Anderson,O,OL,,11.5,3,2026-10-02,Listed 'out' on the game day report week five ahead of Delaware. Leaving there until we get another update.,0,,,,,
liberty,Liberty,active,Nathan Pirolli,Q,DL,False,12.3,1,2026-10-08,Added to injury report as Q for week 6,25,,,,,
liberty,Liberty,cleared_history,Ethan Crisp,Cleared,JK,,12.1,3,2026-10-10,Cleared from the injury/status report on 10/10/2026,,,,,,
liberty,Liberty,cleared_history,Cam Wood,Cleared,RB,,,0,2026-10-10,Cleared from the injury/status report on 10/10/2026,,,,,,
liberty,Liberty,cleared_history,Ethan Houck,Cleared,TE,,9.2,1,2026-10-03,Cleared from the injury/status report on 10/03/2026,,,,,,
liberty,Liberty,cleared_history,"LaKelsey Johnson, Jr.",Cleared,TE,,10.5,1,2026-09-20,Cleared from the injury/status report on 09/20/2026,,,,,,
liberty,Liberty,cleared_history,Ethan Vasko,Cleared,QB,,13.7,0,2026-08-06,Cleared from the injury/status report on 08/06/2026,,,,,,
louisiana,Louisiana,active,Conor McPherson,OFS,LB,False,11.1,3,2026-10-01,Undisclosed injury; listed as OFS on their first Sun Belt injury report of the season.,0,,,,,
louisiana,Louisiana,active,AJ Spencer,OFS,OLB,False,5.3,0,2026-10-01,Undisclosed injury; listed as OFS on their first Sun Belt injury report of the season.,0,,,,,
louisiana,Louisiana,active,Jeramiah Holts,OFS,DL,False,5.3,1,2026-10-01,Undisclosed injury; listed as OFS on their first Sun Belt injury report of the season.,0,,,,,
louisiana,Louisiana,active,Hayden Darbonne,OFS,LB,False,4.6,1,2026-10-01,Injured in the 2nd Quarter of their Week 1 game; Has not played since. Now listed as OFS.,0,,,,,
louisiana,Louisiana,active,Darrell Smith,OFS,RB,False,9.3,3,2026-10-07,He was carried off after his Q1 fumble and quickly ruled out vs. Arkansas State. Now listed as out for the season.,0,,,,,
louisiana,Louisiana,active,Ja'Corian Norris,O,WR,False,8.9,2,2026-10-07,Added to the Sun Belt injury report as out for Week 6 vs. LA Tech.,0,,,,,
louisiana,Louisiana,active,Kevin Malone,O,CB,False,4.9,0,2026-10-07,Added to the Sun Belt injury report as out for Week 6 vs. LA Tech.,0,,,,,
louisiana,Louisiana,active,Collin Jacob,O,S,,12.7,4,2026-10-07,Injured vs. Arkansas State and seen on the sidline in a sling. Remains out for Week 6 vs. LA Tech.,0,,,,,
louisiana,Louisiana,active,Matthew Broussard,O,OL,False,10.4,3,2026-10-07,DNP Week 5 vs. Arkansas State. Remains out for Week 6 vs. LA Tech.,0,,,,,
louisiana,Louisiana,active,Jerry Birdlow,O,TE,False,9.4,0,2026-10-07,DNP Week 5 vs. Arkansas State. Remains out for Week 6 vs. LA Tech.,0,,,,,
louisiana,Louisiana,active,Ty Dominique,O,DL,False,8.4,0,2026-10-07,DNP Week 5 vs. Arkansas State. Remains out for Week 6 vs. LA Tech.,0,,,,,
louisiana,Louisiana,active,Braylon Walker,O,CB,False,8.2,0,2026-10-07,DNP Week 5 vs. Arkansas State. Remains out for Week 6 vs. LA Tech.,0,,,,,
louisiana,Louisiana,active,J'Marion Gooch,O,OL,False,7.9,0,2026-10-07,DNP Week 5 vs. Arkansas State. Remains out for Week 6 vs. LA Tech.,0,,,,,
louisiana,Louisiana,cleared_history,Maxie Baudoin IV,Cleared,DL,,10.9,0,2026-10-10,Cleared from the injury/status report on 10/10/2026,,,,,,
louisiana,Louisiana,cleared_history,Jayden Gloston,Cleared,DB,,9.6,0,2026-10-10,Cleared from the injury/status report on 10/10/2026,,,,,,
louisiana,Louisiana,cleared_history,Shelton Sampson Jr.,Cleared,WR,,12.9,0,2026-10-05,Cleared from the injury/status report on 10/05/2026,,,,,,
louisiana,Louisiana,cleared_history,Brodrick Stewart,Cleared,DL,,9.9,0,2026-10-03,Cleared from the injury/status report on 10/03/2026,,,,,,
louisiana,Louisiana,cleared_history,Trenton Chaney,Cleared,WR,,10,1,2026-09-27,Cleared from the injury/status report on 09/27/2026,,,,,,
louisiana,Louisiana,cleared_history,Darrell Smith,Cleared,RB,,9.5,1,2026-09-27,Cleared from the injury/status report on 09/27/2026,,,,,,
louisiana,Louisiana,cleared_history,Kailep Edwards,Cleared,LB,,10.1,3,2026-09-27,Cleared from the injury/status report on 09/27/2026,,,,,,
louisiana,Louisiana,cleared_history,Caden Jensen,Cleared,TE,,11.2,3,2026-09-27,Cleared from the injury/status report on 09/27/2026,,,,,,
louisiana,Louisiana,cleared_history,Landon Strother,Cleared,WR,,9.3,3,2026-09-20,Cleared from the injury/status report on 09/20/2026,,,,,,
louisiana,Louisiana,cleared_history,Darrell Smith,Cleared,RB,,9.3,0,2026-09-16,Cleared from the injury/status report on 09/16/2026,,,,,,
louisiana,Louisiana,cleared_history,Landon Strother,Cleared,WR,,8.4,0,2026-09-06,Cleared from the injury/status report on 09/06/2026,,,,,,
louisiana,Louisiana,cleared_history,Shelton Sampson Jr.,Cleared,WR,,12.9,0,2026-09-06,Cleared from the injury/status report on 09/06/2026,,,,,,
louisiana,Louisiana,cleared_history,Trenton Chaney,Cleared,WR,,9.6,0,2026-09-06,Cleared from the injury/status report on 09/06/2026,,,,,,
louisville,Louisville,active,Kris Hughes,OFS,WR,False,9.5,0,2026-06-09,Likely to miss the entire 2026 season after a lower-body injury sustained in spring camp.,0,,,,,
louisville,Louisville,active,Antonio Watts,OFS,DB,,14.4,4,2026-10-01,"Downgraded to out on the ACC injury report ahead of Week 4 vs. Wake Forest. Then, it was announced that he will miss the rest of the 2026 season.",0,,,,,
louisville,Louisville,active,Travis Egan,O,TE/QB,,4.6,0,2026-10-08,Undisclosed injury; DNP Week 5 vs. NC State. Remains out for Week 6 vs. FSU.,0,,,,,
louisville,Louisville,active,Jacob Baker,O,P,,7,0,2026-10-08,Undisclosed injury; DNP Week 5 vs. NC State. Remains out for Week 6 vs. FSU.,0,,,,,
louisville,Louisville,active,Bryten Close,O,OT,False,9.4,0,2026-10-08,Undisclosed injury; DNP Week 5 vs. NC State. Remains out for Week 6 vs. FSU.,0,,,,,
louisville,Louisville,active,Sam Secrest,O,OL,,10.3,3,2026-10-08,Undisclosed injury; DNP Week 5 vs. NC State. Remains out for Week 6 vs. FSU.,0,,,,,
louisville,Louisville,active,Montavin Quisenberry,O,WR,False,9.7,0,2026-10-08,"Added to the ACC injury report as out, DNP Week 5 vs. NC State. Remains out for Week 6 vs. FSU.",0,,,,,
louisville,Louisville,active,Hamilton Atkins,O,TE,False,3,0,2026-10-08,"Added to the ACC injury report as out, DNP Week 5 vs. NC State. Remains out for Week 6 vs. FSU.",0,,,,,
louisville,Louisville,active,Sam Dawson,O,DL,False,9.6,3,2026-10-08,Undisclosed injury; DNP Week 5 vs. NC State. Remains out for Week 6 vs. FSU.,0,,,,,
louisville,Louisville,active,Keyjuan Brown,O,RB,False,14.9,4,2026-10-09,"Official report 2026-10-09: out. Previous context: Back on the injury report ahead of week six, listed 'questionable' as he looks to get healthy ahead of FSU game.",0,,,,,
louisville,Louisville,cleared_history,Cason Henry,Cleared,OL,,11.7,0,2026-10-11,Cleared from the injury/status report on 10/11/2026,,,,,,
louisville,Louisville,cleared_history,Daylen Russell,Cleared,DL,,12.6,1,2026-10-09,Cleared from the injury/status report on 10/09/2026,,,,,,
louisville,Louisville,cleared_history,Anwar O'neal,Cleared,OL,,11.7,0,2026-10-09,Cleared from the injury/status report on 10/09/2026,,,,,,
louisville,Louisville,cleared_history,Ellis McAdoo,Cleared,OL,,8.7,0,2026-10-09,Cleared from the injury/status report on 10/09/2026,,,,,,
louisville,Louisville,cleared_history,Aj Green,Cleared,DL,,15.2,0,2026-10-09,Cleared from the injury/status report on 10/09/2026,,,,,,
louisville,Louisville,cleared_history,Koen Entringer,Cleared,DB,,12.6,0,2026-10-09,Cleared from the injury/status report on 10/09/2026,,,,,,
louisville,Louisville,cleared_history,Lincoln Kienholz,Cleared,QB,,15.8,0,2026-10-09,Cleared from the injury/status report on 10/09/2026,,,,,,
louisville,Louisville,cleared_history,TJ Banks,Cleared,DB,,10.2,1,2026-10-07,Cleared from the injury/status report on 10/07/2026,,,,,,
louisville,Louisville,cleared_history,Lincoln Kienholz,Cleared,QB,,15.8,0,2026-10-04,Cleared from the injury/status report on 10/04/2026,,,,,,
louisville,Louisville,cleared_history,Anwar O'neal,Cleared,OL,,11.9,0,2026-10-03,Cleared from the injury/status report on 10/03/2026,,,,,,
louisville,Louisville,cleared_history,Aj Green,Cleared,DL,,15.2,0,2026-10-03,Cleared from the injury/status report on 10/03/2026,,,,,,
louisville,Louisville,cleared_history,Daylen Russell,Cleared,DL,,12.4,0,2026-10-03,Cleared from the injury/status report on 10/03/2026,,,,,,
louisville,Louisville,cleared_history,Elizjah Lewis,Cleared,WR,,10.5,0,2026-10-03,Cleared from the injury/status report on 10/03/2026,,,,,,
louisville,Louisville,cleared_history,Lawayne McCoy,Cleared,WR,,14,2,2026-10-03,Cleared from the injury/status report on 10/03/2026,,,,,,
louisville,Louisville,cleared_history,Keyjuan Brown,Cleared,RB,,15.1,0,2026-10-03,Cleared from the injury/status report on 10/03/2026,,,,,,
louisville,Louisville,cleared_history,DJ Waller Jr.,Cleared,DB,,13,2,2026-10-02,Cleared from the injury/status report on 10/02/2026,,,,,,
louisville,Louisville,cleared_history,Payton Cook,Cleared,WR,,10.2,0,2026-10-01,Cleared from the injury/status report on 10/01/2026,,,,,,
louisville,Louisville,cleared_history,Max Merz,Cleared,OL,,8.8,0,2026-10-01,Cleared from the injury/status report on 10/01/2026,,,,,,
louisville,Louisville,cleared_history,Tre Richardson,Cleared,WR,,14.8,4,2026-09-26,Cleared from the injury/status report on 09/26/2026,,,,,,
louisville,Louisville,cleared_history,Daylen Russell,Cleared,DL,,12.8,0,2026-09-26,Cleared from the injury/status report on 09/26/2026,,,,,,
louisville,Louisville,cleared_history,Cameron Gorin,Cleared,OL,,11.4,0,2026-09-26,Cleared from the injury/status report on 09/26/2026,,,,,,
louisville,Louisville,cleared_history,Anwar O'neal,Cleared,OL,,11.9,0,2026-09-26,Cleared from the injury/status report on 09/26/2026,,,,,,
louisville,Louisville,cleared_history,Aj Green,Cleared,DL,,15.2,0,2026-09-26,Cleared from the injury/status report on 09/26/2026,,,,,,
louisville,Louisville,cleared_history,Tayon Holloway,Cleared,DB,,14.2,0,2026-09-26,Cleared from the injury/status report on 09/26/2026,,,,,,
louisville,Louisville,cleared_history,Keyjuan Brown,Cleared,RB,,15.2,0,2026-09-26,Cleared from the injury/status report on 09/26/2026,,,,,,
louisville,Louisville,cleared_history,Demeco Kennedy,Cleared,DL,,10.8,0,2026-09-26,Cleared from the injury/status report on 09/26/2026,,,,,,
louisville,Louisville,cleared_history,Montavin Quisenberry,Cleared,WR,,9.7,0,2026-09-24,Cleared from the injury/status report on 09/24/2026,,,,,,
louisville,Louisville,cleared_history,Santana Wilson,Cleared,DB,,12.2,0,2026-09-24,Cleared from the injury/status report on 09/24/2026,,,,,,
louisville,Louisville,cleared_history,Cameron Gorin,Cleared,OL,,11.4,3,2026-09-23,Cleared from the injury/status report on 09/23/2026,,,,,,
louisville,Louisville,cleared_history,Cason Henry,Cleared,OL,,11.8,0,2026-09-20,Cleared from the injury/status report on 09/20/2026,,,,,,
louisville,Louisville,cleared_history,Anwar O'neal,Cleared,OL,,11.9,0,2026-09-20,Cleared from the injury/status report on 09/20/2026,,,,,,
louisville,Louisville,cleared_history,Isaac Brown,Cleared,RB,,15.3,0,2026-09-20,Cleared from the injury/status report on 09/20/2026,,,,,,
louisville,Louisville,cleared_history,Demeco Kennedy,Cleared,DL,,10.8,0,2026-09-20,Cleared from the injury/status report on 09/20/2026,,,,,,
louisville,Louisville,cleared_history,Keyjuan Brown,Cleared,RB,,14.9,2,2026-09-16,Cleared from the injury/status report on 09/16/2026,,,,,,
louisville,Louisville,cleared_history,Tayon Holloway,Cleared,DB,,14.1,0,2026-09-12,Cleared from the injury/status report on 09/12/2026,,,,,,
louisville,Louisville,cleared_history,Lawayne McCoy,Cleared,WR,,13.5,1,2026-09-12,Cleared from the injury/status report on 09/12/2026,,,,,,
louisville,Louisville,cleared_history,Tre Richardson,Cleared,WR,,14.4,1,2026-09-12,Cleared from the injury/status report on 09/12/2026,,,,,,
louisville,Louisville,cleared_history,Marquise Davis,Cleared,RB,,13.9,1,2026-09-12,Cleared from the injury/status report on 09/12/2026,,,,,,
louisville,Louisville,cleared_history,Isaac Brown,Cleared,RB,,15.5,0,2026-09-07,Cleared from the injury/status report on 09/07/2026,,,,,,
louisville,Louisville,cleared_history,Tre Richardson,Cleared,WR,,14.7,0,2026-08-10,Cleared from the injury/status report on 08/10/2026,,,,,,
louisville,Louisville,cleared_history,Antonio Watts,Cleared,LB,,14.6,0,2026-08-09,Cleared from the injury/status report on 08/09/2026,,,,,,
lsu,LSU,active,Aidan Anding,OFS,CB,False,11.2,0,2026-05-15,Tore Achilles in a mid-April scrimmage and will miss the 2026 season.,0,,,,,
lsu,LSU,active,Gabriel Reliford,OFS,DE,,13.2,2,2026-03-28,ACL torn in spring practice has him out for the entire 2026 season.,0,,,,,
lsu,LSU,active,Phillip Wright III,OFS,WR,False,11.7,2,2026-09-20,"Went down in the 4th quarter and was attended to on the field. Listed 'out' on the initial SEC report ahead of the Ole Miss game week three. Announced ""out for season"" post week three.",0,,,,,
lsu,LSU,active,Dashawn Spears,OFS,S,False,15.2,4,2026-09-20,ACL tear sustained in week three against Ole Miss will end his 2026 season.,0,,,,,
lsu,LSU,active,Trey'Dez Green,O,TE,False,14.3,4,2026-10-07,"Down for an extended period of time as trainers looked at his knee. Limped off with help. Timetable remains early November, but he has reportedly shed his knee brace and is making progress.",0,,,,,
lsu,LSU,active,Whit Weeks,O,LB,False,14.1,4,2026-09-27,"Suffered a fracture in his leg week four against A&M and will miss time. May not be season ending, but will cost him a good amount of the season. A big loss.",0,,,,,
lsu,LSU,active,Charles Ross II,O,LB,False,12.6,4,2026-10-07,Added to the week six initial report as 'out' and will not be available for the Kentucky game.,0,,,,,
lsu,LSU,cleared_history,Ja'Keem Jackson,Cleared,CB,,13.7,1,2026-10-04,Cleared from the injury/status report on 10/04/2026,,,,,,
lsu,LSU,cleared_history,Tamarcus Cooley,Cleared,S,,12.8,1,2026-09-25,Cleared from the injury/status report on 09/25/2026,,,,,,
lsu,LSU,cleared_history,Raycine Guillory Jr.,Cleared,RB,,10.3,0,2026-09-23,Cleared from the injury/status report on 09/23/2026,,,,,,
lsu,LSU,cleared_history,Jaiden Braker,Cleared,LB,,11.4,0,2026-09-23,Cleared from the injury/status report on 09/23/2026,,,,,,
lsu,LSU,cleared_history,Tj Dottery,Cleared,LB,,12.3,1,2026-09-20,Cleared from the injury/status report on 09/20/2026,,,,,,
lsu,LSU,cleared_history,Tylen Singleton,Cleared,LB,,11,0,2026-09-20,Cleared from the injury/status report on 09/20/2026,,,,,,
lsu,LSU,cleared_history,Davhon Keys,Cleared,LB,,11.9,0,2026-09-20,Cleared from the injury/status report on 09/20/2026,,,,,,
lsu,LSU,cleared_history,Aliou Bah,Cleared,OL,,11.6,0,2026-09-20,Cleared from the injury/status report on 09/20/2026,,,,,,
lsu,LSU,cleared_history,Sam Leavitt,Cleared,QB,,16.1,2,2026-09-19,Cleared from the injury/status report on 09/19/2026,,,,,,
lsu,LSU,cleared_history,Whit Weeks,Cleared,LB,,13.9,0,2026-09-18,Cleared from the injury/status report on 09/18/2026,,,,,,
lsu,LSU,cleared_history,Trey'Dez Green,Cleared,TE,,14.4,0,2026-09-18,Cleared from the injury/status report on 09/18/2026,,,,,,
lsu,LSU,cleared_history,Jackson Harris,Cleared,WR,,14.7,1,2026-09-06,Cleared from the injury/status report on 09/06/2026,,,,,,
lsu,LSU,cleared_history,Harlem Berry,Cleared,RB,,13.4,0,2026-09-06,Cleared from the injury/status report on 09/06/2026,,,,,,
lsu,LSU,cleared_history,Malik Elzy,Cleared,WR,,11.2,0,2026-09-06,Cleared from the injury/status report on 09/06/2026,,,,,,
lsu,LSU,cleared_history,Jaylen Brown,Cleared,DE,,10.8,0,2026-09-06,Cleared from the injury/status report on 09/06/2026,,,,,,
lsu,LSU,cleared_history,Tre' Brown,Cleared,WR,,13.3,0,2026-08-21,Cleared from the injury/status report on 08/21/2026,,,,,,
lsu,LSU,cleared_history,Winston Watkins Jr.,Cleared,WR,,13,1,2026-08-18,Cleared from the injury/status report on 08/18/2026,,,,,,
lsu,LSU,cleared_history,Whit Weeks,Cleared,LB,,13.8,0,2026-08-10,Cleared from the injury/status report on 08/10/2026,,,,,,
lsu,LSU,cleared_history,Sam Leavitt,Cleared,QB,,16.1,0,2026-08-06,Cleared from the injury/status report on 08/06/2026,,,,,,
lsu,LSU,cleared_history,Dre Washington,Cleared,RB,,13,3,2026-05-30,Cleared from the injury/status report on 05/30/2026,,,,,,
lsu,LSU,cleared_history,LT Overton,Cleared,DL,,14.8,4,2026-05-30,Cleared from the injury/status report on 05/30/2026,,,,,,
lsu,LSU,cleared_history,Keelon Russell,Cleared,QB,,13.4,4,2026-05-30,Cleared from the injury/status report on 05/30/2026,,,,,,
lsu,LSU,cleared_history,London Simmons,Cleared,DL,,12.7,4,2026-05-30,Cleared from the injury/status report on 05/30/2026,,,,,,
lsu,LSU,cleared_history,Jam Miller,Cleared,RB,,13.7,4,2026-05-30,Cleared from the injury/status report on 05/30/2026,,,,,,
lsu,LSU,cleared_history,Edric Hill,Cleared,P,,13.3,0,2026-05-30,Cleared from the injury/status report on 05/30/2026,,,,,,
lsu,LSU,cleared_history,Justin Jefferson,Cleared,LB,,13.6,0,2026-05-30,Cleared on 2026-05-30 06:16:46,,,,,,
lsu,LSU,cleared_history,Ty Simpson,Cleared,QB,,10.6,0,2026-05-30,Cleared on 2026-05-30 06:16:20,,,,,,
marshall,Marshall,active,Xavier Bausley,OFS,OL,,12.7,3,2026-10-01,"Undisclosed injury, DNP vs Gardner-Webb. Now listed as OFS.",0,,,,,
marshall,Marshall,active,Louikenzy Jules,OFS,DB,False,6.1,1,2026-10-01,"Undisclosed injury, listed as OFS on the Sun Belt injury report.",0,,,,,
marshall,Marshall,active,Chason Clark,O,LB,False,10.4,3,2026-10-07,He was stretchered off with a lower body injury near the end of Q3 of Week 5 vs. JMU. Remains out for Week 6 vs. Coastal.,0,,,,,
marshall,Marshall,active,Kenyatta Hardge,GTD,DL,False,13.2,0,2026-10-10,Official report 2026-10-10: game time decision. Game 2026-10-10.,23,,,,,
marshall,Marshall,cleared_history,Daytione Smith,Cleared,S,,12.9,0,2026-10-10,Cleared from the injury/status report on 10/10/2026,,,,,,
marshall,Marshall,cleared_history,Cannon Lewis,Cleared,LB,,10.9,0,2026-10-10,Cleared from the injury/status report on 10/10/2026,,,,,,
marshall,Marshall,cleared_history,Jalen Marshall,Cleared,LB,,12.7,3,2026-10-08,Cleared from the injury/status report on 10/08/2026,,,,,,
marshall,Marshall,cleared_history,Adrian Norton,Cleared,WR,,12.3,1,2026-10-02,Cleared from the injury/status report on 10/02/2026,,,,,,
marshall,Marshall,cleared_history,Braydin Ward,Cleared,DL,,13.4,4,2026-09-27,Cleared from the injury/status report on 09/27/2026,,,,,,
marshall,Marshall,cleared_history,Carlos Del Rio-Wilson,Cleared,QB,,13.5,1,2026-09-20,Cleared from the injury/status report on 09/20/2026,,,,,,
marshall,Marshall,cleared_history,Braydin Ward,Cleared,DL,,13.1,,2026-09-16,Cleared from the injury/status report on 09/16/2026,,,,,,
maryland,Maryland,active,Zahir Mathis,OFS,LB,False,13.6,0,2026-08-12,Suffered a season-ending injury in the first week of camp opening in 2026. A big loss for the Terps defense.,0,,,,,
maryland,Maryland,active,Lloyd Irvin III,O,DB,False,9.3,2,2026-09-23,Added to the week four report as 'out' before the UCLA game. Remains out. Not impacting the rotation.,0,,,,,
maryland,Maryland,active,Josiah Teasley,O,WR,False,8.8,0,2026-09-04,Ongoing legal issues will keep him from debuting.,0,,,,,
maryland,Maryland,active,Dj Samuels,O,RB,False,9,0,2026-09-23,Undisclosed injury will keep him unavailable starting week four. Leaving 'out' until he moves from there on the report.,0,,,,,
maryland,Maryland,active,Sean Williams,O,WR,False,9,2,2026-09-23,Listed out on the initial week four report ahead of UCLA. Remains there. Not in rotation.,0,,,,,
maryland,Maryland,active,Harry Dalton III,O,RB,False,12.3,3,2026-09-23,Added to the first official SEC report ahead of week four against UCLA as 'out'. No timetable given for his return.,0,,,,,
maryland,Maryland,active,Terrez Worthy,O,RB,False,10.1,1,2026-09-01,"Suffered a broken foot in fall camp and required surgery, likely keeping him out most if not all of 2026.",0,,,,,
maryland,Maryland,active,Solomon Foye,O,RB,False,5.3,0,2026-09-23,Listed out on the initial week four report ahead of UCLA. Remains there. Not in rotation.,0,,,,,
maryland,Maryland,active,Trevor Szymanski,O,OL,False,8.7,2,2026-09-23,Undisclosed injury will keep him unavailable starting week four. No timetable for return.,0,,,,,
maryland,Maryland,active,Delmar White,O,DL,False,8.6,0,2026-09-23,Undisclosed injury will keep him unavailable starting week four. No timetable for return.,0,,,,,
maryland,Maryland,active,Day'Jon Moore,O,OL,False,8.5,2,2026-09-30,Added as 'out' for week five against Nebraska on the initial report.,0,,,,,
maryland,Maryland,active,Amari Jackson,GTD,DB,False,13,0,2026-10-10,Official report 2026-10-10: game time decision. Previous context: Added as 'questionable' to play week six on the initial report.,0,,,,,
maryland,Maryland,active,Lavon Johnson,O,DL,False,12.7,4,2026-10-09,Official report 2026-10-09: out. Previous context: Added as 'out' on the Friday report ahead of week four. Remains out week five. Doubtful on initial report for week six. Not a small loss.,0,,,,,
maryland,Maryland,active,Jayden Shipps,GTD,DB,False,11.4,0,2026-10-10,Official report 2026-10-10: game time decision. Previous context: Official report 2026-10-08: questionable. Previous context: Added as 'doubtful' to play week six on the initial report.,0,,,,,
maryland,Maryland,cleared_history,Daniel Leahy,Cleared,K,,7,0,2026-10-10,Cleared from the injury/status report on 10/10/2026,,,,,,
maryland,Maryland,cleared_history,Ricardo Cooper Jr.,Cleared,DB,,10.3,0,2026-10-10,Cleared from the injury/status report on 10/10/2026,,,,,,
maryland,Maryland,cleared_history,Bryce Jenkins,Cleared,DL,,12.9,0,2026-10-10,Cleared from the injury/status report on 10/10/2026,,,,,,
maryland,Maryland,cleared_history,Rahtrel Perry,Cleared,OL,,11.5,0,2026-10-10,Cleared from the injury/status report on 10/10/2026,,,,,,
maryland,Maryland,cleared_history,Trey Reddick,Cleared,LB,,12,0,2026-10-10,Cleared from the injury/status report on 10/10/2026,,,,,,
maryland,Maryland,cleared_history,Jamare Glasker,Cleared,DB,,13.3,0,2026-10-10,Cleared from the injury/status report on 10/10/2026,,,,,,
maryland,Maryland,cleared_history,DeJuan Williams,Cleared,RB,,12.8,0,2026-10-10,Cleared from the injury/status report on 10/10/2026,,,,,,
maryland,Maryland,cleared_history,Preston Howard,Cleared,TE,,9.7,0,2026-10-10,Cleared from the injury/status report on 10/10/2026,,,,,,
maryland,Maryland,cleared_history,Dontay Joyner,Cleared,DB,,14.5,0,2026-10-10,Cleared from the injury/status report on 10/10/2026,,,,,,
maryland,Maryland,cleared_history,Michael McMonigle,Cleared,OL,,8.8,0,2026-10-07,Cleared from the injury/status report on 10/07/2026,,,,,,
maryland,Maryland,cleared_history,Dd Holmes,Cleared,LB,,12.7,0,2026-10-04,Cleared from the injury/status report on 10/04/2026,,,,,,
maryland,Maryland,cleared_history,Darius Grimes,Cleared,LB,,6.6,0,2026-10-03,Cleared from the injury/status report on 10/03/2026,,,,,,
maryland,Maryland,cleared_history,Armon Parker,Cleared,DL,,11,0,2026-10-03,Cleared from the injury/status report on 10/03/2026,,,,,,
maryland,Maryland,cleared_history,Iverson Howard,Cleared,RB,,12.1,0,2026-10-03,Cleared from the injury/status report on 10/03/2026,,,,,,
maryland,Maryland,cleared_history,Travares Daniels II,Cleared,LB,,9.4,0,2026-10-03,Cleared from the injury/status report on 10/03/2026,,,,,,
maryland,Maryland,cleared_history,Jayden Kitchens,Cleared,WR,,10.5,1,2026-10-03,Cleared from the injury/status report on 10/03/2026,,,,,,
maryland,Maryland,cleared_history,DeJuan Williams,Cleared,RB,,12.9,0,2026-10-03,Cleared from the injury/status report on 10/03/2026,,,,,,
maryland,Maryland,cleared_history,Teagan Cox,Cleared,OL,,5.3,0,2026-10-01,Cleared from the injury/status report on 10/01/2026,,,,,,
maryland,Maryland,cleared_history,Jonathan Panagou,Cleared,OL,,8.8,0,2026-10-01,Cleared from the injury/status report on 10/01/2026,,,,,,
maryland,Maryland,cleared_history,Travares Daniels II,Cleared,LB,,9.4,1,2026-10-01,Cleared from the injury/status report on 10/01/2026,,,,,,
maryland,Maryland,cleared_history,Jaylen Gilchrist,Cleared,OL,,11.6,0,2026-09-27,Cleared from the injury/status report on 09/27/2026,,,,,,
maryland,Maryland,cleared_history,Cardell Williams,Cleared,QB,,11.9,0,2026-09-27,Cleared from the injury/status report on 09/27/2026,,,,,,
maryland,Maryland,cleared_history,Dd Holmes,Cleared,LB,,12.6,1,2026-09-27,Cleared from the injury/status report on 09/27/2026,,,,,,
maryland,Maryland,cleared_history,Jordan Scruggs,Cleared,DB,,13.5,1,2026-09-27,Cleared from the injury/status report on 09/27/2026,,,,,,
maryland,Maryland,cleared_history,Iverson Howard,Cleared,RB,,12.2,0,2026-09-20,Cleared from the injury/status report on 09/20/2026,,,,,,
memphis,Memphis,active,Desmond Cox,O,LB,False,8.5,0,2026-10-03,"Listed out for Memphis–Charlotte on the October 3, 2026 American game-day availability report.",0,,,,,
memphis,Memphis,active,Richard Thigpen,O,OL,False,8.1,0,2026-10-03,"Listed out for Memphis–Charlotte on the October 3, 2026 American game-day availability report.",0,,,,,
memphis,Memphis,active,J'Mari Monette,O,DL,False,11.2,3,2026-10-03,"Listed out for Memphis–Charlotte on the October 3, 2026 American game-day availability report.",0,,,,,
memphis,Memphis,active,Jake Snyder,O,P,False,7.6,0,2026-10-10,Official report 2026-10-10: out.,0,,,,,
memphis,Memphis,active,Ben Majors,O,LS,False,7,,2026-10-10,Official report 2026-10-10: out.,0,,,,,
memphis,Memphis,cleared_history,Brian Grant,Cleared,OL,,9.7,3,2026-10-10,Cleared from the injury/status report on 10/10/2026,,,,,,
memphis,Memphis,cleared_history,Hunter Tipton,Cleared,TE,,12.2,1,2026-09-20,Cleared from the injury/status report on 09/20/2026,,,,,,
memphis,Memphis,cleared_history,Ellis Ellis Jr.,Cleared,CB,,12,1,2026-09-07,Cleared from the injury/status report on 09/07/2026,,,,,,
miami-fl,Miami (FL),active,Joshua Moore,OFS,WR,False,13.4,3,2026-09-22,Suffered an upper-body injury in the week three game against Wake and will miss the remainder of the season.,0,,,,,
miami-fl,Miami (FL),active,CharMar Brown,OFS,RB,False,15.3,4,2026-09-22,Head coach Mario Cristobal says Brown is out for the rest of the season after an injury sustained in week three against Wake Forest.,0,,,,,
miami-fl,Miami (FL),active,Luka Gilbert,OFS,TE,False,12.4,0,2026-08-04,"Announced out for the season upon arrival for summer camp. No details on the exact injury, but just that he would not play in 2026.",0,,,,,
miami-fl,Miami (FL),active,Ja'Boree Antoine,O,DB,False,10.8,0,2026-10-05,"He suffered an injury, and we expect him back late in the season. Believed to be a lower-body injury. DNP Week 5 vs. Clemson.",0,,,,,
miami-fl,Miami (FL),active,"Romanas ""OJ"" Frederique Jr.",O,DB,False,13.4,4,2026-10-05,Exited the Stanford game in the first drive with an apparent left shoulder injury. DNP Week 5 vs. Clemson.,0,,,,,
miami-fl,Miami (FL),active,Owen Ruskavich,O,TE,False,4.7,0,2026-10-05,Added to the ACC injury report as out. DNP Week 5 vs. Clemson.,0,,,,,
miami-fl,Miami (FL),active,Xavier Lucas,O,DB,False,14.4,4,2026-10-05,He was injured in the Stanford games and has not played since. DNP Week 5 vs. Clemson.,0,,,,,
miami-fl,Miami (FL),active,Max Buchanan,O,OL,True,13,4,2026-10-07,Injured left leg in Week 5 game vs. Clemson. Did not return. Turns out he'll need surgery and will miss a good chunk of the season. Not expected to end it.,39,,,,,
miami-fl,Miami (FL),active,Marquise Lightfoot,Q,DL,True,14.7,1,2026-10-03,Injured in Week 5 game vs. Clemson. Did not return.,21,,,,,
miami-fl,Miami (FL),active,Matthew McCoy,Q,OL,True,13.2,1,2026-10-03,Injured shoulder in Week 5 game vs. Clemson.,60,,,,,
miami-fl,Miami (FL),cleared_history,Ezekiel Marcelin Jr.,Cleared,LB,,12.5,0,2026-10-03,Cleared from the injury/status report on 10/03/2026,,,,,,
miami-fl,Miami (FL),cleared_history,Ahmad Moten Sr.,Cleared,DL,,14.3,0,2026-10-02,Cleared from the injury/status report on 10/02/2026,,,,,,
miami-fl,Miami (FL),cleared_history,Mark Fletcher Jr.,Cleared,RB,,15.9,0,2026-10-02,Cleared from the injury/status report on 10/02/2026,,,,,,
miami-fl,Miami (FL),cleared_history,Elija Lofton,Cleared,TE,,13,1,2026-09-27,Cleared from the injury/status report on 09/27/2026,,,,,,
miami-fl,Miami (FL),cleared_history,Malachi Toney,Cleared,WR,,17.3,0,2026-09-27,Cleared from the injury/status report on 09/27/2026,,,,,,
miami-fl,Miami (FL),cleared_history,Dylan Day,Cleared,DB,,10.6,0,2026-09-16,Cleared from the injury/status report on 09/16/2026,,,,,,
miami-fl,Miami (FL),cleared_history,Jordan Lyle,Cleared,RB,,13.6,4,2026-09-05,Cleared from the injury/status report on 09/05/2026,,,,,,
miami-fl,Miami (FL),cleared_history,Girard Pringle Jr.,Cleared,RB,,13.8,1,2026-08-06,Cleared from the injury/status report on 08/06/2026,,,,,,
miami-oh,Miami (OH),active,Thomas Gotkowski,OFS,QB,False,10.2,0,2026-08-24,"Was expected to be the starter, but suffered a season-ending injury late in fall camp.",0,,,,,
miami-oh,Miami (OH),active,Brady Simmons,OFS,WR,False,6.8,1,2026-09-12,Listed as Out in 9/12 availability report. Confirmed to miss the full 2026 season.,0,,,,,
miami-oh,Miami (OH),active,Keith Reynolds,OFS,WR,False,11.8,2,2026-09-12,Listed as Out in 9/12 availability report. Confirmed to miss the full 2026 season.,0,,,,,
miami-oh,Miami (OH),active,Adrian Walker Jr.,O,DB,False,12.1,2,2026-09-13,Listed as Out in 9/12 availability report. Leaving with that designation until the next report.,0,,,,,
miami-oh,Miami (OH),active,Max Deckard,O,DB,False,,0,2026-09-13,Listed as Out in 9/12 availability report. Leaving with that designation until the next report.,,,,,,
miami-oh,Miami (OH),active,Shaun Shahu,O,OL,False,3.5,1,2026-09-13,Listed as Out in 9/12 availability report. Leaving with that designation until the next report.,0,,,,,
miami-oh,Miami (OH),active,Eric Karner,O,TE,False,10.1,0,2026-09-13,Listed as Out in 9/12 availability report. Leaving with that designation until the next report.,0,,,,,
miami-oh,Miami (OH),active,Anthony Ludington,O,DL,False,9.1,1,2026-09-13,Listed as Out in 9/12 availability report; leaving there until the week three report ahead of the Cincinnati game.,0,,,,,
miami-oh,Miami (OH),active,Brayden Boeing,O,TE,False,8,0,2026-09-13,Listed as Out in 9/12 availability report; leaving there until the week three report ahead of the Cincinnati game.,0,,,,,
miami-oh,Miami (OH),active,David McComb,OFS,QB,False,14.7,4,2026-10-10,"Update 2026-10-10: His absence extends through the rest of the season. The reported issue is: upper-body injury. Previous context: Changed from D to out on the October 3, 2026 MAC game-day availability report.",0,,,,,
miami-oh,Miami (OH),active,Vito McConnell,Q,LB,False,9.4,1,2026-10-10,Official report 2026-10-10: questionable.,0,,,,,
miami-oh,Miami (OH),cleared_history,Cj Castner,Cleared,WR,,5.3,0,2026-10-10,Cleared from the injury/status report on 10/10/2026,,,,,,
miami-oh,Miami (OH),cleared_history,Marcus Moore,Cleared,DL,,12.2,1,2026-10-10,Cleared from the injury/status report on 10/10/2026,,,,,,
miami-oh,Miami (OH),cleared_history,Trey Zvonar,Cleared,TE,,8.5,0,2026-10-10,Cleared from the injury/status report on 10/10/2026,,,,,,
miami-oh,Miami (OH),cleared_history,Devin Bell,Cleared,DL,,11.4,2,2026-10-10,Cleared from the injury/status report on 10/10/2026,,,,,,
miami-oh,Miami (OH),cleared_history,Christian Ross,Cleared,TE,,11,3,2026-10-10,Cleared from the injury/status report on 10/10/2026,,,,,,
miami-oh,Miami (OH),cleared_history,Toney Coleman Jr.,Cleared,DB,,9.6,2,2026-10-04,Cleared from the injury/status report on 10/04/2026,,,,,,
miami-oh,Miami (OH),cleared_history,Cj Young,Cleared,LB,,12.9,1,2026-09-26,Cleared from the injury/status report on 09/26/2026,,,,,,
miami-oh,Miami (OH),cleared_history,Carmine Orozco,Cleared,DL,,9.9,0,2026-09-26,Cleared from the injury/status report on 09/26/2026,,,,,,
miami-oh,Miami (OH),cleared_history,Logan Howell,Cleared,DL,,8.6,0,2026-09-26,Cleared from the injury/status report on 09/26/2026,,,,,,
miami-oh,Miami (OH),cleared_history,Leo Scheidler,Cleared,WR,,,0,2026-09-26,Cleared from the injury/status report on 09/26/2026,,,,,,
miami-oh,Miami (OH),cleared_history,Trey Zvonar,Cleared,TE,,8.5,0,2026-09-26,Cleared from the injury/status report on 09/26/2026,,,,,,
miami-oh,Miami (OH),cleared_history,Noam Butbul,Cleared,TE,,4.6,0,2026-09-26,Cleared from the injury/status report on 09/26/2026,,,,,,
miami-oh,Miami (OH),cleared_history,Amir Morelan,Cleared,DB,,8.4,0,2026-09-26,Cleared from the injury/status report on 09/26/2026,,,,,,
miami-oh,Miami (OH),cleared_history,Easton Jointer,Cleared,DB,,8.6,0,2026-09-26,Cleared from the injury/status report on 09/26/2026,,,,,,
miami-oh,Miami (OH),cleared_history,Devin Hyatt,Cleared,WR,,10.3,2,2026-09-26,Cleared from the injury/status report on 09/26/2026,,,,,,
miami-oh,Miami (OH),cleared_history,Desmon Yharbrough,Cleared,DB,,8.6,1,2026-09-20,Cleared from the injury/status report on 09/20/2026,,,,,,
miami-oh,Miami (OH),cleared_history,Eric Smith,Cleared,OL,,8.5,1,2026-09-12,Cleared from the injury/status report on 09/12/2026,,,,,,
michigan,Michigan,active,Micah Ka'apana,OFS,RB,False,10.7,0,2026-08-31,Spring injury will cost him the full 2026 season.,0,,,,,
michigan,Michigan,active,Ace Hamilton,OFS,OL,,9.8,0,2026-08-31,Will miss the full 2026 season with an injury sustained in fall camp.,0,,,,,
michigan,Michigan,active,Braydon Alford,O,WR,False,8.4,0,2026-09-23,Added as 'out' on the initial week four report ahead of Iowa. Remains there. Not in rotation.,0,,,,,
michigan,Michigan,active,Jonathan Brown,O,RB,False,9.9,0,2026-09-23,Added as 'out' on the initial week four report ahead of Iowa. Remains there. Not in rotation.,0,,,,,
michigan,Michigan,active,Julius Holly,O,DE,False,10.4,0,2026-09-23,Added as 'out' on the initial week four report ahead of Iowa. Remains there. Not in rotation.,0,,,,,
michigan,Michigan,active,Andrew Sprague,O,OL,False,14,4,2026-10-03,"A surprising late scratch in week three. He was not able to play and head coach Kyle Whittingham gave an ""eery"" update on this status going forward. Missed week four and five.",0,,,,,
michigan,Michigan,active,Manuel Beigel,D,OL,False,15.3,3,2026-10-03,Starter at RT is listed as 'doubtful' to play week four against Iowa on initial report. Confirmed 'out' on game day report for week four. Was questionable and moved to 'out' for week five.,0,,,,,
michigan,Michigan,active,Andrew Babalola,Q,OL,,13.6,1,2026-10-05,Announced 'out' for week one with an injury after missing all of 2025 with a torn ACL. Had a set back and won't play 'anytime soon' according to HC Kyle Whittingham. UPDATE: Cleared to practice and could return week seven after the bye.,0,,,,,
michigan,Michigan,active,Houston Ka'aha'aina-Torres,Q,OL,False,10.7,1,2026-10-03,Upgraded from questionable to a game-time decision on the week five initial report. Did not record snaps. Leaving 'questionable' ahead of week seven after the bye.,0,,,,,
michigan,Michigan,active,Chase Taylor,Q,LB,True,12.1,1,2026-10-03,Exited the week five game against Minnesota early with an apparent injury. Questionable for week seven after the bye.,24,,,,,
michigan,Michigan,cleared_history,John Henry Daley,Cleared,DE,,16.8,2,2026-10-03,Cleared from the injury/status report on 10/03/2026,,,,,,
michigan,Michigan,cleared_history,Blake Frazier,Cleared,OL,,13.2,0,2026-10-03,Cleared from the injury/status report on 10/03/2026,,,,,,
michigan,Michigan,cleared_history,Dom Nichols,Cleared,DE,,15.4,2,2026-10-03,Cleared from the injury/status report on 10/03/2026,,,,,,
michigan,Michigan,cleared_history,Andrew Marsh,Cleared,WR,,14.8,2,2026-10-03,Cleared from the injury/status report on 10/03/2026,,,,,,
michigan,Michigan,cleared_history,Logan Forbes,Cleared,WR,,4.9,0,2026-09-26,Cleared from the injury/status report on 09/26/2026,,,,,,
michigan,Michigan,cleared_history,Zeke Berry,Cleared,CB,,12.5,1,2026-09-26,Cleared from the injury/status report on 09/26/2026,,,,,,
michigan,Michigan,cleared_history,Dom Nichols,Cleared,DE,,15.2,2,2026-09-26,Cleared from the injury/status report on 09/26/2026,,,,,,
michigan,Michigan,cleared_history,Jordan Marshall,Cleared,RB,,15.9,2,2026-09-24,Cleared from the injury/status report on 09/24/2026,,,,,,
michigan,Michigan,cleared_history,Evan Link,Cleared,OL,,11.7,1,2026-09-20,Cleared from the injury/status report on 09/20/2026,,,,,,
michigan,Michigan,cleared_history,Carter Meadows,Cleared,DE,,13.4,1,2026-09-20,Cleared from the injury/status report on 09/20/2026,,,,,,
michigan,Michigan,cleared_history,Hogan Hansen,Cleared,TE,,11.1,1,2026-09-20,Cleared from the injury/status report on 09/20/2026,,,,,,
michigan,Michigan,cleared_history,John Henry Daley,Cleared,DE,,17.4,0,2026-09-01,Cleared from the injury/status report on 09/01/2026,,,,,,
michigan,Michigan,cleared_history,Rod Moore,Cleared,S,,14.9,0,2026-09-01,Cleared from the injury/status report on 09/01/2026,,,,,,
michigan,Michigan,cleared_history,Andrew Babalola,Cleared,OL,,13.6,0,2026-08-10,Cleared from the injury/status report on 08/10/2026,,,,,,
michigan-state,Michigan State,active,Cam Edwards,OFS,RB,False,14.7,4,2026-09-28,Carted off the field week four and it does not look promising. UPDATE: Will miss the remainder of the 2026 season.,0,,,,,
michigan-state,Michigan State,active,Jay Coyne,O,FB,False,6,1,2026-09-19,Knocked out of the game  on a first half special teams play against Notre Dame week three. He was in an air cast after the game indicating a rather serious injury.,0,,,,,
michigan-state,Michigan State,active,Tristan Comer,O,OL,False,9.5,0,2026-09-13,DNP week one against Toledo as reported pre-game. No timetable for return. Depth offensive lineman.,0,,,,,
michigan-state,Michigan State,active,Joe Caudill,O,TE,False,10.2,0,2026-09-13,DNP week one against Toledo as reported pre-game. No timetable for return. Depth edge rusher.,0,,,,,
michigan-state,Michigan State,active,Tyran Chappell,O,CB,False,13.6,3,2026-09-26,Listed 'questionable' to play week four against Nebraska. Must have sustained an injury in-game week three and has not played since. No timetable for return.,0,,,,,
michigan-state,Michigan State,active,NiJhay Burt,O,CB,False,11.8,3,2026-09-30,Added as 'out' on the initial week five report.,0,,,,,
michigan-state,Michigan State,active,Keshawn Williams,O,CB,False,8.8,2,2026-09-30,Added as 'out' on the initial week five report.,0,,,,,
michigan-state,Michigan State,active,Cam Fancher,O,QB,False,11.6,3,2026-10-10,Official report 2026-10-10: out. Previous context: Backup QB suffered an apparent right knee injury after coming in the game to start the second half. Tracking for updates...,0,,,,,
michigan-state,Michigan State,active,Darrin Jones Jr.,O,RB,False,6.3,0,2026-10-10,Official report 2026-10-10: out. Previous context: Listed 'doubtful' on the initial week six availability report.,0,,,,,
michigan-state,Michigan State,active,Caleb Wheatland,O,LB,False,11.3,3,2026-10-07,Listed 'out' on the initial week six availability report.,-1,,,,,
michigan-state,Michigan State,active,Jordan Hall,Q,LB,True,14,2,2026-10-10,Hall was injured in the first quarter of Saturday’s loss to Illinois and did not return. The nature of the injury has not been disclosed.,12,,,,,
michigan-state,Michigan State,active,Brady Pretzlaff,Q,LB,True,13.9,2,2026-10-10,Pretzlaff exited in the first quarter of Saturday’s loss to Illinois and did not return. The nature of the injury has not been disclosed.,16,,,,,
michigan-state,Michigan State,active,Tre Bell,Q,CB,True,12.3,1,2026-10-10,Bell left Saturday’s loss to Illinois with an undisclosed injury. His status for next week is uncertain.,43,,,,,
michigan-state,Michigan State,active,Dion Crawford,Q,LB,True,14.2,2,2026-10-10,Crawford left Saturday’s loss to Illinois with an undisclosed injury. His status for next week is uncertain.,41,,,,,
michigan-state,Michigan State,cleared_history,Jordan Hall,Cleared,LB,,13.8,1,2026-10-10,Cleared from the injury/status report on 10/10/2026,,,,,,
michigan-state,Michigan State,cleared_history,Tre Bell,Cleared,CB,,12.5,1,2026-10-10,Cleared from the injury/status report on 10/10/2026,,,,,,
michigan-state,Michigan State,cleared_history,Cal Thrush,Cleared,DL,,9.1,1,2026-10-03,Cleared from the injury/status report on 10/03/2026,,,,,,
michigan-state,Michigan State,cleared_history,Eli Bickel,Cleared,OL,,10.2,1,2026-10-03,Cleared from the injury/status report on 10/03/2026,,,,,,
michigan-state,Michigan State,cleared_history,Dion Crawford,Cleared,LB,,13.7,1,2026-10-03,Cleared from the injury/status report on 10/03/2026,,,,,,
michigan-state,Michigan State,cleared_history,Conner Moore,Cleared,OL,,12.8,1,2026-10-03,Cleared from the injury/status report on 10/03/2026,,,,,,
michigan-state,Michigan State,cleared_history,Brady Pretzlaff,Cleared,LB,,13.6,1,2026-10-03,Cleared from the injury/status report on 10/03/2026,,,,,,
michigan-state,Michigan State,cleared_history,Cam Stodghill,Cleared,LB,,10.5,1,2026-10-03,Cleared from the injury/status report on 10/03/2026,,,,,,
michigan-state,Michigan State,cleared_history,Tre Bell,Cleared,CB,,12.4,1,2026-10-03,Cleared from the injury/status report on 10/03/2026,,,,,,
michigan-state,Michigan State,cleared_history,Eliyjah Caldwell,Cleared,S,,9.4,0,2026-10-01,Cleared from the injury/status report on 10/01/2026,,,,,,
michigan-state,Michigan State,cleared_history,KK Smith,Cleared,WR,,12.4,1,2026-09-26,Cleared from the injury/status report on 09/26/2026,,,,,,
michigan-state,Michigan State,cleared_history,Cam Edwards,Cleared,RB,,14.6,2,2026-09-24,Cleared from the injury/status report on 09/24/2026,,,,,,
michigan-state,Michigan State,cleared_history,Aidan Boehle,Cleared,EDGE,,6.7,0,2026-09-24,Cleared from the injury/status report on 09/24/2026,,,,,,
michigan-state,Michigan State,cleared_history,Leonard Ah You,Cleared,EDGE,,9.2,0,2026-09-24,Cleared from the injury/status report on 09/24/2026,,,,,,
michigan-state,Michigan State,cleared_history,Jordan Hall,Cleared,LB,,13.8,0,2026-09-20,Cleared from the injury/status report on 09/20/2026,,,,,,
michigan-state,Michigan State,cleared_history,Dion Crawford,Cleared,LB,,13.5,1,2026-09-14,Cleared from the injury/status report on 09/14/2026,,,,,,
michigan-state,Michigan State,cleared_history,Ben Murawski,Cleared,OL,,13.7,1,2026-09-14,Cleared from the injury/status report on 09/14/2026,,,,,,
michigan-state,Michigan State,cleared_history,Samson Gash,Cleared,WR,,10.4,0,2026-09-14,Cleared from the injury/status report on 09/14/2026,,,,,,
michigan-state,Michigan State,cleared_history,Drew Nichols,Cleared,OL,,10,0,2026-09-14,Cleared from the injury/status report on 09/14/2026,,,,,,
minnesota,Minnesota,active,Ryan Estrada,OFS,RB,False,10.7,2,2026-09-04,Sustained an in-game injury and was forced to leave the week one game. Turns out it is a season-ending injury.,0,,,,,
minnesota,Minnesota,active,Elisha West,OFS,DB,,5.3,0,2026-09-02,Out for the 2026 season after suffering a lower-body injury.,0,,,,,
minnesota,Minnesota,active,Enoch Atewogbola,OFS,DL,,9.4,0,2026-09-02,Out for the entire 2026 season after sustaining a season-ending injury ahead of the opener.,0,,,,,
minnesota,Minnesota,active,Brett Carroll,OFS,OL,False,12,2,2026-09-02,Out for the entire 2026 season due to a season-ending injury announced by head coach P.J. Fleck.,0,,,,,
minnesota,Minnesota,active,Ashton Beers,OFS,OL,False,13.1,4,2026-10-05,Suffered an in-game injury in week two and returned to the game. Ruled out for the remainder of the season.,0,,,,,
minnesota,Minnesota,active,Hayden Moore,O,WR,False,11,3,2026-09-30,"Left the week two game against Mississippi State with a knee injury. Awaiting word on severity, but it did not look good. Has not played since. No timetable for return.",0,,,,,
minnesota,Minnesota,active,Jaden Ball,O,OL,False,10,3,2026-10-07,Added to the initial week five report as 'questionable' to be available week five. Downgraded to 'out' on Thursday update. Out week six as well. Starter on the offensive line.,0,,,,,
minnesota,Minnesota,active,Michael Merdinger,O,QB,False,11,0,2026-10-07,Backup QB is listed 'out' on the initial week six report.,0,,,,,
minnesota,Minnesota,active,Donielle Hayes,O,WR,False,9.8,3,2026-10-07,Listed 'out' on the initial week six availability report.,0,,,,,
minnesota,Minnesota,active,Beckham Sunderland,P,K,False,10.2,0,2026-10-07,Added back to the report as 'probable' to kick week six as a minor ailment continues to linger.,0,,,,,
minnesota,Minnesota,cleared_history,Beckett Schreiber,Cleared,OL,,9.1,0,2026-10-08,Cleared from the injury/status report on 10/08/2026,,,,,,
minnesota,Minnesota,cleared_history,Adam Kissayi,Cleared,DL,,11.7,0,2026-10-03,Cleared from the injury/status report on 10/03/2026,,,,,,
minnesota,Minnesota,cleared_history,Beckham Sunderland,Cleared,K,,10.2,0,2026-10-03,Cleared from the injury/status report on 10/03/2026,,,,,,
minnesota,Minnesota,cleared_history,Aaron Thomas,Cleared,OL,,8.1,0,2026-10-03,Cleared from the injury/status report on 10/03/2026,,,,,,
minnesota,Minnesota,cleared_history,Zeke Bates,Cleared,RB,,9.3,0,2026-10-03,Cleared from the injury/status report on 10/03/2026,,,,,,
minnesota,Minnesota,cleared_history,A.J. Turner,Cleared,RB,,12.7,0,2026-10-03,Cleared from the injury/status report on 10/03/2026,,,,,,
minnesota,Minnesota,cleared_history,Matt Kingsbury,Cleared,LB,,11.8,0,2026-09-27,Cleared from the injury/status report on 09/27/2026,,,,,,
minnesota,Minnesota,cleared_history,Zahir Rainer,Cleared,DB,,9.4,0,2026-09-27,Cleared from the injury/status report on 09/27/2026,,,,,,
minnesota,Minnesota,cleared_history,Aidan Gousby,Cleared,DB,,11.9,0,2026-09-27,Cleared from the injury/status report on 09/27/2026,,,,,,
minnesota,Minnesota,cleared_history,Darius Taylor,Cleared,RB,,15.2,0,2026-09-27,Cleared from the injury/status report on 09/27/2026,,,,,,
minnesota,Minnesota,cleared_history,Zeke Bates,Cleared,RB,,9.3,0,2026-09-27,Cleared from the injury/status report on 09/27/2026,,,,,,
minnesota,Minnesota,cleared_history,Simon Seidl,Cleared,DB,,9.5,0,2026-09-24,Cleared from the injury/status report on 09/24/2026,,,,,,
minnesota,Minnesota,cleared_history,Kaden Helms,Cleared,TE,,10.5,0,2026-09-04,Cleared from the injury/status report on 09/04/2026,,,,,,
minnesota,Minnesota,cleared_history,Pierce Walsh,Cleared,TE,,12.3,1,2026-09-04,Cleared from the injury/status report on 09/04/2026,,,,,,
minnesota,Minnesota,cleared_history,A.J. Turner,Cleared,RB,,14,0,2026-08-23,Cleared from the injury/status report on 08/23/2026,,,,,,
mississippi-state,Mississippi State,active,Colin Coates,OFS,,False,9.5,1,2026-09-05,Will miss the full season due to an injury in fall camp.,0,,,,,
mississippi-state,Mississippi State,active,Trevion Williams,OFS,,False,12.3,3,2026-09-21,Suffered a season-ending injury in week three.,0,,,,,
mississippi-state,Mississippi State,active,Diesel Moye,O,,False,11.4,2,2026-09-16,"Sustained an apparent in-game injury in week one, and he walked off under his own power. Has not played since and no timetable for his return.",0,,,,,
mississippi-state,Mississippi State,active,Ayden Williams,O,,False,10.7,2,2026-09-23,"Did not dress for week one after reports of being ""banged up"" during pre-season camp. Has yet to play in 2026 and no timetable has been given.",0,,,,,
mississippi-state,Mississippi State,active,Zakari Tillman,O,,False,10.5,3,2026-10-01,Showed back up on the availability report ahead of week five against Alabama and moved to 'out' on update.,0,,,,,
mississippi-state,Mississippi State,active,Jalen Smith,D,,True,11.8,2,2026-10-03,Injured in-game week five and it does not look promising as we await any official updates...,14,,,,,
mississippi-state,Mississippi State,active,Fluff Bothwell,Q,,True,15.2,1,2026-10-04,"Injured in-game week five and did not return to the game. Will have the bye week to get healthy, but this is a lingering issue that may impact his availability going forward.",1,,,,,
mississippi-state,Mississippi State,active,Kamario Taylor,Q,,True,14.6,1,2026-10-03,Headed to the locker room with an in-game injury week five. Considered day-to-day at this point.,46,,,,,
mississippi-state,Mississippi State,cleared_history,Isaac Smith,Cleared,S,,14.8,0,2026-10-02,Cleared from the injury/status report on 10/02/2026,,,,,,
mississippi-state,Mississippi State,cleared_history,Fluff Bothwell,Cleared,RB,,15.2,0,2026-10-02,Cleared from the injury/status report on 10/02/2026,,,,,,
mississippi-state,Mississippi State,cleared_history,Kamario Taylor,Cleared,QB,,15.6,0,2026-09-30,Cleared from the injury/status report on 09/30/2026,,,,,,
mississippi-state,Mississippi State,cleared_history,Zakari Tillman,Cleared,LB,,10.5,0,2026-09-25,Cleared from the injury/status report on 09/25/2026,,,,,,
mississippi-state,Mississippi State,cleared_history,Kelley Jones,Cleared,CB,,14.8,0,2026-09-19,Cleared from the injury/status report on 09/19/2026,,,,,,
mississippi-state,Mississippi State,cleared_history,Dalton Toothman,Cleared,OL,,9.3,2,2026-09-16,Cleared from the injury/status report on 09/16/2026,,,,,,
mississippi-state,Mississippi State,cleared_history,Joeseph Skipworth,Cleared,TE,,7.8,0,2026-09-16,Cleared from the injury/status report on 09/16/2026,,,,,,
mississippi-state,Mississippi State,cleared_history,Blake Steen,Cleared,,,11.8,1,2026-09-06,Cleared from the injury/status report on 09/06/2026,,,,,,
missouri,Missouri,active,Malae Fonoti,OFS,RB,False,10.9,2,2026-09-08,Suffered a non-contact injury that will end his 2026 season.,0,,,,,
missouri,Missouri,active,Dj Jones,OFS,OL,False,11.9,0,2026-10-08,"News surfaced that Jones quickly received a heart transplant. He's going into recovery now. It remains a battle, but good news received.",0,,,,,
missouri,Missouri,active,Josh Atkins,O,OL,False,12.8,0,2026-07-20,"Injured in spring and suffered a setback in late July. He's likely out for most, if not the entire season.",0,,,,,
missouri,Missouri,active,Ahmad Hardy,O,RB,,16.7,4,2026-09-20,Sustained a gunshot wound in an offseason incident. He will miss likely a couple of weeks into the season at this point. Still no timetable for return to the field.,0,,,,,
missouri,Missouri,active,JaDon Blair,O,S,False,12,3,2026-09-27,Added as 'out' on the initial injury report for week four ahead of Mississippi State. Remains listed 'out' on injury report.,0,,,,,
missouri,Missouri,active,Gavin Hoffman,O,TE,False,6.4,0,2026-09-27,Has a hamstring injury sustained back in camp and has yet to clear the injury reports.,0,,,,,
missouri,Missouri,active,Darris Smith,Q,ED,True,12.8,1,2026-10-10,"Smith sustained an injury in Week 3 vs. Troy and missed Week 4. While cleared as available right before kickoff, he did not record a snap or appear in the defensive tackle/stat rotation against Texas A&M, indicating his workload remains limited or held for depth.",5,,,,,
missouri,Missouri,active,Robert Woodyard Jr.,P,LB,True,15.4,0,2026-10-10,"Woodyard exited twice against Florida due to lower-body/contact issues and played through discomfort. He logged 5 combined tackles vs. Texas A&M, but coaching staff indicated cautious snap management moving into the Ole Miss week due to lingering soreness.",41,,,,,
missouri,Missouri,cleared_history,Brett Norfleet,Cleared,TE,,11,0,2026-10-10,Cleared from the injury/status report on 10/10/2026,,,,,,
missouri,Missouri,cleared_history,Langden Kitchen,Cleared,ED,,13.8,1,2026-10-10,Cleared from the injury/status report on 10/10/2026,,,,,,
missouri,Missouri,cleared_history,Darris Smith,Cleared,ED,,12.8,1,2026-10-10,Cleared from the injury/status report on 10/10/2026,,,,,,
missouri,Missouri,cleared_history,Bobby Washington Jr.,Cleared,LB,,12,0,2026-10-10,Cleared from the injury/status report on 10/10/2026,,,,,,
missouri,Missouri,cleared_history,Kensley Louidor-Faustin,Cleared,S,,11.9,1,2026-10-10,Cleared from the injury/status report on 10/10/2026,,,,,,
missouri,Missouri,cleared_history,DaMarion Fowlkes,Cleared,WR,,10.6,1,2026-10-10,Cleared from the injury/status report on 10/10/2026,,,,,,
missouri,Missouri,cleared_history,Cayden Green,Cleared,OL,,15.1,2,2026-10-10,Cleared from the injury/status report on 10/10/2026,,,,,,
missouri,Missouri,cleared_history,Santana Banner,Cleared,S,,13.6,1,2026-10-10,Cleared from the injury/status report on 10/10/2026,,,,,,
missouri,Missouri,cleared_history,Robert Woodyard Jr.,Cleared,LB,,15.3,2,2026-10-10,Cleared from the injury/status report on 10/10/2026,,,,,,
missouri,Missouri,cleared_history,Jahlil Florence,Cleared,CB,,13.3,0,2026-10-10,Cleared from the injury/status report on 10/10/2026,,,,,,
missouri,Missouri,cleared_history,Jaden Jones,Cleared,ED,,13,0,2026-10-10,Cleared from the injury/status report on 10/10/2026,,,,,,
missouri,Missouri,cleared_history,Bobby Washington Jr.,Cleared,LB,,12,1,2026-10-02,Cleared from the injury/status report on 10/02/2026,,,,,,
missouri,Missouri,cleared_history,Darris Smith,Cleared,ED,,12.9,0,2026-09-20,Cleared from the injury/status report on 09/20/2026,,,,,,
missouri,Missouri,cleared_history,Gavin Hoffman,Cleared,TE,,6.5,0,2026-09-12,Cleared from the injury/status report on 09/12/2026,,,,,,
missouri,Missouri,cleared_history,Jabari Brady,Cleared,WR,,10.8,1,2026-09-12,Cleared from the injury/status report on 09/12/2026,,,,,,
missouri,Missouri,cleared_history,Cayden Green,Cleared,OL,,15.3,0,2026-09-12,Cleared from the injury/status report on 09/12/2026,,,,,,
missouri,Missouri,cleared_history,Shaun Terry II,Cleared,WR,,10.2,0,2026-08-22,Cleared from the injury/status report on 08/22/2026,,,,,,
missouri,Missouri,cleared_history,Sione Laulea,Cleared,CB,,14.7,0,2026-08-22,Cleared from the injury/status report on 08/22/2026,,,,,,
missouri,Missouri,cleared_history,Jahlil Florence,Cleared,CB,,11.2,0,2026-08-10,Cleared from the injury/status report on 08/10/2026,,,,,,
mo-state,Missouri State,active,Malachi Madison,OFS,DL,,10.2,0,2026-09-09,Sustained a season-ending knee injury in fall camp.,0,,,,,
mo-state,Missouri State,active,Hieko Malone,OFS,LB,False,6.9,0,2026-09-09,Tore his ACL in week one and will miss the rest of the 2026 season.,0,,,,,
mo-state,Missouri State,active,Dylan Dixson,OFS,S,False,9.9,0,2026-09-13,Will undergo neck surgery and faces a long timeframe to return. Very likely out for the entire 2026 campaign.,0,,,,,
mo-state,Missouri State,active,Josh Joyner,O,RB,False,9.5,3,2026-10-08,Added to IR as Out for week 6,0,,,,,
mo-state,Missouri State,active,Gionni McBride,O,CB,False,10.5,3,2026-10-08,Added to IR as Out for week 6,0,,,,,
mo-state,Missouri State,active,Myles Ewell,O,OL,False,5.6,2,2026-10-08,Added to IR as Out for week 6,0,,,,,
mo-state,Missouri State,active,James Rexroat,O,TE,False,7.4,2,2026-10-08,Added to IR as Out for week 6,0,,,,,
mo-state,Missouri State,active,Brandon Hightower,O,DL,False,7.7,2,2026-10-08,Added to IR as Out for week 6,0,,,,,
mo-state,Missouri State,cleared_history,Skyler Locklear,Cleared,QB,,12.3,1,2026-10-10,Cleared from the injury/status report on 10/10/2026,,,,,,
mo-state,Missouri State,cleared_history,Jmariyae Robinson,Cleared,WR,,12.4,1,2026-10-10,Cleared from the injury/status report on 10/10/2026,,,,,,
mo-state,Missouri State,cleared_history,Makai Cope,Cleared,WR,,12,1,2026-09-28,Cleared from the injury/status report on 09/28/2026,,,,,,
mo-state,Missouri State,cleared_history,Yousef Obeid,Cleared,K,,12.5,1,2026-09-28,Cleared from the injury/status report on 09/28/2026,,,,,,
mo-state,Missouri State,cleared_history,Breezy Dubar,Cleared,RB,,12.4,2,2026-09-28,Cleared from the injury/status report on 09/28/2026,,,,,,
mo-state,Missouri State,cleared_history,Isaiah Villanueva,Cleared,OL,,9,1,2026-09-20,Cleared from the injury/status report on 09/20/2026,,,,,,
mo-state,Missouri State,cleared_history,Gilles Tchio,Cleared,DL,,11.2,1,2026-09-20,Cleared from the injury/status report on 09/20/2026,,,,,,
mo-state,Missouri State,cleared_history,Isaiah Myers,Cleared,WR,,9.5,0,2026-09-07,Cleared from the injury/status report on 09/07/2026,,,,,,
mo-state,Missouri State,cleared_history,Henry Belin IV,Cleared,QB,,10.9,1,2026-08-24,Cleared from the injury/status report on 08/24/2026,,,,,,
mtsu,Middle Tennessee,cleared_history,Zeion Simpson-Smith,Cleared,DT,,12.5,0,2026-09-20,Cleared from the injury/status report on 09/20/2026,,,,,,
navy,Navy,active,Matthew Seliga,O,S,False,12.4,4,2026-10-10,Official report 2026-10-10: out.,0,,,,,
navy,Navy,active,MarcAnthony Parker,Q,LB,False,12.9,1,2026-10-10,Official report 2026-10-10: questionable.,18,,,,,
navy,Navy,active,Jake Norris,O,TE,False,12.8,4,2026-10-10,Official report 2026-10-10: out.,3,,,,,
navy,Navy,cleared_history,Theo Elwell,Cleared,TE,,8.7,0,2026-10-04,Cleared from the injury/status report on 10/04/2026,,,,,,
navy,Navy,cleared_history,Braxton Woodson,Cleared,QB,,13.6,1,2026-10-04,Cleared from the injury/status report on 10/04/2026,,,,,,
nc-state,North Carolina State,active,Teddy Hoffmann,S,WR,False,13.1,0,2026-08-05,Suspended for the entire 2026 season due to an positive test for performance-enhancing substances.,0,,,,,
nc-state,North Carolina State,active,Aj Richardson,OFS,ILB,False,12.3,2,2026-09-07,Out for the season due to a bicep injury.,0,,,,,
nc-state,North Carolina State,active,"Jayden ""Duke"" Scott",O,RB,False,14.8,4,2026-10-07,Seen post-game in a walking boot after the week five game. Officially listed as out for the Week 6 matchup vs. Wake Forest.,0,,,,,
nc-state,North Carolina State,active,Tristan Teasdell,O,SAF,False,11.1,3,2026-10-07,Injured in Week 5 vs. Louisville. Remains out for the Week 6 matchup vs. Wake Forest.,0,,,,,
nc-state,North Carolina State,active,Vander Ploog,O,TE,False,10.4,3,2026-10-07,HC Dave Doeren says he's getting closer but not there yet. Remains out for the Week 6 matchup vs. Wake Forest.,0,,,,,
nc-state,North Carolina State,active,Isaiah Crowell,O,NIC,False,10.5,0,2026-10-07,Undisclosed injury;  DNP Week 5 vs. Louisville. Remains out for the Week 6 matchup vs. Wake Forest.,0,,,,,
nc-state,North Carolina State,active,Rylan Vann,O,OL,False,10.6,0,2026-10-07,DNP Week 5 vs. Louisville. Remains out for the Week 6 matchup vs. Wake Forest.,0,,,,,
nc-state,North Carolina State,active,Yousef Mugharbil,O,OL,False,12.1,3,2026-10-07,Injured in Week 5 vs. Louisville. Remains out for the Week 6 matchup vs. Wake Forest.,0,,,,,
nc-state,North Carolina State,active,Spike Sowells Jr.,O,OL,,13.5,4,2026-10-07,Undisclosed injury;  DNP Week 5 vs. Louisville. Remains out for the Week 6 matchup vs. Wake Forest.,0,,,,,
nc-state,North Carolina State,active,Ian Flynt,O,TE,False,6.9,0,2026-10-07,DNP Week 5 vs. Louisville. Remains out for the Week 6 matchup vs. Wake Forest.,0,,,,,
nc-state,North Carolina State,active,Nick Konieczynski,O,K,False,11.4,0,2026-10-07,Undisclosed injury;  DNP Week 5 vs. Louisville. Remains out for the Week 6 matchup vs. Wake Forest.,0,,,,,
nc-state,North Carolina State,active,Carmelo McKenzie,O,NG,False,9.1,0,2026-10-07,Undisclosed injury;  DNP Week 5 vs. Louisville. Remains out for the Week 6 matchup vs. Wake Forest.,0,,,,,
nc-state,North Carolina State,active,Kamen Smith,O,OT,False,12.7,4,2026-10-10,Official report 2026-10-10: out. Previous context: Added to the ACC injury report as questionable for Week 6 vs. Wake Forest.,0,,,,,
nc-state,North Carolina State,active,"Joshisa ""Jojo"" Trader",O,WR,False,12.5,4,2026-10-10,"October 10, 2026 update: He will miss Wake Forest with a foot injury. After the bye, his next opportunity is October 23 at Stanford, not a confirmed return date. Previous context: Official report 2026-10-10: game time decision. Previous context: Sent to the locker during Week 5 against Louisville. Listed as questionable for Week 6 vs. Wake Forest.",0,,,,,
nc-state,North Carolina State,active,Adrian Farrow,GTD,DL,False,12.5,0,2026-10-10,Official report 2026-10-10: game time decision. Previous context: Added to the ACC injury report as questionable for Week 6 vs. Wake Forest.,0,,,,,
nc-state,North Carolina State,cleared_history,Jimarion McCrimon,Cleared,OL,,11.1,1,2026-10-10,Cleared from the injury/status report on 10/10/2026,,,,,,
nc-state,North Carolina State,cleared_history,Tyreek Copper,Cleared,WR,,8.8,0,2026-10-08,Cleared from the injury/status report on 10/08/2026,,,,,,
nc-state,North Carolina State,cleared_history,Noah Moss,Cleared,RB,,9.4,0,2026-10-08,Cleared from the injury/status report on 10/08/2026,,,,,,
nc-state,North Carolina State,cleared_history,Davion Dozier,Cleared,WR,,11.9,1,2026-10-01,Cleared from the injury/status report on 10/01/2026,,,,,,
nc-state,North Carolina State,cleared_history,"Jj Ferguson, Jr.",Cleared,DE,,8.9,0,2026-10-01,Cleared from the injury/status report on 10/01/2026,,,,,,
nc-state,North Carolina State,cleared_history,Gus Ritchey,Cleared,TE,,9.2,0,2026-10-01,Cleared from the injury/status report on 10/01/2026,,,,,,
nc-state,North Carolina State,cleared_history,Asaad Brown Jr.,Cleared,NIC,,13.4,4,2026-09-28,Cleared from the injury/status report on 09/28/2026,,,,,,
nc-state,North Carolina State,cleared_history,Rylan Vann,Cleared,OL,,10.6,2,2026-09-12,Cleared from the injury/status report on 09/12/2026,,,,,,
nc-state,North Carolina State,cleared_history,Jimarion McCrimon,Cleared,OL,,10.8,0,2026-09-12,Cleared from the injury/status report on 09/12/2026,,,,,,
nc-state,North Carolina State,cleared_history,"Jayden ""Duke"" Scott",Cleared,RB,,13.6,0,2026-09-12,Cleared from the injury/status report on 09/12/2026,,,,,,
nc-state,North Carolina State,cleared_history,Jonathan Paylor,Cleared,RB,,12.3,0,2026-08-26,Cleared from the injury/status report on 08/26/2026,,,,,,
ndsu,North Dakota State,active,Drake Schlosser,OFS,WR,False,5.3,0,2026-10-08,RotoWire 2026-10-08: RotoWire reports he will miss the rest of the season with an undisclosed injury. Previous context: Undisclosed injury; remains listed 'out' on the updated availability reports.,0,,,,,
ndsu,North Dakota State,active,Kye Schlichting,OFS,WR,False,9.1,0,2026-10-08,RotoWire 2026-10-08: RotoWire reports he will miss the rest of the season with an undisclosed injury. Previous context: Added to the week five report as 'out' and will miss the Wyoming game.,0,,,,,
ndsu,North Dakota State,active,Cash Danner,OFS,TE,False,8.4,0,2026-10-08,RotoWire 2026-10-08: RotoWire reports he will miss the rest of the season with an undisclosed injury. Previous context: Undisclosed injury; remains listed 'out' on the updated availability reports.,0,,,,,
ndsu,North Dakota State,active,Braylon Toliver,OFS,RB,False,9.1,2,2026-09-22,Sidelined; not expected to play this season (per Dom Izzo/WDAY-TV).,0,,,,,
ndsu,North Dakota State,active,Carter Appl,OFS,LB,False,4.6,0,2026-09-22,Sidelined; not expected to play this season (per Dom Izzo/WDAY-TV).,0,,,,,
ndsu,North Dakota State,active,Earl Brown,OFS,OL,False,8.4,0,2026-09-22,Sidelined; not expected to play this season (per Dom Izzo/WDAY-TV).,0,,,,,
ndsu,North Dakota State,active,Tucker Thieneman,OFS,OL,False,9.3,0,2026-09-22,Sidelined; not expected to play this season (per Dom Izzo/WDAY-TV).,0,,,,,
ndsu,North Dakota State,active,Ben Schepp,O,LB,False,5.3,0,2026-09-30,Undisclosed injury; remains listed 'out' on the updated availability reports.,0,,,,,
ndsu,North Dakota State,active,Brandon Walton,O,WR,False,5.3,0,2026-09-30,Added to the week five report as 'out'. No rotational impact.,0,,,,,
ndsu,North Dakota State,active,Noah Nelson,O,TE,False,4.8,0,2026-09-30,Undisclosed injury; remains listed 'out' on the updated availability reports.,0,,,,,
ndsu,North Dakota State,active,Cortez LeGrant,O,RB,False,7.9,2,2026-10-10,Official report 2026-10-10: out. Game 2026-10-10. Previous context: Added as 'questionable' to the week five report ahead of the Wyoming game.,0,,,,,
ndsu,North Dakota State,active,Truman Griffith,O,DE,False,7.5,2,2026-10-08,Official report 2026-10-08: out. Game 2026-10-10. Previous context: Added as 'questionable' on game day report.,0,,,,,
ndsu,North Dakota State,active,Barry Kpeenu,Q,RB,False,9.5,1,2026-10-08,RotoWire 2026-10-08: RotoWire lists him questionable against UNLV after playing a limited role last week.,1,,,,,
ndsu,North Dakota State,active,Ethan Wood,O,DE,False,9.3,3,2026-10-08,Official report 2026-10-08: out. Game 2026-10-10.,1,,,,,
ndsu,North Dakota State,active,Griffin Empey,Q,OG,False,14.1,1,2026-10-08,Official report 2026-10-08: questionable. Game 2026-10-10.,67,,,,,
ndsu,North Dakota State,cleared_history,Allante Burley,Cleared,DE,,9.9,1,2026-10-10,Cleared from the injury/status report on 10/10/2026,,,,,,
ndsu,North Dakota State,cleared_history,Myles Mitchell,Cleared,RB,,10.6,1,2026-10-10,Cleared from the injury/status report on 10/10/2026,,,,,,
ndsu,North Dakota State,cleared_history,Barry Kpeenu,Cleared,RB,,9.5,0,2026-10-04,Cleared from the injury/status report on 10/04/2026,,,,,,
ndsu,North Dakota State,cleared_history,Henry Nelson,Cleared,QB,,5.3,0,2026-10-02,Cleared from the injury/status report on 10/02/2026,,,,,,
ndsu,North Dakota State,cleared_history,Jonathan Harvey,Cleared,RB,,5.3,0,2026-10-02,Cleared from the injury/status report on 10/02/2026,,,,,,
ndsu,North Dakota State,cleared_history,Kegan Huber,Cleared,CB,,8.6,0,2026-10-02,Cleared from the injury/status report on 10/02/2026,,,,,,
ndsu,North Dakota State,cleared_history,Josh Magin,Cleared,OT,,9.8,1,2026-09-20,Cleared from the injury/status report on 09/20/2026,,,,,,
nebraska,Nebraska,active,Kahmir Prescott,OFS,DB,,10,0,2026-09-01,Will miss the 2026 season with an injury sustained in fall camp.,0,,,,,
nebraska,Nebraska,active,Jase Reynolds,O,LB,False,9.2,0,2026-09-23,Listed 'out' on the initial week four availability report. No timetable for return. Not a rotational impact.,0,,,,,
nebraska,Nebraska,active,Jacob Bower,O,LB,False,7.9,0,2026-09-23,Listed 'out' on the initial week four availability report. No timetable for return. Not a rotational impact.,0,,,,,
nebraska,Nebraska,active,Gabe Moore,O,DL,False,10.7,0,2026-09-23,Listed 'out' on the initial week four availability report. No timetable for return. Not a rotational impact.,0,,,,,
nebraska,Nebraska,active,Larry Miles,O,WR,False,10,2,2026-09-30,Re-injured and did not play week five against Maryland. Tracking for longer-term impacts.,0,,,,,
nebraska,Nebraska,active,Riley Van Poppel,O,DL,False,12.1,4,2026-10-10,Official report 2026-10-10: out. Previous context: Official report 2026-10-08: questionable.,0,,,,,
nebraska,Nebraska,active,Jamir Conn,D,DB,True,12.7,3,2026-10-10,Conn exited Saturday’s loss to Indiana and was later seen with his shoulder in a sling. Awaiting further updates on severity.,17,,,,,
nebraska,Nebraska,cleared_history,Gage Stenger,Cleared,LB,,8.9,0,2026-10-10,Cleared from the injury/status report on 10/10/2026,,,,,,
nebraska,Nebraska,cleared_history,Carter Nelson,Cleared,TE,,11.5,1,2026-10-10,Cleared from the injury/status report on 10/10/2026,,,,,,
nebraska,Nebraska,cleared_history,Jamal Rule,Cleared,RB,,14.7,2,2026-10-06,Cleared from the injury/status report on 10/06/2026,,,,,,
nebraska,Nebraska,cleared_history,Brendan Black,Cleared,OL,,12.1,0,2026-10-03,Cleared from the injury/status report on 10/03/2026,,,,,,
nebraska,Nebraska,cleared_history,Rex Guthrie,Cleared,DB,,11.5,0,2026-10-03,Cleared from the injury/status report on 10/03/2026,,,,,,
nebraska,Nebraska,cleared_history,Bryson Webber,Cleared,DB,,10.4,0,2026-10-03,Cleared from the injury/status report on 10/03/2026,,,,,,
nebraska,Nebraska,cleared_history,Tanner Terch,Cleared,DB,,9.5,0,2026-10-03,Cleared from the injury/status report on 10/03/2026,,,,,,
nebraska,Nebraska,cleared_history,Jacory Barney Jr.,Cleared,WR,,13.8,0,2026-10-03,Cleared from the injury/status report on 10/03/2026,,,,,,
nebraska,Nebraska,cleared_history,Jordan Ochoa,Cleared,DL,,8.8,1,2026-09-26,Cleared from the injury/status report on 09/26/2026,,,,,,
nebraska,Nebraska,cleared_history,Jahsear Whittington,Cleared,DL,,13.4,1,2026-09-24,Cleared from the injury/status report on 09/24/2026,,,,,,
nebraska,Nebraska,cleared_history,Larry Miles,Cleared,WR,,10,1,2026-09-21,Cleared from the injury/status report on 09/21/2026,,,,,,
nebraska,Nebraska,cleared_history,Dawson Merritt,Cleared,LB,,12.5,0,2026-09-14,Cleared from the injury/status report on 09/14/2026,,,,,,
nebraska,Nebraska,cleared_history,Owen Chambliss,Cleared,LB,,15.9,0,2026-09-14,Cleared from the injury/status report on 09/14/2026,,,,,,
nebraska,Nebraska,cleared_history,Demitrius Bell,Cleared,WR,,10.1,0,2026-09-06,Cleared from the injury/status report on 09/06/2026,,,,,,
nebraska,Nebraska,cleared_history,Gunnar Gottula,Cleared,OL,,12.9,0,2026-09-01,Cleared from the injury/status report on 09/01/2026,,,,,,
nebraska,Nebraska,cleared_history,Blye Hill,Cleared,DB,,11.9,0,2026-09-01,Cleared from the injury/status report on 09/01/2026,,,,,,
nebraska,Nebraska,cleared_history,Janiran Bonner,Cleared,WR,,10.5,0,2026-07-31,Cleared from the injury/status report on 07/31/2026,,,,,,
nevada,Nevada,active,Cooper Wilson,OFS,DB,False,8.1,2,2026-10-08,Official report 2026-10-08: season ending. Game 2026-10-10. Previous context: Listed as out on the Mountain West injury report for their week 4 game vs. Air Force.,0,,,,,
nevada,Nevada,active,Jake Silverman,OFS,LB,False,8.5,2,2026-10-08,Official report 2026-10-08: season ending. Game 2026-10-10. Previous context: Listed as out on the Mountain West injury report for their week 4 game vs. Air Force.,0,,,,,
nevada,Nevada,active,Bishop Turner,O,DB,False,11.2,3,2026-10-08,Official report 2026-10-08: out. Game 2026-10-10.,-1,,,,,
nevada,Nevada,cleared_history,Carter Jones,Cleared,QB,,10.3,0,2026-10-10,Cleared from the injury/status report on 10/10/2026,,,,,,
nevada,Nevada,cleared_history,Jose Balver-Mendoza,Cleared,OL,,7.2,2,2026-10-10,Cleared from the injury/status report on 10/10/2026,,,,,,
nevada,Nevada,cleared_history,Carter Jones,Cleared,QB,,9.8,1,2026-09-20,Cleared from the injury/status report on 09/20/2026,,,,,,
nevada,Nevada,cleared_history,Carter Jones,Cleared,QB,,9.4,0,2026-08-10,Cleared from the injury/status report on 08/10/2026,,,,,,
niu,Northern Illinois,active,Luke Skartvedt,OFS,OL,False,10.6,3,2026-10-08,Added to the week 6 injury report as out for the season.,0,,,,,
niu,Northern Illinois,active,Glen Weber,Q,TE,False,7.4,1,2026-10-08,Official report 2026-10-08: questionable. Game 2026-10-10. Previous context: Weber (undisclosed) did not play in Saturday's 42-17 loss to Arizona,17,,,,,
niu,Northern Illinois,active,Rickey Taylor Jr.,O,WR,False,11.4,3,2026-10-08,Official report 2026-10-08: out. Game 2026-10-10.,0,,,,,
niu,Northern Illinois,active,Mathias Smith-Davis,O,DE,False,9,3,2026-10-08,Official report 2026-10-08: out. Game 2026-10-10.,0,,,,,
niu,Northern Illinois,active,Jay'shon Thomas,O,DE,False,11.3,3,2026-10-08,Official report 2026-10-08: out. Game 2026-10-10.,1,,,,,
niu,Northern Illinois,active,Da'sean Howard,O,RB,False,8.2,0,2026-10-08,Official report 2026-10-08: out. Game 2026-10-10.,0,,,,,
niu,Northern Illinois,active,Joseph Nnamuchi,O,DE,False,9,3,2026-10-08,Official report 2026-10-08: out. Game 2026-10-10.,0,,,,,
niu,Northern Illinois,active,Terry Robinson,O,DT,False,9,0,2026-10-08,Official report 2026-10-08: out. Game 2026-10-10.,0,,,,,
niu,Northern Illinois,active,Cole Latimer,O,QB,False,5.3,0,2026-10-10,Official report 2026-10-10: out. Game 2026-10-10. Previous context: Official report 2026-10-08: questionable. Game 2026-10-10.,0,,,,,
niu,Northern Illinois,active,Devin Habermehl,Q,TE,False,5.7,0,2026-10-08,Official report 2026-10-08: questionable. Game 2026-10-10.,0,,,,,
niu,Northern Illinois,active,Tyler Chambers,Q,OL,False,9.5,1,2026-10-08,Official report 2026-10-08: questionable. Game 2026-10-10.,45,,,,,
niu,Northern Illinois,active,Jacob Welch,Q,OL,False,10.8,1,2026-10-08,Official report 2026-10-08: questionable. Game 2026-10-10.,0,,,,,
niu,Northern Illinois,active,Jordan Bellamy,Q,DT,False,8,1,2026-10-10,Official report 2026-10-10: questionable. Game 2026-10-10.,26,,,,,
niu,Northern Illinois,active,Justin Faulkner,O,WR,False,7.9,0,2026-10-10,Official report 2026-10-10: out. Game 2026-10-10.,0,,,,,
niu,Northern Illinois,active,Samir Senenat,Q,OL,False,5.6,1,2026-10-10,Official report 2026-10-10: questionable. Game 2026-10-10.,0,,,,,
niu,Northern Illinois,active,Jt King,Q,C,False,7.9,0,2026-10-10,Official report 2026-10-10: questionable. Game 2026-10-10.,0,,,,,
nm-state,New Mexico State,active,Desmin Hatfield-Rushton,O,S,False,7,0,2026-10-01,Listed 'out' on the week five availability report prior to WKU game. Leaving there until week six update.,0,,,,,
nm-state,New Mexico State,active,Ray Lotten,O,TE,False,8.6,2,2026-10-01,Listed 'out' on the week five availability report prior to WKU game. Leaving there until week six update.,0,,,,,
nm-state,New Mexico State,active,Tayden Barnes,O,S,False,10.8,3,2026-10-01,Listed 'out' on the week five availability report prior to WKU game. Leaving there until week six update.,0,,,,,
nm-state,New Mexico State,active,Bernock Iya,O,S,False,13.6,4,2026-10-01,Listed 'out' on the week five availability report prior to WKU game. Leaving there until week six update.,0,,,,,
nm-state,New Mexico State,active,Drake Williams,O,LB,False,5.7,1,2026-10-01,Listed 'out' on the week five availability report prior to WKU game. Leaving there until week six update.,0,,,,,
nm-state,New Mexico State,active,Mark Chapman,O,OL,False,12.6,3,2026-10-01,Listed 'out' on the week five availability report prior to WKU game. Leaving there until week six update.,0,,,,,
nm-state,New Mexico State,active,Josiah Jackson,OFS,DL,False,11.1,0,2026-10-01,Listed 'out' on the week five availability report prior to WKU game. Now listed as OFS,0,,,,,
nm-state,New Mexico State,active,Reeves Baller,O,DE,False,11.3,3,2026-10-07,"Injured in week 5, OUT week 6",0,,,,,
nm-state,New Mexico State,active,Ilya Uvaydov,Q,K,True,13.5,1,2026-10-08,Was held out of week five with an undisclosed injury. Status in question going forward. Starting place kicker.,2,,,,,
nm-state,New Mexico State,cleared_history,Brodie Malone-Bradford,Cleared,WR,,11,1,2026-10-01,Cleared from the injury/status report on 10/01/2026,,,,,,
nm-state,New Mexico State,cleared_history,Roscoe Burton,Cleared,RB,,3.9,0,2026-10-01,Cleared from the injury/status report on 10/01/2026,,,,,,
northwestern,Northwestern,active,Ezomo Oratokhai,OFS,OL,False,13.7,4,2026-09-29,Listed 'out' on the initial Big Ten report ahead of week four against Indiana. Intel suggests he is out for the remainder of the season.,0,,,,,
northwestern,Northwestern,active,Seth Valeri,O,DB,,7,0,2026-09-29,Listed 'out' on the initial Big Ten report ahead of week four against Indiana. Remains there on the availability report.,0,,,,,
northwestern,Northwestern,active,Max Mohring,O,LB,,9.4,0,2026-09-29,Listed 'out' on the initial Big Ten report ahead of week four against Indiana. Remains there on the availability report.,0,,,,,
northwestern,Northwestern,active,Jason Reynolds II,O,LB,,9.2,2,2026-09-29,Listed 'out' on the initial Big Ten report ahead of week four against Indiana. Remains there on the availability report.,0,,,,,
northwestern,Northwestern,active,Callen Campbell,O,DL,,10,2,2026-09-29,Listed 'out' on the initial Big Ten report ahead of week four against Indiana. Remains there on the availability report.,0,,,,,
northwestern,Northwestern,active,Qayvier Johnson,O,LB,,8.6,0,2026-09-29,Listed 'out' on the initial Big Ten report ahead of week four against Indiana. Remains there on the availability report.,0,,,,,
northwestern,Northwestern,active,David Anchondo,O,OL,,6.7,1,2026-09-29,Listed 'out' on the initial Big Ten report ahead of week four against Indiana. Remains there on the availability report.,0,,,,,
northwestern,Northwestern,active,Jacob Miller,O,OL,,8.1,0,2026-09-29,Listed 'out' on the initial Big Ten report ahead of week four against Indiana. Remains there on the availability report.,0,,,,,
northwestern,Northwestern,active,Chris Petrucci,O,TE,,8,0,2026-09-29,Listed 'out' on the initial Big Ten report ahead of week four against Indiana. Remains there on the availability report.,0,,,,,
northwestern,Northwestern,active,Tom McGlinchey,O,TE,False,9.7,0,2026-09-29,Listed 'out' on the initial Big Ten report ahead of week four against Indiana. Remains there on the availability report.,0,,,,,
northwestern,Northwestern,active,Migo Jackson,O,DL,False,11.9,3,2026-09-29,Listed 'out' on the initial Big Ten report ahead of week four against Indiana. Remains there on the availability report.,0,,,,,
northwestern,Northwestern,active,Glory Stephen-Wangboje,O,DL,False,9.6,2,2026-09-29,Listed 'out' on the initial Big Ten report ahead of week four against Indiana. Remains there on the availability report.,0,,,,,
northwestern,Northwestern,active,Josh Fussell,D,DB,False,12.9,2,2026-10-01,Left the week four game against Indiana after the first series and did not return. Listed 'doubtful' to play week five on the initial report. Downgraded to 'out' on update.,0,,,,,
northwestern,Northwestern,active,Jaden McDuffie,D,WR,False,9.8,0,2026-09-30,Added as 'doubtful' on the initial week five report ahead of Penn State. Downgraded to 'out' on update and will not be available week five.,0,,,,,
northwestern,Northwestern,active,Braden Turner,Q,DB,False,15,1,2026-10-03,"DNP starting week four against Indiana, but is back to 'questionable' for week five against Penn State. DNP week six. Leaving questionable.",0,,,,,
northwestern,Northwestern,active,Luke Dehnicke,Q,TE,False,15.5,1,2026-10-03,Added to the week five availability report as 'questionable' with an undisclosed issue. Moved to doubtful on update. DNP week six. Leaving questionable.,1,,,,,
northwestern,Northwestern,active,Damon Walters,Q,DB,False,13.1,1,2026-10-03,Added to the week five availability report as 'questionable' and it's notable considering he's a starter in the secondary. DNP week five. Back to questionable for week six.,0,,,,,
northwestern,Northwestern,active,Nigel Glover,Q,LB,,11.1,1,2026-10-03,Listed 'out' on the initial Big Ten report ahead of week four against Indiana. DNP week five after getting to 'questionable' and we'll move him back there ahead of week six.,0,,,,,
northwestern,Northwestern,active,Troy Regovich,Q,DL,False,10.7,1,2026-10-03,Listed 'out' on the initial Big Ten report ahead of week four against Indiana. Back to 'questionable' head of week five against Penn State. No snaps logged. Leaving here.,11,,,,,
northwestern,Northwestern,active,Chase Farrell,Q,WR,False,9.5,1,2026-10-03,"DNP starting week four against Indiana, but is back to 'questionable' for week five against Penn State. DNP. Leaving questionable ahead of week six.",0,,,,,
northwestern,Northwestern,active,Dennis Rahouski,Q,OL,False,12.6,1,2026-10-03,Was shaken up on a play in week five against Penn State. Leaving here as questionable until we get an update...,31,,,,,
northwestern,Northwestern,cleared_history,Hayden Eligon II,Cleared,WR,,13.2,0,2026-10-03,Cleared from the injury/status report on 10/03/2026,,,,,,
northwestern,Northwestern,cleared_history,Michael Kilbane,Cleared,DL,,15.6,1,2026-09-20,Cleared from the injury/status report on 09/20/2026,,,,,,
northwestern,Northwestern,cleared_history,Ezomo Oratokhai,Cleared,OL,,13.7,1,2026-09-20,Cleared from the injury/status report on 09/20/2026,,,,,,
northwestern,Northwestern,cleared_history,Jackson Carsello,Cleared,OL,,13.9,0,2026-09-20,Cleared from the injury/status report on 09/20/2026,,,,,,
notre-dame,Notre Dame,active,Quincy Porter,OFS,WR,False,13.7,3,2026-09-28,Missed spring ball with a knee injury suffered last year at Ohio State and has been updated to missing the entire 2026 season as well.,0,,,,,
notre-dame,Notre Dame,active,Charles Jagusah,O,OL,,12.5,2,2026-09-06,Injury woes continue as Freeman updates us that he's hopeful he plays at some point this season. Not ready for week one and we'll leave as 'out' until an update.,0,,,,,
notre-dame,Notre Dame,active,Matty Augustine,O,OL,False,13.3,1,2026-08-12,A right foot injury will keep him out well into the season. Expected to return at some point.,28,,,,,
notre-dame,Notre Dame,active,Chaz Smith,O,CB,,11.2,0,2026-09-06,Sustained a right wrist injury that will sideline him into the season. Exact timetable unknown. Missed week one. Leaving as 'out' until we hear more.,0,,,,,
notre-dame,Notre Dame,active,Christopher Burgess Jr.,O,DL,,12.9,0,2026-09-01,"Sitting out summer workouts, recovering from a left tibia stress fracture surgery. Will be out week one. Leaving 'out' for now.",0,,,,,
notre-dame,Notre Dame,active,Tiki Hola,O,DL,,10.4,0,2026-09-01,"Sitting out summer workouts, recovering from a right knee ACL surgery. Will be out week one. Leaving as 'out' until we get an update.",0,,,,,
notre-dame,Notre Dame,active,Brauntae Johnson,O,S,False,15.9,3,2026-09-12,Suffered a lower leg injury during the second quarter and was seen in a boot following the week one game. Will miss a couple of weeks but expected back in the near term.,0,,,,,
notre-dame,Notre Dame,active,Jason Onye,O,DL,False,14.5,3,2026-09-12,"Sustained a lower leg injury returned to the sideline and was sporting a walking boot week one. Out week two against Rice, but not expected to be a long-term deal.",0,,,,,
notre-dame,Notre Dame,active,Chris Terek,O,OL,,11.3,0,2026-09-06,Sitting out due to injury beginning week one. Leaving there until we get an update.,0,,,,,
notre-dame,Notre Dame,active,Leonard Moore,Q,CB,False,17.3,1,2026-10-06,"Injured late in the week five game on UNC's final drive. He was not able to finish. It's not believed to be serious, but he may miss a week or two.",0,,,,,
notre-dame,Notre Dame,active,Kyngstonn Viliamu-Asa,O,LB,False,17.7,5,2026-10-08,Added back to the report as 'questionable' with a lingering injury ahead of week six against Stanford. Downgraded to 'out' on update.,0,,,,,
notre-dame,Notre Dame,cleared_history,Luke Talich,Cleared,S,,15,1,2026-09-28,Cleared from the injury/status report on 09/28/2026,,,,,,
notre-dame,Notre Dame,cleared_history,Owen Strebig,Cleared,OL,,11.4,3,2026-09-28,Cleared from the injury/status report on 09/28/2026,,,,,,
notre-dame,Notre Dame,cleared_history,Koʻo Kia,Cleared,LB,,9.8,0,2026-09-22,Cleared from the injury/status report on 09/22/2026,,,,,,
notre-dame,Notre Dame,cleared_history,Kyngstonn Viliamu-Asa,Cleared,LB,,17.5,0,2026-09-15,Cleared from the injury/status report on 09/15/2026,,,,,,
notre-dame,Notre Dame,cleared_history,Nick Reddish,Cleared,CB,,9.7,0,2026-09-01,Cleared from the injury/status report on 09/01/2026,,,,,,
notre-dame,Notre Dame,cleared_history,Ashton Craig,Cleared,OL,,12.7,0,2026-09-01,Cleared from the injury/status report on 09/01/2026,,,,,,
notre-dame,Notre Dame,cleared_history,Elijah Burress,Cleared,WR,,10.6,0,2026-09-01,Cleared from the injury/status report on 09/01/2026,,,,,,
notre-dame,Notre Dame,cleared_history,Peter Jones,Cleared,OL,,10.3,0,2026-09-01,Cleared from the injury/status report on 09/01/2026,,,,,,
notre-dame,Notre Dame,cleared_history,Brayden Robinson,Cleared,WR,,10.3,0,2026-09-01,Cleared from the injury/status report on 09/01/2026,,,,,,
notre-dame,Notre Dame,cleared_history,Kyngstonn Viliamu-Asa,Cleared,LB,,16.3,0,2026-08-16,Cleared from the injury/status report on 08/16/2026,,,,,,
notre-dame,Notre Dame,cleared_history,Blake Hebert,Cleared,QB,,10.4,0,2026-08-16,Cleared from the injury/status report on 08/16/2026,,,,,,
notre-dame,Notre Dame,cleared_history,Drayk Bowen,Cleared,LB,,14.9,0,2026-08-05,Cleared from the injury/status report on 08/05/2026,,,,,,
notre-dame,Notre Dame,cleared_history,Javian Osborne,Cleared,RB,,12.3,0,2026-08-05,Cleared from the injury/status report on 08/05/2026,,,,,,
notre-dame,Notre Dame,cleared_history,Kedren Young,Cleared,RB,,12.9,0,2026-08-05,Cleared from the injury/status report on 08/05/2026,,,,,,
notre-dame,Notre Dame,cleared_history,Jerome Bettis Jr.,Cleared,WR,,9.9,0,2026-08-05,Cleared from the injury/status report on 08/05/2026,,,,,,
odu,Old Dominion,active,Dj Thompson,OFS,DL,False,,0,2026-10-01,Added to the Sun Belt injury report as OFS with an undisclosed injury.,,,,,,
odu,Old Dominion,active,Sidney Mbanasor,OFS,WR,False,10.6,3,2026-10-01,Listed as out for the season on the first ODU injury report of the year. No other reporting at this time.,0,,,,,
odu,Old Dominion,active,TJ Johnson,GTD,WR,False,10.7,0,2026-10-10,Official report 2026-10-10: game time decision. Game 2026-10-10. Previous context: Added to the Sun Belt injury report as questionable ahead of Week 6 vs. App State.,24,,,,,
odu,Old Dominion,active,Daevon Iles,GTD,S,False,13.4,0,2026-10-10,Official report 2026-10-10: game time decision. Game 2026-10-10. Previous context: Injured in Week 5 vs. Georgia State. Remains out for Week 6 vs. App State.,40,,,,,
odu,Old Dominion,active,Connor Drake,O,OL,False,9.9,3,2026-10-10,Official report 2026-10-10: out. Game 2026-10-10. Previous context: Added to the Sun Belt injury report as doubtful ahead of Week 6 vs. App State.,0,,,,,
odu,Old Dominion,active,JJ Harrell,O,WR,False,9.7,3,2026-10-07,Added to the Sun Belt injury report as out ahead of Week 6 vs. App State.,0,,,,,
odu,Old Dominion,active,LaDarius Adams II,O,LB,False,4.6,0,2026-10-07,DNP Week 5 vs. Georgia State. Remains out for Week 6 vs. App State.,0,,,,,
odu,Old Dominion,cleared_history,Asher Horn,Cleared,S,,12.1,1,2026-10-10,Cleared from the injury/status report on 10/10/2026,,,,,,
odu,Old Dominion,cleared_history,Quinn Henicle,Cleared,QB,,11.1,0,2026-10-10,Cleared from the injury/status report on 10/10/2026,,,,,,
odu,Old Dominion,cleared_history,De'Veion McLilley-Bulo,Cleared,LB,,11.7,1,2026-10-10,Cleared from the injury/status report on 10/10/2026,,,,,,
odu,Old Dominion,cleared_history,Chris Forbes,Cleared,DL,,11.7,0,2026-10-10,Cleared from the injury/status report on 10/10/2026,,,,,,
odu,Old Dominion,cleared_history,De'Veion McLilley-Bulo,Cleared,LB,,11.7,3,2026-10-04,Cleared from the injury/status report on 10/04/2026,,,,,,
odu,Old Dominion,cleared_history,Chris Forbes,Cleared,DL,,11.7,3,2026-10-04,Cleared from the injury/status report on 10/04/2026,,,,,,
odu,Old Dominion,cleared_history,Daevon Iles,Cleared,S,,13.3,0,2026-10-04,Cleared from the injury/status report on 10/04/2026,,,,,,
odu,Old Dominion,cleared_history,Quinn Henicle,Cleared,QB,,11.1,0,2026-10-04,Cleared from the injury/status report on 10/04/2026,,,,,,
odu,Old Dominion,cleared_history,TJ Johnson,Cleared,WR,,10.6,0,2026-10-03,Cleared from the injury/status report on 10/03/2026,,,,,,
odu,Old Dominion,cleared_history,Hunter Malecki,Cleared,DL,,11.1,1,2026-10-03,Cleared from the injury/status report on 10/03/2026,,,,,,
odu,Old Dominion,cleared_history,Ryan Ramey,Cleared,S,,10.6,1,2026-09-26,Cleared from the injury/status report on 09/26/2026,,,,,,
odu,Old Dominion,cleared_history,Greg Johnson,Cleared,S,,11.1,1,2026-09-26,Cleared from the injury/status report on 09/26/2026,,,,,,
ohio,Ohio,active,KJ Sejour,O,DB,False,12.2,2,2026-09-13,Has been listed as 'out' on both availability reports and we'll keep him there until we get a different update.,0,,,,,
ohio,Ohio,active,Rashad Perry,O,WR,False,4.6,0,2026-09-13,Has been listed as 'out' on both availability reports and we'll keep him there until we get a different update.,0,,,,,
ohio,Ohio,active,Andrew Vera,O,S,False,5.3,0,2026-09-13,Has been listed as 'out' on both availability reports and we'll keep him there until we get a different update.,0,,,,,
ohio,Ohio,active,Will Odenthal,O,OL,False,5.3,0,2026-09-13,Has been listed as 'out' on both availability reports and we'll keep him there until we get a different update.,0,,,,,
ohio,Ohio,active,CJ Dawson II,O,OL,False,9.7,2,2026-09-13,Has been listed as 'out' on both availability reports and we'll keep him there until we get a different update.,0,,,,,
ohio,Ohio,active,Joshua Johnson,O,OL,False,7,0,2026-09-13,Has been listed as 'out' on both availability reports and we'll keep him there until we get a different update.,0,,,,,
ohio,Ohio,active,Kaden Page,O,WR,False,9.1,0,2026-09-13,Has been listed as 'out' on both availability reports and we'll keep him there until we get a different update.,0,,,,,
ohio,Ohio,active,Eli Thompson,O,DB,,12.4,2,2026-09-13,Included in the week two injury report as out and DNP week three either. Leaving as 'out' until we hear more.,0,,,,,
ohio,Ohio,active,Charlie Christopher,O,LB,False,15.5,4,2026-09-20,The best defensive player on this squad couldn't return to the game in the closing overtime stretches because of an injury in week two. DNP week three.,0,,,,,
ohio,Ohio,active,Hype Grand,O,QB,False,7.7,0,2026-09-26,,0,,,,,
ohio,Ohio,active,Ian Ver Steeg,O,WR,False,4.9,1,2026-09-26,,0,,,,,
ohio,Ohio,active,Cody Raymond,O,LB,False,7.8,2,2026-09-26,,0,,,,,
ohio,Ohio,active,Tony Mathis,O,CB,False,9.2,2,2026-10-03,"Listed out on the October 3, 2026 MAC game-day availability report.",0,,,,,
ohio,Ohio,active,Nick Poulos,Q,QB,False,13,1,2026-10-06,Is practicing but still needs to clear some hurdles with concussion protocols before he can return to the field.,25,,,,,
ohio,Ohio,active,Drayden Pavey,O,DT,False,10.6,3,2026-10-10,Official report 2026-10-10: out.,0,,,,,
ohio,Ohio,active,Jack Fries,O,LB,False,11.3,3,2026-10-10,Official report 2026-10-10: out.,0,,,,,
ohio,Ohio,cleared_history,Nick Poulos,Cleared,QB,,12,1,2026-10-03,Cleared from the injury/status report on 10/03/2026,,,,,,
ohio,Ohio,cleared_history,Duncan Brune,Cleared,RB,,11.1,0,2026-10-03,Cleared from the injury/status report on 10/03/2026,,,,,,
ohio,Ohio,cleared_history,Matt Vezza,Cleared,QB,,12.9,1,2026-09-20,Cleared from the injury/status report on 09/20/2026,,,,,,
ohio,Ohio,cleared_history,DJ Walker,Cleared,S,,10.7,1,2026-09-20,Cleared from the injury/status report on 09/20/2026,,,,,,
ohio,Ohio,cleared_history,Tigana Cisse,Cleared,OL,,9.9,1,2026-09-12,Cleared from the injury/status report on 09/12/2026,,,,,,
ok-state,Oklahoma State,active,Jacob Sexton,OFS,OL,False,11.2,3,2026-09-08,"On the fifth play of Oklahoma State's opening offensive drive, Sexton was rolled up on from behind by a Tulsa defender. Fitted for an air cast and carted off. Out for the season.",0,,,,,
ok-state,Oklahoma State,active,Wyatt Young,GTD,WR,False,15.4,0,2026-10-10,Official report 2026-10-10: game time decision. Previous context: Official report 2026-10-09: probable. Previous context: Listed 'questionable' to play week six on the initial report.,19,,,,,
ok-state,Oklahoma State,active,Johnny Dickson III,GTD,OL,False,13.3,0,2026-10-10,Official report 2026-10-10: game time decision. Previous context: Official report 2026-10-09: probable. Previous context: Added back to the report after being cleared last week and is 'questionable' again for week six.,0,,,,,
ok-state,Oklahoma State,active,Landon Dean,O,DT,False,12.1,3,2026-10-08,Official report 2026-10-08: out. Previous context: Listed 'questionable' to play week six on the initial report.,0,,,,,
ok-state,Oklahoma State,active,Braydon Nelson,GTD,OL,False,12.7,0,2026-10-10,Official report 2026-10-10: game time decision. Previous context: Has returned to individual drills but not confirmed to be ready to make it back on the field. Working back and it appears he'll be available week six.,5,,,,,
ok-state,Oklahoma State,cleared_history,Braylon Rigsby,Cleared,DT,,13.2,0,2026-09-27,Cleared from the injury/status report on 09/27/2026,,,,,,
ok-state,Oklahoma State,cleared_history,Johnny Dickson III,Cleared,OL,,13.3,0,2026-09-27,Cleared from the injury/status report on 09/27/2026,,,,,,
ok-state,Oklahoma State,cleared_history,Chris Barnes,Cleared,WR,,13.4,0,2026-09-27,Cleared from the injury/status report on 09/27/2026,,,,,,
ok-state,Oklahoma State,cleared_history,Iman Oates,Cleared,DT,,10.8,0,2026-09-27,Cleared from the injury/status report on 09/27/2026,,,,,,
ok-state,Oklahoma State,cleared_history,Joseph Hanson,Cleared,OL,,13.3,0,2026-09-27,Cleared from the injury/status report on 09/27/2026,,,,,,
ok-state,Oklahoma State,cleared_history,Oscar Hammond,Cleared,TE,,10.8,0,2026-09-24,Cleared from the injury/status report on 09/24/2026,,,,,,
ok-state,Oklahoma State,cleared_history,Donovan Green,Cleared,TE,,10.3,1,2026-09-14,Cleared from the injury/status report on 09/14/2026,,,,,,
oklahoma,Oklahoma,active,Taylor Heim,O,LB,False,11.3,2,2026-09-23,Added as 'out' on the initial week four SEC availability report ahead of the Georgia game.,0,,,,,
oklahoma,Oklahoma,active,Trell Harris,O,WR,False,14,3,2026-09-15,Will miss several weeks with an injury after a big hit in the week two game against Michigan. Will update when we hear more about his return plan.,0,,,,,
oklahoma,Oklahoma,active,Xavier Robinson,O,RB,False,13,4,2026-10-07,Listed 'out' on the initial SEC report ahead of Red River. Will not play.,0,,,,,
oklahoma,Oklahoma,active,Jacobe Johnson,O,DB,False,12.6,4,2026-10-07,Listed 'out' on the initial SEC report ahead of Red River. Will not play.,0,,,,,
oklahoma,Oklahoma,active,Michael Fasusi,O,OL,False,13,4,2026-10-09,"Official report 2026-10-09: out. Previous context: Made it back in time for week one, but was banged up and limited. Hoped to get him back for week four but was unable to go. Has a bye to get healthy but does not appear he'll be ready to return for Red River.",0,,,,,
oklahoma,Oklahoma,active,Trynae Washington,O,TE,False,5.9,2,2026-10-09,Official report 2026-10-09: out. Previous context: Added as 'doubtful' on the initial SEC report ahead of Red River.,0,,,,,
oklahoma,Oklahoma,active,Fred Hinton,O,OL,False,9.2,3,2026-10-08,Official report 2026-10-08: out. Previous context: Added as 'doubtful' on the initial SEC report ahead of Red River.,0,,,,,
oklahoma,Oklahoma,active,Jack Van Dorselaer,O,TE,False,9.6,3,2026-10-10,Not warming up; out for week six.  Official report 2026-10-10: game time decision. Previous context: Official report 2026-10-08: probable. Previous context: Added as 'questionable' to the week six initial availability report ahead of Red River. Thought to be closer to 'doubtful' from reports.,0,,,,,
oklahoma,Oklahoma,active,Eddy Pierre-Louis,O,OL,False,11.7,3,2026-10-10,Official report 2026-10-10: out. Previous context: Official report 2026-10-09: doubtful. Previous context: Added as 'questionable' to the week six initial availability report ahead of Red River.,0,,,,,
oklahoma,Oklahoma,active,Eli Bowen,Q,DB,False,14.7,1,2026-10-10,Was a game-time decision for week six and ultimately did not go. Will remain questionable.,0,,,,,
oklahoma,Oklahoma,cleared_history,Owen Heinecke,Cleared,LB,,13.8,0,2026-10-10,Cleared from the injury/status report on 10/10/2026,,,,,,
oklahoma,Oklahoma,cleared_history,Jer'Michael Carter,Cleared,WR,,10.8,0,2026-10-10,Cleared from the injury/status report on 10/10/2026,,,,,,
oklahoma,Oklahoma,cleared_history,Cole Sullivan,Cleared,LB,,11.7,0,2026-10-10,Cleared from the injury/status report on 10/10/2026,,,,,,
oklahoma,Oklahoma,cleared_history,Michael Boganowski,Cleared,DB,,12.2,0,2026-10-10,Cleared from the injury/status report on 10/10/2026,,,,,,
oklahoma,Oklahoma,cleared_history,David Stone,Cleared,DL,,14.3,0,2026-09-27,Cleared from the injury/status report on 09/27/2026,,,,,,
oklahoma,Oklahoma,cleared_history,Kip Lewis,Cleared,LB,,13.7,0,2026-09-25,Cleared from the injury/status report on 09/25/2026,,,,,,
oklahoma,Oklahoma,cleared_history,Ryder Mix,Cleared,TE,,9.7,0,2026-09-23,Cleared from the injury/status report on 09/23/2026,,,,,,
oklahoma,Oklahoma,cleared_history,Braxton Fely,Cleared,DL,,11,0,2026-09-20,Cleared from the injury/status report on 09/20/2026,,,,,,
oklahoma,Oklahoma,cleared_history,Ryan Fodje,Cleared,OL,,10.5,0,2026-09-14,Cleared from the injury/status report on 09/14/2026,,,,,,
oklahoma,Oklahoma,cleared_history,Tory Blaylock,Cleared,RB,,12.6,0,2026-09-14,Cleared from the injury/status report on 09/14/2026,,,,,,
oklahoma,Oklahoma,cleared_history,Jake Maikkula,Cleared,OL,,12.9,0,2026-09-11,Cleared from the injury/status report on 09/11/2026,,,,,,
oklahoma,Oklahoma,cleared_history,Danny Okoye,Cleared,DL,,13.8,0,2026-09-09,Cleared from the injury/status report on 09/09/2026,,,,,,
oklahoma,Oklahoma,cleared_history,Danny Saili,Cleared,DL,,12.9,1,2026-09-05,Cleared from the injury/status report on 09/05/2026,,,,,,
oklahoma,Oklahoma,cleared_history,Jonathan Hatton Jr.,Cleared,RB,,12.7,0,2026-09-05,Cleared from the injury/status report on 09/05/2026,,,,,,
oklahoma,Oklahoma,cleared_history,Andy Bass,Cleared,RB,,9.8,0,2026-09-05,Cleared from the injury/status report on 09/05/2026,,,,,,
oklahoma,Oklahoma,cleared_history,Jayden Jackson,Cleared,DL,,13.6,0,2026-09-05,Cleared from the injury/status report on 09/05/2026,,,,,,
oklahoma,Oklahoma,cleared_history,Xavier Robinson,Cleared,DB,,13.4,0,2026-08-11,Cleared from the injury/status report on 08/11/2026,,,,,,
oklahoma,Oklahoma,cleared_history,Trell Harris,Cleared,WR,,14.1,0,2026-08-08,Cleared from the injury/status report on 08/08/2026,,,,,,
olemiss,Ole Miss,active,Ant Davis Jr.,O,LB,False,10.2,0,2026-09-26,Added as 'out' on the initial week four availability report ahead of Florida. Leaving until week six after the bye.,0,,,,,
olemiss,Ole Miss,active,Jalan Chapman,O,OL,False,8.1,0,2026-09-26,Added as 'out' on the initial week four availability report ahead of Florida. Leaving until week six after the bye.,0,,,,,
olemiss,Ole Miss,active,Emanuel Faulkner,O,OL,False,10.9,3,2026-09-23,Added as 'out' on the initial week three report ahead of the LSU game. Also 'out' for week four.,0,,,,,
olemiss,Ole Miss,active,Craig Tutt,O,S,False,11.1,3,2026-10-07,Added as 'questionable' on the initial week four availability report ahead of Florida. DNP and will not make it back after the bye week six.,0,,,,,
olemiss,Ole Miss,active,Joshua Dye,O,RB,False,14,4,2026-10-07,Added as 'out' on the week six initial availability report ahead of the trip to Vanderbilt.,0,,,,,
olemiss,Ole Miss,active,Wyatt Smalley,O,TE,False,6.7,0,2026-10-07,Added as 'out' on the week six initial availability report ahead of the trip to Vanderbilt. Not in rotation.,0,,,,,
olemiss,Ole Miss,active,Izaiah Hartrup,O,WR,False,9.6,0,2026-10-08,Listed 'out' on the initial week six injury report.,0,,,,,
olemiss,Ole Miss,active,Gerald Lacy Jr.,O,S,False,7.2,2,2026-10-08,Listed 'out' on the initial week six injury report.,0,,,,,
olemiss,Ole Miss,cleared_history,Kewan Lacy,Cleared,RB,,16.2,0,2026-10-11,Cleared from the injury/status report on 10/11/2026,,,,,,
olemiss,Ole Miss,cleared_history,Mj Preston,Cleared,S,,8.6,0,2026-10-10,Cleared from the injury/status report on 10/10/2026,,,,,,
olemiss,Ole Miss,cleared_history,Cedrick Beavers,Cleared,CB,,12.7,0,2026-10-10,Cleared from the injury/status report on 10/10/2026,,,,,,
olemiss,Ole Miss,cleared_history,Dorian Barney,Cleared,CB,,11.8,0,2026-10-10,Cleared from the injury/status report on 10/10/2026,,,,,,
olemiss,Ole Miss,cleared_history,Victor Lincoln Jr.,Cleared,CB,,9.8,0,2026-10-07,Cleared from the injury/status report on 10/07/2026,,,,,,
olemiss,Ole Miss,cleared_history,JaMichael Garrett,Cleared,LB,,10.4,0,2026-10-07,Cleared from the injury/status report on 10/07/2026,,,,,,
olemiss,Ole Miss,cleared_history,Tommy Kinsler IV,Cleared,OL,,11.8,0,2026-09-20,Cleared from the injury/status report on 09/20/2026,,,,,,
olemiss,Ole Miss,cleared_history,Makhi Frazier,Cleared,RB,,13.4,0,2026-09-19,Cleared from the injury/status report on 09/19/2026,,,,,,
olemiss,Ole Miss,cleared_history,Keaton Thomas,Cleared,LB,,13.5,0,2026-09-19,Cleared from the injury/status report on 09/19/2026,,,,,,
olemiss,Ole Miss,cleared_history,Antonio Kite,Cleared,CB,,15,1,2026-09-16,Cleared from the injury/status report on 09/16/2026,,,,,,
olemiss,Ole Miss,cleared_history,Sharif Denson,Cleared,S,,12.5,0,2026-09-16,Cleared from the injury/status report on 09/16/2026,,,,,,
olemiss,Ole Miss,cleared_history,Caleb Odom,Cleared,TE,,12.6,2,2026-09-16,Cleared from the injury/status report on 09/16/2026,,,,,,
olemiss,Ole Miss,cleared_history,Kam Franklin,Cleared,DE,,13.9,0,2026-09-14,Cleared from the injury/status report on 09/14/2026,,,,,,
olemiss,Ole Miss,cleared_history,Kewan Lacy,Cleared,RB,,16.4,0,2026-09-14,Cleared from the injury/status report on 09/14/2026,,,,,,
oregon,Oregon,active,Trent Ferguson,OFS,OL,False,10.4,2,2026-09-14,Announced 'out for the season' with an injury sustained in week two.,0,,,,,
oregon,Oregon,active,Jeremiah McClellan,O,WR,False,14.1,3,2026-09-19,Suffered a freak foot injury in pre-game warm-ups before week three and is out indefinitely. We'll await word on a potential return date.,0,,,,,
oregon,Oregon,active,Simeon Price,O,RB,,11.2,2,2026-09-19,Yet to play this season with an undisclosed injury and was not in uniform week three and there is no timetable for his return.,0,,,,,
oregon,Oregon,active,Brayden Platt,O,ILB,,11.2,2,2026-09-04,Sidelined with an undisclosed injury sustained in the spring; Dan Lanning confirmed he will be out for the foreseeable future without a set return timeline.,0,,,,,
oregon,Oregon,active,Dante Moore,Q,QB,False,16.7,1,2026-10-07,Suffered a concussion in week four against USC. Will need to clear protocols and has a bye week ahead of week six against UCLA. Confirmed he'll sit out week six. Possible return week 7.,0,,,,,
oregon,Oregon,active,Jack Ressler,O,WR,False,9,2,2026-10-07,Added as 'out' on the initial week six availability report.,0,,,,,
oregon,Oregon,active,Aaron Scott Jr.,Q,DB,False,12.7,1,2026-10-10,Official report 2026-10-10: game time decision. Previous context: Official report 2026-10-08: questionable. Previous context: Added as 'doubtful' on the initial week six availability report.,0,,,,,
oregon,Oregon,active,Aaron Flowers,O,DB,False,13.2,4,2026-10-09,Official report 2026-10-09: out. Previous context: Added as 'doubtful' on the initial week six availability report.,0,,,,,
oregon,Oregon,cleared_history,Jalen Lott,Cleared,WR,,13.6,0,2026-10-07,Cleared from the injury/status report on 10/07/2026,,,,,,
oregon,Oregon,cleared_history,Kendre Harrison,Cleared,TE,,15.1,0,2026-09-27,Cleared from the injury/status report on 09/27/2026,,,,,,
oregon,Oregon,cleared_history,Jamari Johnson,Cleared,TE,,15.1,0,2026-09-27,Cleared from the injury/status report on 09/27/2026,,,,,,
oregon,Oregon,cleared_history,Carl Williams IV,Cleared,DB,,10.9,0,2026-09-26,Cleared from the injury/status report on 09/26/2026,,,,,,
oregon,Oregon,cleared_history,Dillon Gresham,Cleared,WR,,11.4,0,2026-09-24,Cleared from the injury/status report on 09/24/2026,,,,,,
oregon,Oregon,cleared_history,Tony Cumberland,Cleared,DL,,13.1,3,2026-09-24,Cleared from the injury/status report on 09/24/2026,,,,,,
oregon,Oregon,cleared_history,Prince Tavizon,Cleared,OLB,,10.6,0,2026-09-19,Cleared from the injury/status report on 09/19/2026,,,,,,
oregon,Oregon,cleared_history,Anthony Jones,Cleared,DL,,10.2,0,2026-09-19,Cleared from the injury/status report on 09/19/2026,,,,,,
oregon,Oregon,cleared_history,Iverson Hooks,Cleared,WR,,14.1,1,2026-09-19,Cleared from the injury/status report on 09/19/2026,,,,,,
oregon,Oregon,cleared_history,A'Mauri Washington,Cleared,DL,,14.8,1,2026-09-19,Cleared from the injury/status report on 09/19/2026,,,,,,
oregon,Oregon,cleared_history,Nasir Wyatt,Cleared,OLB,,15.1,0,2026-09-14,Cleared from the injury/status report on 09/14/2026,,,,,,
oregon,Oregon,cleared_history,Dave Iuli,Cleared,OL,,12.2,0,2026-09-06,Cleared from the injury/status report on 09/06/2026,,,,,,
oregon,Oregon,cleared_history,Jeremiah McClellan,Cleared,WR,,14.3,0,2026-09-02,Cleared from the injury/status report on 09/02/2026,,,,,,
oregon,Oregon,cleared_history,Gatlin Bair,Cleared,WR,,13.3,0,2026-09-02,Cleared from the injury/status report on 09/02/2026,,,,,,
oregon-state,Oregon State,active,T'Andre Waverly,OFS,TE,False,10.1,0,2026-09-08,Said to have a season-ending injury following week one.,0,,,,,
oregon-state,Oregon State,active,Jeremiah Ioane,OFS,LB,False,8.6,0,2026-09-08,Said to have a season-ending injury following week one.,0,,,,,
oregon-state,Oregon State,active,Kai Wheaton,OFS,DB,False,11.3,3,2026-10-05,Added to the initial report for week five against Colorado State. Turns out to be a season-ending injury.,0,,,,,
oregon-state,Oregon State,active,Exodus Ayers,S,DB,,11.4,2,2026-09-15,"Will not play in 2026, his second straight missed season, due to an ongoing legal battle after being charged with multiple crimes.",0,,,,,
oregon-state,Oregon State,active,Carter Guillaume,O,OL,False,10,2,2026-09-30,Limped off the field during the week one game and was not able to put weight on it. Has not played since and remains out on the report.,0,,,,,
oregon-state,Oregon State,active,Kord Shaw,O,LB,False,12.6,4,2026-10-07,Added as 'out' on the initial report for week six. This is a hit to the defense.,0,,,,,
oregon-state,Oregon State,active,Xayvion Noland,GTD,WR,False,11.1,0,2026-10-10,Official report 2026-10-10: game time decision. Game 2026-10-10. Previous context: Listed 'questionable' on initial week six report.,0,,,,,
oregon-state,Oregon State,active,Rj Whitten,O,DB,False,11,3,2026-10-08,Official report 2026-10-08: out. Game 2026-10-10.,-2,,,,,
oregon-state,Oregon State,cleared_history,Josiah Timoteo,Cleared,OL,,9.1,1,2026-10-10,Cleared from the injury/status report on 10/10/2026,,,,,,
oregon-state,Oregon State,cleared_history,Isaiah Houi,Cleared,DB,,12.1,1,2026-10-10,Cleared from the injury/status report on 10/10/2026,,,,,,
oregon-state,Oregon State,cleared_history,Kourdey Glass,Cleared,RB,,9.7,0,2026-10-08,Cleared from the injury/status report on 10/08/2026,,,,,,
oregon-state,Oregon State,cleared_history,Rj Whitten,Cleared,DB,,11.1,3,2026-10-04,Cleared from the injury/status report on 10/04/2026,,,,,,
oregon-state,Oregon State,cleared_history,Jacob Anderson,Cleared,OL,,13.8,0,2026-10-03,Cleared from the injury/status report on 10/03/2026,,,,,,
oregon-state,Oregon State,cleared_history,Trey Glasper,Cleared,DB,,9.9,0,2026-10-03,Cleared from the injury/status report on 10/03/2026,,,,,,
oregon-state,Oregon State,cleared_history,Will Haverland,Cleared,EDGE,,12.4,0,2026-10-01,Cleared from the injury/status report on 10/01/2026,,,,,,
oregon-state,Oregon State,cleared_history,Noble Thomas Jr.,Cleared,DB,,11.2,1,2026-10-01,Cleared from the injury/status report on 10/01/2026,,,,,,
oregon-state,Oregon State,cleared_history,Skyler Jackson,Cleared,RB,,8.6,1,2026-10-01,Cleared from the injury/status report on 10/01/2026,,,,,,
oregon-state,Oregon State,cleared_history,Tyjai Hopper,Cleared,DB,,10.2,3,2026-10-01,Cleared from the injury/status report on 10/01/2026,,,,,,
oregon-state,Oregon State,cleared_history,Mj Kennybrew,Cleared,WR,,5.3,0,2026-10-01,Cleared from the injury/status report on 10/01/2026,,,,,,
oregon-state,Oregon State,cleared_history,Jeremiah Brown,Cleared,LB,,8.9,0,2026-10-01,Cleared from the injury/status report on 10/01/2026,,,,,,
oregon-state,Oregon State,cleared_history,Tiger Black,Cleared,DT,,6.7,0,2026-10-01,Cleared from the injury/status report on 10/01/2026,,,,,,
oregon-state,Oregon State,cleared_history,Luke Levengood,Cleared,DT,,8,2,2026-10-01,Cleared from the injury/status report on 10/01/2026,,,,,,
oregon-state,Oregon State,cleared_history,Tanu A'aitui,Cleared,OL,,5.3,0,2026-10-01,Cleared from the injury/status report on 10/01/2026,,,,,,
oregon-state,Oregon State,cleared_history,Maddox Conway,Cleared,OL,,8.9,0,2026-10-01,Cleared from the injury/status report on 10/01/2026,,,,,,
oregon-state,Oregon State,cleared_history,Mj Kennybrew,Cleared,WR,,5.3,0,2026-10-01,Cleared from the injury/status report on 10/01/2026,,,,,,
oregon-state,Oregon State,cleared_history,Frankie Petuya,Cleared,OL,,5.6,0,2026-10-01,Cleared from the injury/status report on 10/01/2026,,,,,,
oregon-state,Oregon State,cleared_history,Harlem Howard,Cleared,DB,,10.7,3,2026-10-01,Cleared from the injury/status report on 10/01/2026,,,,,,
oregon-state,Oregon State,cleared_history,Jesse Myers,Cleared,DT,,8.7,0,2026-10-01,Cleared from the injury/status report on 10/01/2026,,,,,,
oregon-state,Oregon State,cleared_history,Adonis McDaniel,Cleared,WR,,11.8,3,2026-10-01,Cleared from the injury/status report on 10/01/2026,,,,,,
oregon-state,Oregon State,cleared_history,Jameson Powell,Cleared,WR,,10.7,1,2026-09-27,Cleared from the injury/status report on 09/27/2026,,,,,,
oregon-state,Oregon State,cleared_history,Blake Thompson,Cleared,DB,,12.5,0,2026-09-22,Cleared from the injury/status report on 09/22/2026,,,,,,
oregon-state,Oregon State,cleared_history,Milan Clark,Cleared,DB,,7.5,2,2026-09-20,Cleared from the injury/status report on 09/20/2026,,,,,,
oregon-state,Oregon State,cleared_history,Zephen Walker,Cleared,DB,,8.8,2,2026-09-20,Cleared from the injury/status report on 09/20/2026,,,,,,
oregon-state,Oregon State,cleared_history,Eddie Freauff,Cleared,WR,,10.9,1,2026-09-20,Cleared from the injury/status report on 09/20/2026,,,,,,
oregon-state,Oregon State,cleared_history,Nathan Elu,Cleared,Ol,,12.5,,2026-09-16,Cleared from the injury/status report on 09/16/2026,,,,,,
oregon-state,Oregon State,cleared_history,Josiah Timoteo,Cleared,OL,,9,,2026-09-16,Cleared from the injury/status report on 09/16/2026,,,,,,
osu,Ohio State,active,Jaxon Powell,O,OL,False,5.3,0,2026-09-23,Added as 'out' on the initial week four report ahead of Illinois. Remains listed 'out'. Not in regular rotation.,0,,,,,
osu,Ohio State,active,Vasean Washington,O,OL,False,9.1,0,2026-09-23,Added as 'out' on the initial week four report ahead of Illinois. Remains listed 'out'. Not in regular rotation.,0,,,,,
osu,Ohio State,active,Amari Valerio-Hudson,O,WR,False,6.7,0,2026-09-24,Added to the injury report ahead of week four as 'out' -- not going to impact the rotation. Remains 'out' on the report.,0,,,,,
osu,Ohio State,active,"Anthony ""Turbo"" Rogers",O,RB,False,11.9,4,2026-10-10,Official report 2026-10-10: out. Previous context: Official report 2026-10-09: doubtful. Previous context: Shows up on the week four initial report as 'questionable' heading into the Illinois game. DNP. Made it to 'questionable' for week five but again did not suit up. Leaving there ahead of week six.,0,,,,,
osu,Ohio State,active,Phillip Daniels,O,OL,False,12.9,4,2026-10-10,"Official report 2026-10-10: out. Previous context: Official report 2026-10-09: doubtful. Previous context: Got dinged in the Texas game week two, but it is not expected to keep him out long-term. DNP weeks 3-5 and remains 'questionable' to make return week six.",0,,,,,
osu,Ohio State,active,Brandon Inniss,O,WR,False,12.9,4,2026-10-10,Official report 2026-10-10: out. Previous context: Official report 2026-10-09: doubtful. Previous context: Added as 'questionable' on the initial week five availability report.,0,,,,,
osu,Ohio State,active,Devin McCuin,O,WR,False,14.6,4,2026-10-10,Ruled out pre-game week six.  Official report 2026-10-10: game time decision. Previous context: Official report 2026-10-09: probable. Previous context: Added as 'questionable' on the initial week five availability report.,0,,,,,
osu,Ohio State,active,Leroy Roker III,O,SAF,False,13.2,4,2026-10-08,Official report 2026-10-08: out. Previous context: Added as 'questionable' on the initial week five availability report.,0,,,,,
osu,Ohio State,active,Khary Wilder,O,DE,False,13.9,4,2026-10-10,Official report 2026-10-10: out. Previous context: Official report 2026-10-09: doubtful. Previous context: Added as 'questionable' on the initial week five availability report.,0,,,,,
osu,Ohio State,active,Christian Alliegro,O,LB,False,12.5,4,2026-10-10,Official report 2026-10-10: out. Previous context: Official report 2026-10-09: doubtful. Previous context: Official report 2026-10-08: questionable.,0,,,,,
osu,Ohio State,active,Jay Timmons,GTD,CB,False,14.4,0,2026-10-10,Official report 2026-10-10: game time decision. Previous context: Official report 2026-10-09: probable. Previous context: Official report 2026-10-08: questionable.,0,,,,,
osu,Ohio State,active,Austin Siereveld,O,OL,False,15.3,5,2026-10-10,Official report 2026-10-10: out.,0,,,,,
osu,Ohio State,cleared_history,Braxton Rembert,Cleared,LB,,12,0,2026-10-10,Cleared from the injury/status report on 10/10/2026,,,,,,
osu,Ohio State,cleared_history,Terry Moore,Cleared,SAF,,15.9,2,2026-10-10,Cleared from the injury/status report on 10/10/2026,,,,,,
osu,Ohio State,cleared_history,Jay Timmons,Cleared,CB,,14.4,1,2026-10-08,Cleared from the injury/status report on 10/08/2026,,,,,,
osu,Ohio State,cleared_history,Bennett Christian,Cleared,TE,,10,1,2026-10-03,Cleared from the injury/status report on 10/03/2026,,,,,,
osu,Ohio State,cleared_history,"Brenten ""Inky"" Jones",Cleared,SAF,,7.6,1,2026-10-02,Cleared from the injury/status report on 10/02/2026,,,,,,
osu,Ohio State,cleared_history,Zion Grady,Cleared,DE,,14.1,4,2026-10-01,Cleared from the injury/status report on 10/01/2026,,,,,,
osu,Ohio State,cleared_history,Ian Gecse,Cleared,OL,,4.9,0,2026-10-01,Cleared from the injury/status report on 10/01/2026,,,,,,
osu,Ohio State,cleared_history,Legend Bey,Cleared,RB,,12.5,1,2026-10-01,Cleared from the injury/status report on 10/01/2026,,,,,,
osu,Ohio State,cleared_history,Kyle Parker,Cleared,WR,,12.2,0,2026-09-26,Cleared from the injury/status report on 09/26/2026,,,,,,
osu,Ohio State,cleared_history,James Smith,Cleared,DT,,11.8,1,2026-09-24,Cleared from the injury/status report on 09/24/2026,,,,,,
osu,Ohio State,cleared_history,Legend Bey,Cleared,RB,,12.5,1,2026-09-24,Cleared from the injury/status report on 09/24/2026,,,,,,
osu,Ohio State,cleared_history,Legend Bey,Cleared,RB,,12.2,1,2026-09-02,Cleared from the injury/status report on 09/02/2026,,,,,,
osu,Ohio State,cleared_history,Chris Henry Jr.,Cleared,WR,,13.7,1,2026-09-02,Cleared from the injury/status report on 09/02/2026,,,,,,
osu,Ohio State,cleared_history,Christian Alliegro,Cleared,LB,,12,0,2026-09-02,Cleared from the injury/status report on 09/02/2026,,,,,,
osu,Ohio State,cleared_history,Phillip Daniels,Cleared,OL,,12.9,0,2026-08-08,Cleared from the injury/status report on 08/08/2026,,,,,,
osu,Ohio State,cleared_history,Austin Siereveld,Cleared,OL,,15.4,0,2026-08-08,Cleared from the injury/status report on 08/08/2026,,,,,,
osu,Ohio State,cleared_history,Isaiah West,Cleared,RB,,13.3,0,2026-08-08,Cleared from the injury/status report on 08/08/2026,,,,,,
osu,Ohio State,cleared_history,Bo Jackson,Cleared,RB,,16.5,0,2026-08-08,Cleared from the injury/status report on 08/08/2026,,,,,,
penn-state,Penn State,active,Max Granville,OFS,DE,,11,2,2026-09-13,Sustained an injury in practice leading up to week two that will cost him the full 2026 season.,0,,,,,
penn-state,Penn State,active,Mason Robinson,OFS,DE,,9.7,0,2026-09-01,Suffered an injury in spring practice and will miss the full 2026 season.,0,,,,,
penn-state,Penn State,active,Will Tompkins,OFS,OL,False,11.1,2,2026-09-23,Matt Campbell informed us that Tompkins has an injury that will end his 2026 season.,0,,,,,
penn-state,Penn State,active,Koby Howard,O,WR,False,14.4,4,2026-10-07,"HC Matt Campbell announced that Howard will be out ""an extended period of time"" with an injury. Likely out through week eight at least.",0,,,,,
penn-state,Penn State,active,LaVar Arrington II,O,DE,False,10.6,2,2026-09-08,"Reportedly suffered a setback in his recovery and missed week one. Will remain out 4-6 weeks, targeting a mid-sesason return.",0,,,,,
penn-state,Penn State,active,Joshua Johnson,O,CB,False,9.8,0,2026-09-23,Added as 'out' on the week four initial report. Remains out. Not an impact to the rotation.,0,,,,,
penn-state,Penn State,active,Tyler Armstead,O,CB,False,8.4,2,2026-09-23,Added as 'out' on the week four initial report. Remains out. Not an impact to the rotation.,0,,,,,
penn-state,Penn State,active,Dayshaun Burnett,O,DE,False,10.3,0,2026-09-23,Added as 'out' on the week four initial report. Remains out. Not an impact to the rotation.,0,,,,,
penn-state,Penn State,active,Cooper Alexander,O,TE,,9.4,0,2026-08-19,Sidelined for fall practices due to an undisclosed injury. DNP week one. Leaving as 'out' until we hear more or get an update.,0,,,,,
penn-state,Penn State,active,Cam Smith,O,LB,False,11.6,3,2026-09-30,Was questionable to play week three against Buffalo and he was certainly not needed. Has not played since. Remains out.,0,,,,,
penn-state,Penn State,active,Christian Askew,O,CB,False,9.4,2,2026-09-30,Missed week four against Wisconsin and was downgraded to 'out' on the week five report on update. Remains out. Not an impact to the rotation.,0,,,,,
penn-state,Penn State,active,Cristiano Rosa,O,K,False,8.1,0,2026-10-07,Added as 'questionable' on the week five initial report ahead of the Northwestern game on Friday night. DNP. Remains 'out' on status sheet. Backup kicker.,0,,,,,
penn-state,Penn State,active,Alex Tatsch,O,LB,False,12.7,4,2026-10-09,Official report 2026-10-09: out. Previous context: Listed 'questionable' to play week six on the initial report.,0,,,,,
penn-state,Penn State,active,Armstrong Nnodim,GTD,DT,False,13,0,2026-10-10,Official report 2026-10-10: game time decision. Previous context: Official report 2026-10-09: probable. Previous context: Listed 'questionable' to play week six on the initial report. A big part of the defensive line.,21,,,,,
penn-state,Penn State,active,Chase Sowell,Q,WR,True,13.6,2,2026-10-10,Sowell limped to the locker room just before halftime of Saturday’s loss to USC after recording four catches for 95 yards. No update on the injury has been provided.,39,,,,,
penn-state,Penn State,cleared_history,Daryus Dixson,Cleared,CB,,15.2,1,,Cleared from the injury/status report on 10/03/2026,,,,,,
penn-state,Penn State,cleared_history,Ethan Black,Cleared,WR,,6,0,,Cleared from the injury/status report on 09/29/2026,,,,,,
penn-state,Penn State,cleared_history,Dominic Rulli,Cleared,OL,,11.9,1,,Cleared from the injury/status report on 09/29/2026,,,,,,
penn-state,Penn State,cleared_history,Omarion Davis,Cleared,S,,10.8,0,,Cleared from the injury/status report on 09/27/2026,,,,,,
penn-state,Penn State,cleared_history,Ethan Black,Cleared,WR,,6,0,,Cleared from the injury/status report on 09/27/2026,,,,,,
penn-state,Penn State,cleared_history,Andrew Rappleyea,Cleared,TE,,11.4,1,,Cleared from the injury/status report on 09/27/2026,,,,,,
penn-state,Penn State,cleared_history,Brock Riker,Cleared,OL,,13.5,1,,Cleared from the injury/status report on 09/27/2026,,,,,,
penn-state,Penn State,cleared_history,Brett Eskildsen,Cleared,WR,,12.8,1,2026-09-24,Cleared from the injury/status report on 09/24/2026,,,,,,
penn-state,Penn State,cleared_history,Koby Howard,Cleared,WR,,14.3,2,2026-09-24,Cleared from the injury/status report on 09/24/2026,,,,,,
penn-state,Penn State,cleared_history,D'Antae Sheffey,Cleared,RB,,9.4,0,2026-09-24,Cleared from the injury/status report on 09/24/2026,,,,,,
penn-state,Penn State,cleared_history,Chris Fileppo,Cleared,LB,,9.8,0,2026-09-24,Cleared from the injury/status report on 09/24/2026,,,,,,
penn-state,Penn State,cleared_history,Tyshon Huff,Cleared,OL,,8.1,0,2026-09-24,Cleared from the injury/status report on 09/24/2026,,,,,,
penn-state,Penn State,cleared_history,Alijah Carnell,Cleared,DT,,11.4,0,2026-09-20,Cleared from the injury/status report on 09/20/2026,,,,,,
penn-state,Penn State,cleared_history,Armstrong Nnodim,Cleared,DT,,12.8,0,2026-09-20,Cleared from the injury/status report on 09/20/2026,,,,,,
penn-state,Penn State,cleared_history,Owen Aliciene,Cleared,OL,,11.7,1,2026-09-14,Cleared from the injury/status report on 09/14/2026,,,,,,
penn-state,Penn State,cleared_history,Alex Tatsch,Cleared,LB,,11.6,0,2026-09-14,Cleared from the injury/status report on 09/14/2026,,,,,,
penn-state,Penn State,cleared_history,Gabe Burkle,Cleared,TE,,9.6,0,2026-09-14,Cleared from the injury/status report on 09/14/2026,,,,,,
penn-state,Penn State,cleared_history,Vaea Ikakoula,Cleared,OL,,10.1,1,2026-09-06,Cleared from the injury/status report on 09/06/2026,,,,,,
penn-state,Penn State,cleared_history,Dominic Rulli,Cleared,OL,,11.9,0,2026-09-06,Cleared from the injury/status report on 09/06/2026,,,,,,
penn-state,Penn State,cleared_history,Zay Robinson,Cleared,WR,,9.8,0,2026-09-06,Cleared from the injury/status report on 09/06/2026,,,,,,
penn-state,Penn State,cleared_history,Brett Eskildsen,Cleared,WR,,12.8,0,2026-09-06,Cleared from the injury/status report on 09/06/2026,,,,,,
penn-state,Penn State,cleared_history,Carson Hansen,Cleared,RB,,14.2,0,2026-09-06,Cleared from the injury/status report on 09/06/2026,,,,,,
penn-state,Penn State,cleared_history,Brian Kortovich,Cleared,TE,,7.2,0,2026-09-06,Cleared from the injury/status report on 09/06/2026,,,,,,
penn-state,Penn State,cleared_history,Jeremiah Cooper,Cleared,S,,12.6,0,2026-09-04,Cleared from the injury/status report on 09/04/2026,,,,,,
penn-state,Penn State,cleared_history,Andrew Rappleyea,Cleared,TE,,12,0,2026-09-04,Cleared from the injury/status report on 09/04/2026,,,,,,
penn-state,Penn State,cleared_history,Karon Brookins,Cleared,WR,,8.8,0,2026-08-19,Cleared from the injury/status report on 08/19/2026,,,,,,
penn-state,Penn State,cleared_history,Brett Eskildsen,Cleared,WR,,12.9,0,2026-08-11,Cleared from the injury/status report on 08/11/2026,,,,,,
penn-state,Penn State,cleared_history,Peter Gonzalez,Cleared,WR,,9.5,0,2026-08-10,Cleared from the injury/status report on 08/10/2026,,,,,,
penn-state,Penn State,cleared_history,Tony Rojas,Cleared,LB,,13.7,0,2026-08-10,Cleared from the injury/status report on 08/10/2026,,,,,,
penn-state,Penn State,cleared_history,Gabe Burkle,Cleared,TE,,10.3,0,2026-08-10,Cleared from the injury/status report on 08/10/2026,,,,,,
penn-state,Penn State,cleared_history,Max Granville,Cleared,DE,,11.2,0,2026-08-10,Cleared from the injury/status report on 08/10/2026,,,,,,
penn-state,Penn State,cleared_history,Marcus Neal Jr.,Cleared,S,,15.2,0,2026-08-10,Cleared from the injury/status report on 08/10/2026,,,,,,
penn-state,Penn State,cleared_history,Chase Sowell,Cleared,WR,,13,0,2026-08-08,Cleared from the injury/status report on 08/08/2026,,,,,,
penn-state,Penn State,cleared_history,Andrew Rappleyea,Cleared,TE,,12,0,2026-08-08,Cleared from the injury/status report on 08/08/2026,,,,,,
penn-state,Penn State,cleared_history,Alex Manske,Cleared,QB,,11,0,2026-08-08,Cleared from the injury/status report on 08/08/2026,,,,,,
pitt,Pittsburgh,active,Ben Kauffman,OFS,DL,False,5,0,2026-09-16,Narduzzi announced during training camp that Kaufman is out for the season,0,,,,,
pitt,Pittsburgh,active,Mason Heintschel,OFS,QB,False,13.4,4,2026-10-02,Injured in-game week five; Confirmed to be out for the seaon with an ACL tear.,0,,,,,
pitt,Pittsburgh,active,Elijah Lagg,O,TE,False,9.3,3,2026-10-07,DNP in Week 5 vs. VT. Remains out for Week 6 vs. UNC.,0,,,,,
pitt,Pittsburgh,active,Max Hunt,O,TE,False,9.8,3,2026-10-07,DNP in Week 5 vs. VT. Remains out for Week 6 vs. UNC.,0,,,,,
pitt,Pittsburgh,active,Allen Bryant,O,DB,False,11.8,3,2026-10-07,"Added to the Week 6 ACC injury report, listed as out ahead of the Week 6 matchup vs. UNC.",0,,,,,
pitt,Pittsburgh,active,Isaac Patterson,O,DB,False,9.4,0,2026-10-07,DNP in Week 5 vs. VT. Remains out for Week 6 vs. UNC.,0,,,,,
pitt,Pittsburgh,active,Rodney Dunbar,O,WR,False,10.1,0,2026-10-07,DNP in Week 5 vs. VT. Remains out for Week 6 vs. UNC.,0,,,,,
pitt,Pittsburgh,active,Trevor Sommers,O,DL,False,9,0,2026-10-07,DNP in Week 5 vs. VT. Remains out for Week 6 vs. UNC.,0,,,,,
pitt,Pittsburgh,active,Zach Crothers,O,DL,False,13.3,4,2026-10-10,Official report 2026-10-10: out. Previous context: DNP in Week 5 vs. VT. Remains questionable for Week 6 vs. UNC.,0,,,,,
pitt,Pittsburgh,active,Malik Knight,GTD,WR,False,11.3,0,2026-10-10,Official report 2026-10-10: game time decision. Previous context: Official report 2026-10-09: probable. Previous context: Official report 2026-10-08: upgraded to questionable. Previous context: DNP in Week 5 vs. VT. Remains out for Week 6 vs. UNC.,30,,,,,
pitt,Pittsburgh,active,Alex Sanford Jr.,GTD,LB,False,12.1,0,2026-10-10,Official report 2026-10-10: game time decision. Previous context: Official report 2026-10-09: probable. Previous context: Official report 2026-10-08: upgraded to questionable. Previous context: Injured in the 2nd quarter of Week 5. Did not return to the game.  Listed as doubtful for Week 6 vs. UNC.,42,,,,,
pitt,Pittsburgh,active,Josh Guerrier,GTD,DB,False,11.2,0,2026-10-10,"Official report 2026-10-10: game time decision. Previous context: Official report 2026-10-08: upgraded to questionable. Previous context: Injured in week five during the first half, ruled out for the remainder of the game, per the ESPN broadcast. Listed as doubtful for Week 6 vs. UNC.",0,,,,,
pitt,Pittsburgh,cleared_history,Raion Strader,Cleared,DB,,12.9,0,2026-10-10,Cleared from the injury/status report on 10/10/2026,,,,,,
pitt,Pittsburgh,cleared_history,Ja'Kyrian Turner,Cleared,RB,,13.7,0,2026-10-04,Cleared from the injury/status report on 10/04/2026,,,,,,
pitt,Pittsburgh,cleared_history,Cruce Brookins,Cleared,DB,,14.9,0,2026-10-04,Cleared from the injury/status report on 10/04/2026,,,,,,
pitt,Pittsburgh,cleared_history,Tony Kinsler,Cleared,WR,,10.5,0,2026-10-04,Cleared from the injury/status report on 10/04/2026,,,,,,
pitt,Pittsburgh,cleared_history,Justin Cook,Cleared,RB,,6.6,0,2026-10-02,Cleared from the injury/status report on 10/02/2026,,,,,,
pitt,Pittsburgh,cleared_history,Josh Nindl,Cleared,OL,,4.9,0,2026-09-29,Cleared from the injury/status report on 09/29/2026,,,,,,
pitt,Pittsburgh,cleared_history,Nigel Maynard,Cleared,DB,,9.4,0,2026-09-29,Cleared from the injury/status report on 09/29/2026,,,,,,
pitt,Pittsburgh,cleared_history,Braylan Lovelace,Cleared,LB,,13.9,0,2026-09-27,Cleared from the injury/status report on 09/27/2026,,,,,,
pitt,Pittsburgh,cleared_history,Synkwan Smith,Cleared,RB,,10.7,3,2026-09-27,Cleared from the injury/status report on 09/27/2026,,,,,,
pitt,Pittsburgh,cleared_history,Benny Haselrig,Cleared,WR,,5.5,0,2026-09-27,Cleared from the injury/status report on 09/27/2026,,,,,,
pitt,Pittsburgh,cleared_history,Shadarian Harrison,Cleared,DB,,12.1,1,2026-09-27,Cleared from the injury/status report on 09/27/2026,,,,,,
pitt,Pittsburgh,cleared_history,Jayden Bonsu,Cleared,LB,,10.8,0,2026-09-06,Cleared from the injury/status report on 09/06/2026,,,,,,
pitt,Pittsburgh,cleared_history,Censere Lee,Cleared,WR,,11.5,0,2026-09-06,Cleared from the injury/status report on 09/06/2026,,,,,,
pitt,Pittsburgh,cleared_history,Keith Gouveia,Cleared,OL,,10.9,0,2026-08-10,Cleared from the injury/status report on 08/10/2026,,,,,,
purdue,Purdue,active,Kylan Fox,OFS,TE,,11,2,2026-08-11,Barry Odom confirmed that he will miss the 2026 season with a knee injury suffered early in summer camp.,0,,,,,
purdue,Purdue,active,Raderrion Daniels,OFS,DB,False,9.6,0,2026-08-11,Barry Odom has announced that he will miss the 2026 season due to a knee injury he sustained at the start of summer camp.,0,,,,,
purdue,Purdue,active,Mister Clark,O,DB,False,12.6,3,2026-09-16,Was hurt in practice leading up to week two and did not play. No timetable for return as he remains 'out' on the reports.,0,,,,,
purdue,Purdue,active,Joey Tanona,O,OL,False,12,4,2026-09-18,Suffered an ankle sprain in mid-August during fall camp. Has yet to play in 2026 and DNP week three. Leaving as 'out' until we see differently.,0,,,,,
purdue,Purdue,cleared_history,Elo Modozie,Cleared,DE,,13.1,1,2026-10-08,Cleared from the injury/status report on 10/08/2026,,,,,,
purdue,Purdue,cleared_history,Jude McCoskey,Cleared,OL,,10.7,1,2026-10-08,Cleared from the injury/status report on 10/08/2026,,,,,,
purdue,Purdue,cleared_history,George Burhenn,Cleared,TE,,12.5,4,2026-10-01,Cleared from the injury/status report on 10/01/2026,,,,,,
purdue,Purdue,cleared_history,Don Saunders,Cleared,DB,,12.5,1,2026-09-27,Cleared from the injury/status report on 09/27/2026,,,,,,
purdue,Purdue,cleared_history,Jojo Hayden,Cleared,LB,,11.4,1,2026-09-27,Cleared from the injury/status report on 09/27/2026,,,,,,
purdue,Purdue,cleared_history,Maximilian Carmicle,Cleared,DE,,9.6,0,2026-09-16,Cleared from the injury/status report on 09/16/2026,,,,,,
purdue,Purdue,cleared_history,Brock Brownfield,Cleared,OL,,10,1,2026-09-16,Cleared from the injury/status report on 09/16/2026,,,,,,
purdue,Purdue,cleared_history,George Burhenn,Cleared,TE,,12.3,1,2026-09-16,Cleared from the injury/status report on 09/16/2026,,,,,,
purdue,Purdue,cleared_history,Chauncey Magwood,Cleared,WR,,11.2,0,2026-08-10,Cleared from the injury/status report on 08/10/2026,,,,,,
rice,Rice,active,Quinton Jackson,OFS,RB,False,12.5,3,2026-09-20,Suffered a 'significant' injury in week one and will miss time. UPDATE: Indeed out for the season with that injury.,0,,,,,
rice,Rice,active,Tariq Watson,O,CB,False,11.5,3,2026-10-03,Listed 'out' on the week five game day report ahead of the UTSA game.,0,,,,,
rice,Rice,active,Chibby Nwajuaku,O,DL,False,13.5,4,2026-10-03,Listed 'out' on the week five game day report ahead of the UTSA game.,0,,,,,
rice,Rice,active,Michael Amey III,O,SAF,False,11.4,3,2026-10-03,Listed 'out' on the week five game day report ahead of the UTSA game.,0,,,,,
rice,Rice,active,Colton Cole,O,TE,False,7.5,0,2026-10-03,Listed 'out' on the week five game day report ahead of the UTSA game.,0,,,,,
rice,Rice,active,Ben Grice,O,SLOT,False,10.7,3,2026-10-10,Official report 2026-10-10: out.,0,,,,,
rice,Rice,active,Cooper King,O,LB,False,11.5,3,2026-10-10,Official report 2026-10-10: out.,0,,,,,
rice,Rice,active,Ian Bothwell,O,OL,False,8.9,3,2026-10-10,Official report 2026-10-10: out.,0,,,,,
rice,Rice,active,Brock Reddic,O,DL,False,10.7,3,2026-10-10,Official report 2026-10-10: out.,0,,,,,
rice,Rice,cleared_history,James Falk,Cleared,TE,,7.5,1,2026-10-11,Cleared from the injury/status report on 10/11/2026,,,,,,
rice,Rice,cleared_history,Jackson DeAtley,Cleared,TE,,5.3,0,2026-10-10,Cleared from the injury/status report on 10/10/2026,,,,,,
rice,Rice,cleared_history,Jackson Ranucci,Cleared,WR,,5.3,1,2026-10-10,Cleared from the injury/status report on 10/10/2026,,,,,,
rice,Rice,cleared_history,DeReyon Jenkins,Cleared,RUSH,,8.7,2,2026-10-10,Cleared from the injury/status report on 10/10/2026,,,,,,
rice,Rice,cleared_history,Davis Lane,Cleared,SLOT,,9.3,2,2026-10-10,Cleared from the injury/status report on 10/10/2026,,,,,,
rice,Rice,cleared_history,Zach Cody,Cleared,CB,,10.4,3,2026-10-10,Cleared from the injury/status report on 10/10/2026,,,,,,
rice,Rice,cleared_history,Preston Zinter,Cleared,TE,,9.8,0,2026-10-03,Cleared from the injury/status report on 10/03/2026,,,,,,
rice,Rice,cleared_history,Daveon Hook,Cleared,SAF,,10.6,2,2026-10-03,Cleared from the injury/status report on 10/03/2026,,,,,,
rice,Rice,cleared_history,James Falk,Cleared,TE,,7.5,2,2026-09-28,Cleared from the injury/status report on 09/28/2026,,,,,,
rice,Rice,cleared_history,Daveon Hook,Cleared,SAF,,10.6,0,2026-09-07,Cleared from the injury/status report on 09/07/2026,,,,,,
rutgers,Rutgers,active,Zilan Williams,OFS,DB,False,9.8,0,2026-09-03,Revealed that he sustained an undisclosed season-ending injury in pre-season workouts.,0,,,,,
rutgers,Rutgers,active,Kevin Levy,O,DB,False,10.1,2,2026-09-16,Went down in the Friday week two game against BC and was assisted off the field. Remains 'out' on the injury report.,0,,,,,
rutgers,Rutgers,active,Davoun Fuse,D,DB,False,9.3,1,2026-10-02,Added as 'doubtful' to be available for week five against Indiana. Downgraded to 'out' on update. Moving back to 'questionable' for week seven after bye.,0,,,,,
rutgers,Rutgers,active,Steven Murray,D,DB,False,9.6,0,2026-10-02,Added as 'doubtful' to be available for week five against Indiana. Downgraded to 'out' on update. Moving back to 'questionable' for week seven after bye.,0,,,,,
rutgers,Rutgers,active,Kevyn Humes,Q,DB,False,11.3,1,2026-10-04,Added to the initial report ahead of week five as 'questionable' to play against Indiana. Impacts the secondary rotation heavily. DNP. Moving back to questionable for week seven after bye week.,0,,,,,
rutgers,Rutgers,active,Dylan Braithwaite,Q,WR,False,9.2,0,2026-09-30,Added to the initial report ahead of week five as 'questionable' to play against Indiana. Not in rotation.,0,,,,,
rutgers,Rutgers,active,Dylan Lonergan,Q,QB,True,12.6,1,2026-10-03,Injured in-game week five and did not return. Tracking for updates through the bye week into week seven.,10,,,,,
rutgers,Rutgers,cleared_history,Dantae Chin,Cleared,OL,,12,0,2026-10-04,Cleared from the injury/status report on 10/04/2026,,,,,,
rutgers,Rutgers,cleared_history,Antwan Raymond,Cleared,RB,,15.8,3,2026-10-04,Cleared from the injury/status report on 10/04/2026,,,,,,
rutgers,Rutgers,cleared_history,Kaj Sanders,Cleared,DB,,10.4,0,2026-10-03,Cleared from the injury/status report on 10/03/2026,,,,,,
rutgers,Rutgers,cleared_history,Jyon Simon,Cleared,DL,,9.1,0,2026-10-01,Cleared from the injury/status report on 10/01/2026,,,,,,
rutgers,Rutgers,cleared_history,Mikey Munn,Cleared,DB,,13.2,1,2026-10-01,Cleared from the injury/status report on 10/01/2026,,,,,,
rutgers,Rutgers,cleared_history,Dino Kaliakmanis,Cleared,WR,,9.4,0,2026-10-01,Cleared from the injury/status report on 10/01/2026,,,,,,
rutgers,Rutgers,cleared_history,Malachi Davis,Cleared,DL,,13.7,0,2026-09-26,Cleared from the injury/status report on 09/26/2026,,,,,,
rutgers,Rutgers,cleared_history,Dantae Chin,Cleared,OL,,12.1,0,2026-09-21,Cleared from the injury/status report on 09/21/2026,,,,,,
rutgers,Rutgers,cleared_history,Dylan Lonergan,Cleared,QB,,12.4,4,2026-09-20,Cleared from the injury/status report on 09/20/2026,,,,,,
rutgers,Rutgers,cleared_history,Abram Wright,Cleared,LB,,11.9,0,2026-09-20,Cleared from the injury/status report on 09/20/2026,,,,,,
rutgers,Rutgers,cleared_history,Malachi Davis,Cleared,DL,,13.7,1,2026-09-20,Cleared from the injury/status report on 09/20/2026,,,,,,
rutgers,Rutgers,cleared_history,Antwan Raymond,Cleared,RB,,15.8,0,2026-09-20,Cleared from the injury/status report on 09/20/2026,,,,,,
rutgers,Rutgers,cleared_history,Kaj Sanders,Cleared,DB,,9.7,1,2026-09-11,Cleared from the injury/status report on 09/11/2026,,,,,,
rutgers,Rutgers,cleared_history,Kameron Anthony,Cleared,TE,,8.6,0,2026-08-06,Cleared from the injury/status report on 08/06/2026,,,,,,
sac-state,Sacramento State,active,Derek Houston,O,ILB,False,12,4,2026-10-10,Official report 2026-10-10: out. Previous context: DNP week two after being listed questionable. Leaving there going forward.,0,,,,,
sac-state,Sacramento State,active,Carson Conklin,O,QB,False,11.3,2,2026-09-18,"Injured in-game week zero. OUT for Saturday nights game vs. NDSU, due to a right wrist injury. Backup Jackson Sharman will get the start.",0,,,,,
sac-state,Sacramento State,active,Elijah Huddle,O,TE,False,10.1,2,2026-09-12,Did not suit up for week 1 game after undisclosed injury. Missed week two. Leaving as out.,0,,,,,
sac-state,Sacramento State,active,Curron Borders,O,RB,False,10.2,2,2026-09-12,Did not suit up for week 1 game after undisclosed injury. Missed week two. Leaving as out.,0,,,,,
sac-state,Sacramento State,active,Will Weber,O,DL,False,4.9,0,2026-09-12,Listed 'out' on MAC availability report ahead of week one. Leaving there until we get an update.,0,,,,,
sac-state,Sacramento State,active,Jadakiss Vaokakala,O,DL,False,5.6,0,2026-09-12,Listed 'out' on MAC availability report ahead of week one. Leaving there until we get an update.,0,,,,,
sac-state,Sacramento State,active,Ajon Bryant,O,WR,,9.8,1,2026-09-12,Included on the injury report as out beginning week two. Leaving there unless we hear otherwise.,0,,,,,
sac-state,Sacramento State,active,Brodie Tagaloa,O,DL,False,9.1,1,2026-09-12,Included on the injury report as out beginning week two. Leaving there unless we hear otherwise.,0,,,,,
sac-state,Sacramento State,active,Matthew Auau,O,WR,False,8.2,0,2026-09-12,Included on the injury report as out beginning week two. Leaving there unless we hear otherwise.,0,,,,,
sac-state,Sacramento State,active,Jack Hodge,O,TE,False,7.7,0,2026-09-12,Included on the injury report as out beginning week two. Leaving there unless we hear otherwise.,0,,,,,
sac-state,Sacramento State,active,Cedric Anton,Q,TE,False,8.6,1,2026-10-10,Official report 2026-10-10: questionable. Previous context: Included on the injury report as out beginning week two. Leaving there unless we hear otherwise.,2,,,,,
sac-state,Sacramento State,active,Jamar Curtis,O,RB,False,12,4,2026-10-10,Official report 2026-10-10: out.,0,,,,,
sac-state,Sacramento State,active,Cincere Rhaney,Q,RB,False,11.5,1,2026-10-10,Official report 2026-10-10: questionable.,3,,,,,
sac-state,Sacramento State,active,Dylan Gooden,O,OLB,False,10.4,3,2026-10-10,Official report 2026-10-10: out.,0,,,,,
sac-state,Sacramento State,active,Naytel Mitchell,O,S,False,7.6,2,2026-10-10,Official report 2026-10-10: out.,0,,,,,
sac-state,Sacramento State,active,Jeremiah Ponce,O,OL,False,7,2,2026-10-10,Official report 2026-10-10: out.,0,,,,,
sac-state,Sacramento State,active,Jamel Howard,O,DL,False,9,3,2026-10-10,Official report 2026-10-10: out.,0,,,,,
sac-state,Sacramento State,active,Jamin Guilbert,O,OL,False,9.4,3,2026-10-10,Official report 2026-10-10: out.,0,,,,,
sac-state,Sacramento State,active,Davis May,O,OL,False,6.5,0,2026-10-10,Official report 2026-10-10: out.,0,,,,,
sac-state,Sacramento State,active,Bryson Summers,O,OL,False,10.8,3,2026-10-10,Official report 2026-10-10: out.,0,,,,,
sac-state,Sacramento State,active,DeAnthony Sheffield,O,OL,False,10.3,3,2026-10-10,Official report 2026-10-10: out.,0,,,,,
sac-state,Sacramento State,active,Dylan Spencer,O,OL,False,6.6,0,2026-10-10,Official report 2026-10-10: out.,0,,,,,
sac-state,Sacramento State,cleared_history,Luke Meeker,Cleared,TE,,5.6,0,2026-10-10,Cleared from the injury/status report on 10/10/2026,,,,,,
sac-state,Sacramento State,cleared_history,Carlton Perrilliat,Cleared,WR,,5.6,0,2026-10-10,Cleared from the injury/status report on 10/10/2026,,,,,,
sac-state,Sacramento State,cleared_history,Federico Cobarubio,Cleared,DL,,8.5,1,2026-10-10,Cleared from the injury/status report on 10/10/2026,,,,,,
sac-state,Sacramento State,cleared_history,Iosefa Lealofi,Cleared,ILB,,8.1,0,2026-10-10,Cleared from the injury/status report on 10/10/2026,,,,,,
sac-state,Sacramento State,cleared_history,Kenneth Peevy,Cleared,WR,,5.6,0,2026-10-10,Cleared from the injury/status report on 10/10/2026,,,,,,
sac-state,Sacramento State,cleared_history,Davion Godley,Cleared,RB,,11.1,2,2026-10-10,Cleared from the injury/status report on 10/10/2026,,,,,,
sac-state,Sacramento State,cleared_history,Drey Garner,Cleared,WR,,9.7,0,2026-10-10,Cleared from the injury/status report on 10/10/2026,,,,,,
sac-state,Sacramento State,cleared_history,Jahlil Lindsey,Cleared,TE,,7.9,0,2026-10-10,Cleared from the injury/status report on 10/10/2026,,,,,,
sac-state,Sacramento State,cleared_history,Montrell Rice,Cleared,RB,,5.6,0,2026-10-10,Cleared from the injury/status report on 10/10/2026,,,,,,
sac-state,Sacramento State,cleared_history,Pheta Tofaeono,Cleared,ILB,,5.6,0,2026-10-10,Cleared from the injury/status report on 10/10/2026,,,,,,
sac-state,Sacramento State,cleared_history,"Tim Edwards, Jr.",Cleared,CB,,6.3,0,2026-10-10,Cleared from the injury/status report on 10/10/2026,,,,,,
sac-state,Sacramento State,cleared_history,Peyton McCutcheon,Cleared,DL,,8.6,0,2026-10-10,Cleared from the injury/status report on 10/10/2026,,,,,,
sac-state,Sacramento State,cleared_history,Kenyon Shabazz,Cleared,WR,,8.2,2,2026-09-20,Cleared from the injury/status report on 09/20/2026,,,,,,
sac-state,Sacramento State,cleared_history,Malikai Nichols,Cleared,CB,,8,2,2026-09-20,Cleared from the injury/status report on 09/20/2026,,,,,,
sac-state,Sacramento State,cleared_history,Xavier Williams,Cleared,DL,,10.9,1,2026-09-16,Cleared from the injury/status report on 09/16/2026,,,,,,
sac-state,Sacramento State,cleared_history,Jaxon Fresques,Cleared,WR,,5.5,0,2026-09-13,Cleared from the injury/status report on 09/13/2026,,,,,,
sac-state,Sacramento State,cleared_history,Richard McKay,Cleared,OL,,8.6,0,2026-09-13,Cleared from the injury/status report on 09/13/2026,,,,,,
sac-state,Sacramento State,cleared_history,Davis May,Cleared,OL,,6.5,0,2026-09-13,Cleared from the injury/status report on 09/13/2026,,,,,,
sac-state,Sacramento State,cleared_history,Hayden Frazier,Cleared,OL,,7.4,0,2026-09-13,Cleared from the injury/status report on 09/13/2026,,,,,,
sac-state,Sacramento State,cleared_history,Naytel Mitchell,Cleared,S,,5.6,1,2026-09-13,Cleared from the injury/status report on 09/13/2026,,,,,,
sac-state,Sacramento State,cleared_history,Kyle Gurganious,Cleared,CB,,5.3,0,2026-09-13,Cleared from the injury/status report on 09/13/2026,,,,,,
sac-state,Sacramento State,cleared_history,Bryant Collins,Cleared,RB,,6,2,2026-09-13,Cleared from the injury/status report on 09/13/2026,,,,,,
sac-state,Sacramento State,cleared_history,Dylan Gooden,Cleared,OLB,,10.4,3,2026-09-13,Cleared from the injury/status report on 09/13/2026,,,,,,
sac-state,Sacramento State,cleared_history,Dante Antonini,Cleared,ILB,,6.3,0,2026-09-13,Cleared from the injury/status report on 09/13/2026,,,,,,
sam-houston,Sam Houston,active,Brock Stukes,OFS,OL,False,10.9,3,2026-10-08,Listed OFS on week 6 report,0,,,,,
sam-houston,Sam Houston,active,Brock Kuhl,OFS,TE,False,4.5,0,2026-10-08,Listed OFS on week 6 report,0,,,,,
sam-houston,Sam Houston,active,Caius Coy,OFS,DL,False,10.3,3,2026-10-08,Listed OFS on week 6 report,0,,,,,
sam-houston,Sam Houston,active,Octavius Henderson,O,DB,False,10.2,3,2026-10-08,Listed OUT on week 6 report,0,,,,,
sam-houston,Sam Houston,active,Ryan Mallory,O,LB,False,5.3,1,2026-10-08,Listed OUT on week 6 report,0,,,,,
sam-houston,Sam Houston,active,Ray Chatham,O,LB,False,5.3,0,2026-10-08,Listed OUT on week 6 report,0,,,,,
sam-houston,Sam Houston,active,Chauncey Chidi,O,DE,False,10.4,3,2026-10-08,Listed OUT on week 6 report,28,,,,,
sam-houston,Sam Houston,active,Carter Kadow,O,OL,False,9.9,3,2026-10-08,Listed OUT on week 6 report,0,,,,,
sam-houston,Sam Houston,active,Elijah Collins,O,OL,False,9.2,3,2026-10-08,Listed OUT on week 6 report,0,,,,,
sam-houston,Sam Houston,active,Isaac Sohn,Q,OL,False,11.7,1,2026-10-08,Listed Questionable on week 6 report after sustaining an injury in the previous game,0,,,,,
sam-houston,Sam Houston,cleared_history,Matt Smith,Cleared,TE,,8.8,0,2026-09-07,Cleared from the injury/status report on 09/07/2026,,,,,,
sdsu,San Diego State,active,Dalesean Staley,OFS,S,,12,0,2026-08-15,Will miss the 2026 season with an injury sustained in spring ball.,0,,,,,
sdsu,San Diego State,active,Stone Saunders,O,QB,False,9.4,1,2026-09-13,Expected to miss the next six to eight weeks following surgery for a broken collarbone suffered in a week one victory over Portland State.,0,,,,,
sdsu,San Diego State,active,Aldrich Doe,Q,WR,False,9.7,0,2026-09-30,Upgraded to questionable ahead of week 6.,0,,,,,
sdsu,San Diego State,active,Jack Ellis,O,TE,False,8.7,0,2026-09-30,Added as 'out' on the week five availability report ahead of the Texas State game. Could be related to the 'mumps' outbreak plaguing the team.,0,,,,,
sdsu,San Diego State,active,Luke Williams,O,LS,False,8,,2026-09-30,Added as 'out' on the week five availability report ahead of the Texas State game. Could be related to the 'mumps' outbreak plaguing the team.,0,,,,,
sdsu,San Diego State,active,Michael Leville Watkins,P,OL,False,12.5,0,2026-10-10,Upgraded to probable ahead of week 6.,35,,,,,
sdsu,San Diego State,active,Tuaoa Tauili'ili,GTD,DL,False,11.3,0,2026-10-10,Official report 2026-10-10: game time decision. Game 2026-10-10. Previous context: Added as 'out' on the week five availability report ahead of the Texas State game. Moved to 'doubtful' for week six.,0,,,,,
sdsu,San Diego State,active,Javari Nash,O,LB,False,8.7,0,2026-10-10,Official report 2026-10-10: out. Game 2026-10-10. Previous context: Added as 'doubtful' for week six on report.,0,,,,,
sdsu,San Diego State,active,Chase Shumate,O,S,False,8.1,0,2026-10-10,Official report 2026-10-10: out. Game 2026-10-10. Previous context: Added as 'doubtful' for week six on report.,0,,,,,
sdsu,San Diego State,active,Ryan Wolfer,GTD,TE,False,10.1,0,2026-10-10,Official report 2026-10-10: game time decision. Game 2026-10-10. Previous context: Added as 'doubtful' for week six on report.,11,,,,,
sdsu,San Diego State,active,Braylon Cardwell,O,CB,False,8.9,3,2026-10-10,Official report 2026-10-10: out. Game 2026-10-10. Previous context: Added as 'out' on the week five availability report ahead of the Texas State game. Moved to 'questionable' for week six.,0,,,,,
sdsu,San Diego State,active,Roman Paseka,O,DL,False,8.8,3,2026-10-10,Official report 2026-10-10: out. Game 2026-10-10. Previous context: Added as 'out' on the week five availability report ahead of the Texas State game. Moved to 'questionable' for week six.,0,,,,,
sdsu,San Diego State,active,Javion Kinnard,GTD,RB,False,12.4,0,2026-10-10,Official report 2026-10-10: game time decision. Game 2026-10-10. Previous context: Injured in-game week four against Toledo and is listed 'doubtful' to play week five against Texas State. Moved to 'questionable' ahead of week six.,11,,,,,
sdsu,San Diego State,active,Harlem Nellum,O,OL,False,8.9,3,2026-10-10,Official report 2026-10-10: out. Game 2026-10-10. Previous context: Listed 'doubtful' to play week five against Texas State. Moved to 'questionable' for week six.,0,,,,,
sdsu,San Diego State,active,Lucky Sutton,GTD,RB,False,14.8,0,2026-10-10,Official report 2026-10-10: game time decision. Game 2026-10-10. Previous context: Re-injured his ankle after making it back for week four and did not return. Missed week five. Back to 'questionable' ahead of week six.,0,,,,,
sdsu,San Diego State,active,Jackson Ford,GTD,TE,False,10.6,0,2026-10-10,Official report 2026-10-10: game time decision. Game 2026-10-10. Previous context: Official report 2026-10-08: probable. Game 2026-10-10. Previous context: Listed 'doubtful' to play week five against Texas State. One of their primary rotational tight ends. DNP. Moving back to 'questionable' for week six.,31,,,,,
sdsu,San Diego State,active,Jeramiah Lewis,Q,LB,False,8.6,0,2026-10-03,Listed 'doubtful' to play week five against Texas State. DNP. Leaving 'questionable' status.,0,,,,,
sdsu,San Diego State,active,Justius Lowe,GTD,WR,False,11.3,0,2026-10-10,Official report 2026-10-10: game time decision. Game 2026-10-10. Previous context: Added as 'questionable' to play week five against Texas State. DNP.,9,,,,,
sdsu,San Diego State,active,Tano Letuli,GTD,LB,False,13.1,0,2026-10-10,Official report 2026-10-10: game time decision. Game 2026-10-10. Previous context: Injured in-game week five in the first half and we're awaiting updates on severity...,74,,,,,
sdsu,San Diego State,active,Nathan Acevedo,GTD,WR,False,11.4,0,2026-10-10,Update 2026-10-10: His availability is a game-time decision. The reported issue is: undisclosed issue. Previous context: 2026-10-08: An undisclosed injury now makes him unlikely to play against Oregon State on Saturday; his absence is not yet confirmed. Previous context: Added as 'questionable' to play week six on initial report.,3,,,,,
sdsu,San Diego State,active,Gavriel Lightfoot,GTD,DL,False,11.4,0,2026-10-10,Official report 2026-10-10: game time decision. Game 2026-10-10. Previous context: Added as 'questionable' to play week six on initial report.,38,,,,,
sdsu,San Diego State,active,Isaac Lucas,GTD,OL,False,12,0,2026-10-10,Official report 2026-10-10: game time decision. Game 2026-10-10. Previous context: Added as 'questionable' to play week six on initial report.,43,,,,,
sdsu,San Diego State,active,Kai Wallin,GTD,EDGE,False,13.3,0,2026-10-10,Official report 2026-10-10: game time decision. Game 2026-10-10. Previous context: Added as 'probable' to play week six on initial report.,40,,,,,
sdsu,San Diego State,active,Donovan Brown,GTD,WR,False,11.5,0,2026-10-10,Official report 2026-10-10: game time decision. Game 2026-10-10. Previous context: Official report 2026-10-08: questionable. Game 2026-10-10. Previous context: Added as 'probable' to play week six on initial report.,0,,,,,
sdsu,San Diego State,active,Jarvis Williams,O,OL,False,9.1,3,,Official report 2026-10-10: out. Game 2026-10-10. Previous context: Added as 'questionable' to play week six.,0,,,,,
sdsu,San Diego State,cleared_history,Jack Lua,Cleared,TE,,8.7,1,2026-10-10,Cleared from the injury/status report on 10/10/2026,,,,,,
sdsu,San Diego State,cleared_history,Max Garrison,Cleared,S,,9.7,0,2026-10-10,Cleared from the injury/status report on 10/10/2026,,,,,,
sdsu,San Diego State,cleared_history,Kaimana Tufaga,Cleared,S,,9.1,0,2026-10-10,Cleared from the injury/status report on 10/10/2026,,,,,,
sdsu,San Diego State,cleared_history,Ashdon Wnetrzak,Cleared,OL,,11.4,0,2026-10-10,Cleared from the injury/status report on 10/10/2026,,,,,,
sdsu,San Diego State,cleared_history,Jaylon Hawkins,Cleared,WR,,10.6,0,2026-10-10,Cleared from the injury/status report on 10/10/2026,,,,,,
sdsu,San Diego State,cleared_history,Jelani Whitmore,Cleared,CB,,12.9,0,2026-10-10,Cleared from the injury/status report on 10/10/2026,,,,,,
sdsu,San Diego State,cleared_history,Jayden Denegal,Cleared,QB,,11,0,2026-10-10,Cleared from the injury/status report on 10/10/2026,,,,,,
sdsu,San Diego State,cleared_history,Elijah Muliufi,Cleared,TE,,9.9,2,2026-10-08,Cleared from the injury/status report on 10/08/2026,,,,,,
sdsu,San Diego State,cleared_history,Dean Harrington,Cleared,LB,,5.3,0,2026-10-06,Cleared from the injury/status report on 10/06/2026,,,,,,
sdsu,San Diego State,cleared_history,Parker Threatt,Cleared,WR,,7,0,2026-10-06,Cleared from the injury/status report on 10/06/2026,,,,,,
sdsu,San Diego State,cleared_history,Kaimana Tufaga,Cleared,S,,9.1,0,2026-10-06,Cleared from the injury/status report on 10/06/2026,,,,,,
sdsu,San Diego State,cleared_history,Isaac Lucas,Cleared,OL,,12,0,2026-10-06,Cleared from the injury/status report on 10/06/2026,,,,,,
sdsu,San Diego State,cleared_history,Carson Diehl,Cleared,WR,,8.9,0,2026-10-06,Cleared from the injury/status report on 10/06/2026,,,,,,
sdsu,San Diego State,cleared_history,Bert Emanuel Jr.,Cleared,QB,,11.4,0,2026-10-06,Cleared from the injury/status report on 10/06/2026,,,,,,
sdsu,San Diego State,cleared_history,Krishna Clay,Cleared,DL,,10.5,0,2026-10-04,Cleared from the injury/status report on 10/04/2026,,,,,,
sdsu,San Diego State,cleared_history,Kalan Ellis,Cleared,OL,,11.3,0,2026-10-04,Cleared from the injury/status report on 10/04/2026,,,,,,
sdsu,San Diego State,cleared_history,Kai Wallin,Cleared,EDGE,,12.7,0,2026-10-04,Cleared from the injury/status report on 10/04/2026,,,,,,
sdsu,San Diego State,cleared_history,Jalen Thomeson,Cleared,S,,13.4,0,2026-10-04,Cleared from the injury/status report on 10/04/2026,,,,,,
sdsu,San Diego State,cleared_history,Jacob Bostick,Cleared,WR,,10.6,0,2026-10-04,Cleared from the injury/status report on 10/04/2026,,,,,,
sdsu,San Diego State,cleared_history,Donovan Brown,Cleared,WR,,11.5,0,2026-10-04,Cleared from the injury/status report on 10/04/2026,,,,,,
sdsu,San Diego State,cleared_history,Dennis Jones,Cleared,OL,,10.7,0,2026-10-04,Cleared from the injury/status report on 10/04/2026,,,,,,
sdsu,San Diego State,cleared_history,Ryan Wolfer,Cleared,TE,,10,1,2026-10-04,Cleared from the injury/status report on 10/04/2026,,,,,,
sdsu,San Diego State,cleared_history,Donovan Brown,Cleared,WR,,11.8,3,2026-09-26,Cleared from the injury/status report on 09/26/2026,,,,,,
sdsu,San Diego State,cleared_history,Kalan Ellis,Cleared,OL,,11.1,3,2026-09-26,Cleared from the injury/status report on 09/26/2026,,,,,,
sdsu,San Diego State,cleared_history,Lucky Sutton,Cleared,RB,,15,1,2026-09-26,Cleared from the injury/status report on 09/26/2026,,,,,,
sdsu,San Diego State,cleared_history,Jordan Napier,Cleared,WR,,13.8,0,2026-08-11,Cleared from the injury/status report on 08/11/2026,,,,,,
sjsu,San Jose State,active,Cooper Hoch,Q,WR,False,12.2,1,2026-10-07,Listed 'questionable' on the initial week six report ahead of the Wyoming game.,27,,,,,
sjsu,San Jose State,cleared_history,Colton Thomas,Cleared,DL,,4.9,0,2026-10-08,Cleared from the injury/status report on 10/08/2026,,,,,,
sjsu,San Jose State,cleared_history,Isaiah Buxton,Cleared,CB,,11.8,1,2026-10-08,Cleared from the injury/status report on 10/08/2026,,,,,,
sjsu,San Jose State,cleared_history,Daniel Moleni,Cleared,OL,,9.8,3,2026-10-02,Cleared from the injury/status report on 10/02/2026,,,,,,
sjsu,San Jose State,cleared_history,Simeon Afalava,Cleared,OL,,9.1,1,2026-10-02,Cleared from the injury/status report on 10/02/2026,,,,,,
sjsu,San Jose State,cleared_history,Naseri Danielson,Cleared,LB,,11.8,1,2026-10-02,Cleared from the injury/status report on 10/02/2026,,,,,,
sjsu,San Jose State,cleared_history,Kamaehu Kopa-Kaawalauole,Cleared,TE,,8.6,1,2026-09-20,Cleared from the injury/status report on 09/20/2026,,,,,,
sjsu,San Jose State,cleared_history,Naseri Danielson,Cleared,LB,,10.7,0,2026-09-16,Cleared from the injury/status report on 09/16/2026,,,,,,
sjsu,San Jose State,cleared_history,Malachi Riley,Cleared,WR,,10.5,0,2026-08-09,Cleared from the injury/status report on 08/09/2026,,,,,,
smu,SMU,active,Link Rhodes,OFS,RB,False,5.2,1,2026-08-26,RB Link Rhodes (torn ACL) will miss the 2026 season.,0,,,,,
smu,SMU,active,Abel Hoopii,OFS,OL,False,10.4,2,2026-08-26,Abel Hoopii (broken foot) will miss the 2026 season.,0,,,,,
smu,SMU,active,Ira Singleton IV,OFS,DE,,12.5,3,2026-10-02,Reported as OFS in Week 5.,0,,,,,
smu,SMU,active,Ahmaad Moses,O,S,False,14.6,0,2026-10-02,Undisclosed injury; added to the ACC injury report listed as out prior to Week 5 vs. Boston College.,0,,,,,
smu,SMU,active,Jaelyn Davis-Robinson,O,CB,False,11.9,3,2026-10-02,Undisclosed injury; added to the ACC injury report listed as out prior to Week 5 vs. Boston College.,0,,,,,
smu,SMU,active,Christian Rhodes,O,RB,False,11.3,3,2026-10-02,Lingering hamstring injury. Remains out for Week 5 vs. Boston College.,0,,,,,
smu,SMU,active,I'Zayah Young,O,LB,False,9.7,0,2026-10-02,Undisclosed injury; added to the ACC injury report listed as out prior to Week 5 vs. Boston College.,0,,,,,
smu,SMU,active,Kenneth Goodwin III,O,LB,,10,0,2026-10-02,Lingering hamstring injury. Remains out for Week 5 vs. Boston College.,0,,,,,
smu,SMU,active,Caden Marshall,O,LB,False,10.6,0,2026-10-02,Undisclosed injury; Downgraded to out for Week 5 vs. Boston College.,0,,,,,
smu,SMU,active,Nick Reed,O,K,False,14.6,4,2026-10-02,Hip injury; Downgraded to out for Week 5 vs. Boston College.,0,,,,,
smu,SMU,active,Joshua Bates,Q,OL,True,13.5,1,2026-10-03,Injured in the 2nd half vs. Boston College.,42,,,,,
smu,SMU,active,Kendrick Raphael,Q,RB,True,14.2,1,2026-10-03,Played but was added to the injury report after the game vs. Boston College.,16,,,,,
smu,SMU,active,William Nettles,Q,CB,True,12.7,1,2026-10-03,Injured in the 1st Quarter vs. Boston College.,19,,,,,
smu,SMU,cleared_history,Marcellus Barnes Jr.,Cleared,CB,,12.2,0,2026-10-04,Cleared from the injury/status report on 10/04/2026,,,,,,
smu,SMU,cleared_history,Deuce Gilbert,Cleared,CB,,9.7,0,2026-10-03,Cleared from the injury/status report on 10/03/2026,,,,,,
smu,SMU,cleared_history,Ej Kelly,Cleared,RB,,10.2,1,2026-10-01,Cleared from the injury/status report on 10/01/2026,,,,,,
smu,SMU,cleared_history,Abdul Muhammad,Cleared,S,,11.8,1,2026-10-01,Cleared from the injury/status report on 10/01/2026,,,,,,
smu,SMU,cleared_history,Kevin Allen,Cleared,DL,,12.2,1,2026-10-01,Cleared from the injury/status report on 10/01/2026,,,,,,
smu,SMU,cleared_history,Deuce Gilbert,Cleared,CB,,9.7,3,2026-09-27,Cleared from the injury/status report on 09/27/2026,,,,,,
smu,SMU,cleared_history,Jaden Milliner-Jones,Cleared,S,,11.9,3,2026-09-15,Cleared from the injury/status report on 09/15/2026,,,,,,
smu,SMU,cleared_history,Daylon Singleton,Cleared,WR,,10.6,1,2026-09-07,Cleared from the injury/status report on 09/07/2026,,,,,,
smu,SMU,cleared_history,Kevin Jennings,Cleared,QB,,15.7,0,2026-09-05,Cleared from the injury/status report on 09/05/2026,,,,,,
south-carolina,South Carolina,active,Jayden Gibson,OFS,WR,,11.7,0,2026-08-16,Will miss the entire 2026 season with a lower-body injury sustained in summer camp.,0,,,,,
south-carolina,South Carolina,active,Jayden Sellers,OFS,WR,,12.9,0,2026-08-16,Suffered a season-ending lower-body injury in summer camp and will miss the full 2026 season.,0,,,,,
south-carolina,South Carolina,active,Ethan Sanchez,O,K,,13.9,0,2026-09-15,His eligibility remains up in the air and is not likely to impact 2026.,0,,,,,
south-carolina,South Carolina,active,Jalewis Solomon,O,DB,False,11.1,3,2026-09-30,Banged up at practice. Has not played since week two. No timetable for return.,0,,,,,
south-carolina,South Carolina,active,Josiah Thompson,O,OL,False,9.9,0,2026-09-30,Knocked out for spring ball and the entire 2026 season is in doubt as of early March. Remains out through week five.,0,,,,,
south-carolina,South Carolina,active,Kobby Sakyi-Prah,O,ER,False,11.6,3,2026-09-30,Added as 'out' on the week five availability report.,0,,,,,
south-carolina,South Carolina,active,Quay'sheed Scott,O,DB,False,14.1,4,2026-10-09,Official report 2026-10-09: out. Previous context: Went down mid-game week five against Kentucky and needed a trip to the hospital for a look. He seems doubtful in the short-term and we'll await updates.,0,,,,,
south-carolina,South Carolina,active,Julian Walker,O,ER,False,11.9,3,2026-10-09,Official report 2026-10-09: out. Previous context: Added as 'doubtful' on the week six initial report ahead of the Florida game.,0,,,,,
south-carolina,South Carolina,active,Gabriel Brownlow-Dindy,O,DL,False,14.3,4,2026-10-09,Official report 2026-10-09: out. Previous context: Added as 'doubtful' on the week six initial report ahead of the Florida game.,0,,,,,
south-carolina,South Carolina,active,Carter Miller,O,OL,False,11.7,3,2026-10-09,Official report 2026-10-09: out. Previous context: Official report 2026-10-08: doubtful. Previous context: Added as 'questionable' on the week six initial report ahead of the Florida game.,0,,,,,
south-carolina,South Carolina,active,Judge Collier,Q,DB,True,11.9,1,2026-10-11,"Exited during the first half of week six after a violent collision with teammate David Bucey while attempting to make a tackle. Collier stumbled upon standing up, was examined on the sideline, had his helmet confiscated by team trainers, and was escorted into the locker room. He did not return.",13,,,,,
south-carolina,South Carolina,cleared_history,Dylan Stewart,Cleared,ER,,14.8,4,2026-10-10,Cleared from the injury/status report on 10/10/2026,,,,,,
south-carolina,South Carolina,cleared_history,Mazeo Bennett Jr.,Cleared,WR,,12,0,2026-10-10,Cleared from the injury/status report on 10/10/2026,,,,,,
south-carolina,South Carolina,cleared_history,A.J. Holloway,Cleared,LB,,9.5,2,2026-10-07,Cleared from the injury/status report on 10/07/2026,,,,,,
south-carolina,South Carolina,cleared_history,Gabriel Brownlow-Dindy,Cleared,DL,,14.3,0,2026-10-04,Cleared from the injury/status report on 10/04/2026,,,,,,
south-carolina,South Carolina,cleared_history,Caden Ramsey,Cleared,TE,,8.2,0,2026-10-03,Cleared from the injury/status report on 10/03/2026,,,,,,
south-carolina,South Carolina,cleared_history,Maurice Brown II,Cleared,TE,,9.4,0,2026-09-26,Cleared from the injury/status report on 09/26/2026,,,,,,
south-carolina,South Carolina,cleared_history,Dylan Stewart,Cleared,ER,,15.1,0,2026-09-25,Cleared from the injury/status report on 09/25/2026,,,,,,
south-carolina,South Carolina,cleared_history,Shawn Murphy,Cleared,LB,,12.4,0,2026-09-25,Cleared from the injury/status report on 09/25/2026,,,,,,
south-carolina,South Carolina,cleared_history,Gerald Kilgore,Cleared,DB,,12.4,1,2026-09-23,Cleared from the injury/status report on 09/23/2026,,,,,,
south-carolina,South Carolina,cleared_history,Jabree Coleman,Cleared,RB,,11.6,1,2026-09-23,Cleared from the injury/status report on 09/23/2026,,,,,,
south-carolina,South Carolina,cleared_history,Tomiwa Durojaiye,Cleared,DL,,14.8,2,2026-09-23,Cleared from the injury/status report on 09/23/2026,,,,,,
south-carolina,South Carolina,cleared_history,Lucian Anderson III,Cleared,QB,,11,3,2026-09-23,Cleared from the injury/status report on 09/23/2026,,,,,,
south-carolina,South Carolina,cleared_history,Jacarrius Peak,Cleared,OL,,14.7,0,2026-09-19,Cleared from the injury/status report on 09/19/2026,,,,,,
south-carolina,South Carolina,cleared_history,Dylan Stewart,Cleared,ER,,15.2,0,2026-09-19,Cleared from the injury/status report on 09/19/2026,,,,,,
south-carolina,South Carolina,cleared_history,Carter Miller,Cleared,OL,,11.4,0,2026-09-19,Cleared from the injury/status report on 09/19/2026,,,,,,
south-carolina,South Carolina,cleared_history,Maurice Brown II,Cleared,TE,,7.3,0,2026-09-16,Cleared from the injury/status report on 09/16/2026,,,,,,
south-carolina,South Carolina,cleared_history,Dj Black,Cleared,WR,,9.1,1,2026-09-16,Cleared from the injury/status report on 09/16/2026,,,,,,
south-carolina,South Carolina,cleared_history,Caleb Williams,Cleared,DL,,10.2,1,2026-09-16,Cleared from the injury/status report on 09/16/2026,,,,,,
southern-miss,Southern Miss,active,"Jeffery Rush, Jr.",OFS,DL,False,10.6,3,2026-10-04,Listed as OFS on the 10/4 Sun Belt Injury report.,0,,,,,
southern-miss,Southern Miss,active,Ricky Harding,OFS,LB,False,6.3,0,2026-10-04,Listed as OFS on the 10/4 Sun Belt Injury report.,0,,,,,
southern-miss,Southern Miss,active,Jordan Pride,OFS,DB,False,11.2,0,2026-10-04,Listed as OFS on the 10/4 Sun Belt Injury report.,0,,,,,
southern-miss,Southern Miss,active,Jahmir Davis,OFS,OL,False,8.5,0,2026-10-04,Listed as OFS on the 10/4 Sun Belt Injury report.,0,,,,,
southern-miss,Southern Miss,active,Jaylen Himes,O,WR,False,9.6,3,2026-10-04,Has an injury that will keep him out for at least a month. Remains out for Week 6 vs. Troy.,0,,,,,
southern-miss,Southern Miss,active,Ethan Hampton,O,QB,False,12.4,3,2026-10-04,"Dealing with a bone bruise to his hand after hitting it on a helmet vs. UConn, did not return. Remains out for Week 6 vs. Troy.",0,,,,,
southern-miss,Southern Miss,active,Grant Page,O,WR,False,11.1,3,2026-10-04,Injured in the 3rd Quarter vs UConn; Did not return. Remains out for Week 6 vs. Troy.,0,,,,,
southern-miss,Southern Miss,active,Tyler Lassiter,GTD,LB,False,9.5,0,2026-10-06,Updated to a game-time decision ahead of Week 6 vs. Troy.,0,,,,,
southern-miss,Southern Miss,active,Laquan Robinson,GTD,DB,False,13.8,0,2026-10-06,Updated to a game-time decision ahead of Week 6 vs. Troy.,44,,,,,
southern-miss,Southern Miss,cleared_history,Robert Briggs,Cleared,RB,,11.2,0,2026-10-06,Cleared from the injury/status report on 10/06/2026,,,,,,
southern-miss,Southern Miss,cleared_history,Davis Dalton,Cleared,WR,,10.5,1,2026-09-20,Cleared from the injury/status report on 09/20/2026,,,,,,
southern-miss,Southern Miss,cleared_history,A'mari Wilson,Cleared,DL,,8.9,1,2026-09-20,Cleared from the injury/status report on 09/20/2026,,,,,,
stanford,Stanford,active,Dylan Stephenson,O,OLB,False,10.2,0,2026-10-05,Undisclosed injury; DNP Week 5 vs. Wake Forest.,0,,,,,
stanford,Stanford,active,Brandon Nicholson,O,CB,False,13.7,4,2026-10-05,Apparent left leg injury vs. Georgia Tech. DNP Week 5 vs. Wake Forest.,0,,,,,
stanford,Stanford,active,Jason Hill Jr.,O,CB,False,9.3,0,2026-10-05,Undisclosed injury; DNP Week 5 vs. Wake Forest.,0,,,,,
stanford,Stanford,active,Zaiden Mcdonald,O,DB,False,9.7,0,2026-10-05,Undisclosed injury; DNP Week 5 vs. Wake Forest.,0,,,,,
stanford,Stanford,active,Chris Garland,O,CB,False,9.6,0,2026-10-05,Undisclosed injury; DNP Week 5 vs. Wake Forest.,0,,,,,
stanford,Stanford,active,Breylan Thompson,O,CB,False,9.9,0,2026-10-05,Undisclosed injury; DNP Week 5 vs. Wake Forest.,0,,,,,
stanford,Stanford,active,Jack Duckworth,O,CB,False,8.9,0,2026-10-05,Undisclosed injury; DNP Week 5 vs. Wake Forest.,0,,,,,
stanford,Stanford,active,Aidan Kilstrom,O,OL,False,11.7,3,2026-10-05,Carted to the locker room during Week 0. DNP Week 5 vs. Wake Forest.,0,,,,,
stanford,Stanford,active,Nathan Mejia,O,OL,False,11.1,0,2026-10-05,Likely out long term. Undisclosed injury; DNP Week 5 vs. Wake Forest.,0,,,,,
stanford,Stanford,active,Brendan Delaney,O,DL,False,6,0,2026-10-05,Undisclosed injury; DNP Week 5 vs. Wake Forest.,0,,,,,
stanford,Stanford,active,Reiman Zebert,O,TE,False,9.5,0,2026-10-05,Undisclosed injury; DNP Week 5 vs. Wake Forest.,0,,,,,
stanford,Stanford,active,Jahsiah Galvan,O,ILB,False,12.2,3,2026-10-05,Added to the ACC injury report and downgraded to out for Week 5 vs. Wake Forest.,45,,,,,
stanford,Stanford,active,Matt Rose,Q,ILB,False,14.7,1,2026-10-05,Added on gameday as a gametime decision for Week 5 vs. Wake Forest but could not play.,0,,,,,
stanford,Stanford,cleared_history,Jacobi Murray,Cleared,DL,,10.6,0,2026-10-04,Cleared from the injury/status report on 10/04/2026,,,,,,
stanford,Stanford,cleared_history,Nick Fattig,Cleared,OL,,12.4,0,2026-10-01,Cleared from the injury/status report on 10/01/2026,,,,,,
stanford,Stanford,cleared_history,Lucas Shanafelt,Cleared,OLB,,9.3,0,2026-10-01,Cleared from the injury/status report on 10/01/2026,,,,,,
stanford,Stanford,cleared_history,Sam Neely III,Cleared,CB,,10.5,0,2026-10-01,Cleared from the injury/status report on 10/01/2026,,,,,,
stanford,Stanford,cleared_history,Nikolas Prongos,Cleared,OL,,12.3,0,2026-09-27,Cleared from the injury/status report on 09/27/2026,,,,,,
stanford,Stanford,cleared_history,Gabe Kaminski,Cleared,OLB,,13.8,0,2026-09-27,Cleared from the injury/status report on 09/27/2026,,,,,,
stanford,Stanford,cleared_history,Jahsiah Galvan,Cleared,ILB,,12.4,1,2026-09-24,Cleared from the injury/status report on 09/24/2026,,,,,,
stanford,Stanford,cleared_history,Reiman Zebert,Cleared,TE,,9.5,0,2026-09-24,Cleared from the injury/status report on 09/24/2026,,,,,,
stanford,Stanford,cleared_history,Charlie Eckhardt,Cleared,S,,11.9,0,2026-09-18,Cleared from the injury/status report on 09/18/2026,,,,,,
stanford,Stanford,cleared_history,Simione Pale,Cleared,OL,,11.3,0,2026-09-16,Cleared from the injury/status report on 09/16/2026,,,,,,
stanford,Stanford,cleared_history,Nico Brown,Cleared,WR,,14.2,1,2026-09-16,Cleared from the injury/status report on 09/16/2026,,,,,,
stanford,Stanford,cleared_history,Aaron Morris,Cleared,CB,,10.9,0,2026-09-16,Cleared from the injury/status report on 09/16/2026,,,,,,
stanford,Stanford,cleared_history,Daylen Sharper,Cleared,WR,,9.8,0,2026-09-16,Cleared from the injury/status report on 09/16/2026,,,,,,
stanford,Stanford,cleared_history,London Bironas,Cleared,K,,7.4,0,2026-09-16,Cleared from the injury/status report on 09/16/2026,,,,,,
stanford,Stanford,cleared_history,Carter Shaw,Cleared,WR,,9.6,2,2026-09-16,Cleared from the injury/status report on 09/16/2026,,,,,,
stanford,Stanford,cleared_history,Nick Fattig,Cleared,OL,,12.4,0,2026-09-16,Cleared from the injury/status report on 09/16/2026,,,,,,
stanford,Stanford,cleared_history,Caden High,Cleared,WR,,12.2,0,2026-09-05,Cleared from the injury/status report on 09/05/2026,,,,,,
stanford,Stanford,cleared_history,Omari Gaines,Cleared,S,,9.2,0,2026-09-04,Cleared from the injury/status report on 09/04/2026,,,,,,
stanford,Stanford,cleared_history,Jacob Butler,Cleared,WR,,9.4,0,2026-09-04,Cleared from the injury/status report on 09/04/2026,,,,,,
stanford,Stanford,cleared_history,Javion Randall,Cleared,CB,,7.7,0,2026-09-04,Cleared from the injury/status report on 09/04/2026,,,,,,
stanford,Stanford,cleared_history,Ernest Cooper,Cleared,OLB,,11.8,1,2026-09-04,Cleared from the injury/status report on 09/04/2026,,,,,,
stanford,Stanford,cleared_history,Jay Green,Cleared,S,,14.4,0,2026-09-04,Cleared from the injury/status report on 09/04/2026,,,,,,
stanford,Stanford,cleared_history,David Pantelis,Cleared,WR,,12.3,0,2026-09-02,Cleared from the injury/status report on 09/02/2026,,,,,,
syracuse,Syracuse,active,Darien Williams,O,WR,False,11.1,3,2026-10-07,Added to the ACC injury report as out for Week 6 vs. UVA.,0,,,,,
syracuse,Syracuse,active,Jackson Iak,O,OL,False,4.9,0,2026-10-07,Undisclosed injury; DNP in Week 5 vs. UConn. Remains out for Week 6 vs. UVA.,0,,,,,
syracuse,Syracuse,active,D'Joni Scatliffe,O,OL,False,8.4,0,2026-10-07,Undisclosed injury; DNP in Week 5 vs. UConn. Remains out for Week 6 vs. UVA.,0,,,,,
syracuse,Syracuse,active,Terrell Wilfong,O,WR,False,9.6,0,2026-10-07,Suffered a broken collarbone in practice that will keep him out 6-8 weeks. Remains out for Week 6 vs. UVA.,0,,,,,
syracuse,Syracuse,active,Tripp Woody,O,PK,False,11.3,3,2026-10-09,Official report 2026-10-09: out. Previous context: Added to the ACC injury report as doubtful for Week 6 vs. UVA.,0,,,,,
syracuse,Syracuse,active,Amari Odom,O,QB,False,12.6,4,2026-10-10,DNP week six. Went for MRI and it may be bad news. Official report 2026-10-10: game time decision. Previous context: Official report 2026-10-09: doubtful. Previous context: Official report 2026-10-08: questionable.,0,,,,,
syracuse,Syracuse,active,Shavane Anderson Jr.,O,RB,False,11.5,3,2026-10-09,Official report 2026-10-09: out. Previous context: Official report 2026-10-08: questionable.,0,,,,,
syracuse,Syracuse,active,Steve Angeli,O,QB,False,13.4,4,2026-10-09,Official report 2026-10-09: out.,0,,,,,
syracuse,Syracuse,active,Malachi Nelson,Q,QB,True,11.4,1,2026-10-10,Drew get start week six due to multiple injuries. Hurt his collarbone in the game and might miss time himself.,36,,,,,
syracuse,Syracuse,cleared_history,Antoine Deslauriers,Cleared,LB,,12.4,1,2026-10-10,Cleared from the injury/status report on 10/10/2026,,,,,,
syracuse,Syracuse,cleared_history,Nazir Ward,Cleared,DB,,12.1,1,2026-10-10,Cleared from the injury/status report on 10/10/2026,,,,,,
syracuse,Syracuse,cleared_history,Ahmad Miller,Cleared,RB,,12.9,1,2026-10-10,Cleared from the injury/status report on 10/10/2026,,,,,,
syracuse,Syracuse,cleared_history,Tedarius Hughes,Cleared,DB,,10.4,0,2026-10-08,Cleared from the injury/status report on 10/08/2026,,,,,,
syracuse,Syracuse,cleared_history,Ju'Juan Johnson,Cleared,RB,,11.2,1,2026-10-08,Cleared from the injury/status report on 10/08/2026,,,,,,
syracuse,Syracuse,cleared_history,Nate Edwards,Cleared,WR,,4.6,0,2026-10-08,Cleared from the injury/status report on 10/08/2026,,,,,,
syracuse,Syracuse,cleared_history,Maurice Medley,Cleared,LB,,9.5,3,2026-10-08,Cleared from the injury/status report on 10/08/2026,,,,,,
syracuse,Syracuse,cleared_history,Tylik Hill,Cleared,RB,,13.3,3,2026-10-04,Cleared from the injury/status report on 10/04/2026,,,,,,
syracuse,Syracuse,cleared_history,Calvin Russell III,Cleared,WR,,13.1,1,2026-09-18,Cleared from the injury/status report on 09/18/2026,,,,,,
syracuse,Syracuse,cleared_history,Tylik Hill,Cleared,RB,,12.1,1,2026-09-16,Cleared from the injury/status report on 09/16/2026,,,,,,
syracuse,Syracuse,cleared_history,Tylik Hill,Cleared,RB,,12.1,4,2026-09-14,Cleared from the injury/status report on 09/14/2026,,,,,,
syracuse,Syracuse,cleared_history,Isaiah Hastings,Cleared,DL,,11.2,0,2026-09-14,Cleared from the injury/status report on 09/14/2026,,,,,,
syracuse,Syracuse,cleared_history,Jackson Iak,Cleared,OL,,4.9,0,2026-09-14,Cleared from the injury/status report on 09/14/2026,,,,,,
syracuse,Syracuse,cleared_history,Isaiah Hastings,Cleared,DL,,11.2,0,2026-09-12,Cleared from the injury/status report on 09/12/2026,,,,,,
syracuse,Syracuse,cleared_history,Clark Calloway,Cleared,DL,,5.4,0,2026-09-12,Cleared from the injury/status report on 09/12/2026,,,,,,
syracuse,Syracuse,cleared_history,Nathan Nyandoro,Cleared,DL,,11.4,0,2026-09-12,Cleared from the injury/status report on 09/12/2026,,,,,,
syracuse,Syracuse,cleared_history,Matthew Outten,Cleared,WR,,10.7,0,2026-09-12,Cleared from the injury/status report on 09/12/2026,,,,,,
syracuse,Syracuse,cleared_history,Isaiah Hastings,Cleared,DL,,11.2,0,2026-09-09,Cleared from the injury/status report on 09/09/2026,,,,,,
syracuse,Syracuse,cleared_history,Nathan Nyandoro,Cleared,DL,,11.4,0,2026-09-09,Cleared from the injury/status report on 09/09/2026,,,,,,
syracuse,Syracuse,cleared_history,Gary Bryant III,Cleared,LB,,9.5,0,2026-09-09,Cleared from the injury/status report on 09/09/2026,,,,,,
syracuse,Syracuse,cleared_history,Ahmad Miller,Cleared,RB,,12.6,4,2026-09-09,Cleared from the injury/status report on 09/09/2026,,,,,,
syracuse,Syracuse,cleared_history,Ju'Juan Johnson,Cleared,RB,,10.6,1,2026-09-09,Cleared from the injury/status report on 09/09/2026,,,,,,
syracuse,Syracuse,cleared_history,Cole Weaver,Cleared,WR,,12.6,0,2026-09-05,Cleared from the injury/status report on 09/05/2026,,,,,,
syracuse,Syracuse,cleared_history,Tyshawn Russell,Cleared,WR,,10.7,0,2026-09-03,Cleared from the injury/status report on 09/03/2026,,,,,,
syracuse,Syracuse,cleared_history,Ahmad Miller,Cleared,RB,,13.2,1,2026-09-03,Cleared from the injury/status report on 09/03/2026,,,,,,
syracuse,Syracuse,cleared_history,Justus Ross-Simmons,Cleared,WR,,12.7,4,2026-09-01,Cleared from the injury/status report on 09/01/2026,,,,,,
syracuse,Syracuse,cleared_history,Steve Angeli,Cleared,QB,,15.1,0,2026-08-07,Cleared from the injury/status report on 08/07/2026,,,,,,
tcu,TCU,active,Michael Short,O,LB,False,13,3,2026-10-02,Listed 'out' on the initial week five report ahead of the BYU game. Impact injury to the linebacking corps.,-3,,,,,
tcu,TCU,active,Devondre McGee,O,CB,False,10.5,3,2026-10-02,Listed 'out' on the initial week five report ahead of the BYU game.,0,,,,,
tcu,TCU,active,Joe Pitchford,O,RB,False,6.7,2,2026-10-02,Injuries persist and he's listed 'out' on the week five initial report ahead of BYU.,0,,,,,
tcu,TCU,active,Kyle Lemmermann,O,PK,False,13.1,3,2026-10-02,Seen in street clothes during week three game. Remain out for Week 5 vs. BYU.,0,,,,,
tcu,TCU,active,Devan Robison,O,OL,False,8.1,0,2026-10-02,Remains out for Week 5 vs. BYU. Will not impact rotation.,0,,,,,
tcu,TCU,active,Creece Brister,O,OL,False,9.4,0,2026-10-02,Remains out for Week 5 vs. BYU. Will not impact rotation.,0,,,,,
tcu,TCU,active,Cooper Reid,O,WR,False,9.7,0,2026-10-02,Remains out for Week 5 vs. BYU. Will not impact rotation.,0,,,,,
tcu,TCU,active,Perry Cole Jr.,O,DT,False,11.1,0,2026-10-02,Remains out for Week 5 vs. BYU. Will not impact rotation.,0,,,,,
tcu,TCU,active,Gil Jackson Jr.,Q,CB,True,12.5,1,2026-10-03,Injured in-game week five; forced to leave. Tracking for updates…,45,,,,,
tcu,TCU,cleared_history,Zach Chapman,Cleared,EDGE,,13.1,0,2026-10-03,Cleared from the injury/status report on 10/03/2026,,,,,,
tcu,TCU,cleared_history,Ryan Hughes,Cleared,OL,,10.8,0,2026-10-01,Cleared from the injury/status report on 10/01/2026,,,,,,
tcu,TCU,cleared_history,Deon Mays,Cleared,CB,,9.8,0,2026-10-01,Cleared from the injury/status report on 10/01/2026,,,,,,
tcu,TCU,cleared_history,Caleb Cortez,Cleared,LB,,4.9,0,2026-10-01,Cleared from the injury/status report on 10/01/2026,,,,,,
tcu,TCU,cleared_history,Max Carroll,Cleared,LB,,13.8,0,2026-10-01,Cleared from the injury/status report on 10/01/2026,,,,,,
tcu,TCU,cleared_history,Jon Denman,Cleared,RB,,12.1,0,2026-09-26,Cleared from the injury/status report on 09/26/2026,,,,,,
tcu,TCU,cleared_history,Jordan Dwyer,Cleared,WR,,13.5,0,2026-09-26,Cleared from the injury/status report on 09/26/2026,,,,,,
tcu,TCU,cleared_history,Joe Pitchford,Cleared,RB,,6.8,1,2026-09-24,Cleared from the injury/status report on 09/24/2026,,,,,,
tcu,TCU,cleared_history,Dozie Ezukanma,Cleared,WR,,10.5,0,2026-09-24,Cleared from the injury/status report on 09/24/2026,,,,,,
tcu,TCU,cleared_history,Jamel Johnson,Cleared,S,,14.2,0,2026-09-20,Cleared from the injury/status report on 09/20/2026,,,,,,
tcu,TCU,cleared_history,Jeremy Scott,Cleared,WR,,11.2,0,2026-08-11,Cleared from the injury/status report on 08/11/2026,,,,,,
tcu,TCU,cleared_history,Jordan Dwyer,Cleared,WR,,13.6,0,2026-08-10,Cleared from the injury/status report on 08/10/2026,,,,,,
temple,Temple,active,Devontae Ward-Grant,OFS,CB,False,10.1,0,2026-08-05,He will miss the entire 2026 season with an ACL tear suffered in the spring game.,0,,,,,
temple,Temple,active,Tylik Mitchell,Q,WR,False,9.5,0,2026-10-03,Ruled 'out' for week four against Army. Questionable for week five.,0,,,,,
temple,Temple,active,Davray Venu,Q,OL,False,8.7,0,2026-10-03,Listed 'questionable' on the game day report ahead of USF week five.,0,,,,,
temple,Temple,active,Giakoby Hills,O,OL,False,14,4,2026-09-07,"Injured vs Rhode Island in week one, likely out six weeks.",0,,,,,
temple,Temple,active,Kenedy Uzoma,O,WR,False,9.8,2,2026-09-25,Ruled 'out' for week four against Army.,0,,,,,
temple,Temple,active,Kaegan Chambers,O,WR,False,8.1,0,2026-09-25,Ruled 'out' for week four against Army.,0,,,,,
temple,Temple,active,Sam Brown V,O,RB,False,13,3,2026-10-03,Listed 'out' on the game day report ahead of USF week five.,0,,,,,
temple,Temple,active,Eric Stuart,O,LB,False,11,3,2026-10-03,Listed 'out' on the game day report ahead of USF week five.,52,,,,,
temple,Temple,active,Jaxon Smolik,O,QB,False,9.4,2,2026-10-03,Listed 'out' on the game day report ahead of USF week five.,0,,,,,
temple,Temple,active,Brandon Enarusai,O,DL,False,4.8,0,2026-10-03,Listed 'out' on the game day report ahead of USF week five.,0,,,,,
temple,Temple,active,Luke Watson,O,OL,False,9.1,2,2026-10-03,Listed 'out' on the game day report ahead of USF week five.,0,,,,,
temple,Temple,cleared_history,Reis Stocksdale,Cleared,WR,,7.2,0,2026-10-03,Cleared from the injury/status report on 10/03/2026,,,,,,
temple,Temple,cleared_history,Coen Logan,Cleared,WR,,9.5,0,2026-10-03,Cleared from the injury/status report on 10/03/2026,,,,,,
temple,Temple,cleared_history,Jaxon Smolik,Cleared,QB,,9.4,0,2026-09-28,Cleared from the injury/status report on 09/28/2026,,,,,,
temple,Temple,cleared_history,Rameir Hardy,Cleared,WR,,8.7,1,2026-09-20,Cleared from the injury/status report on 09/20/2026,,,,,,
temple,Temple,cleared_history,Sam Brown V,Cleared,RB,,12.7,1,2026-09-20,Cleared from the injury/status report on 09/20/2026,,,,,,
temple,Temple,cleared_history,Rameir Hardy,Cleared,WR,,8.6,0,2026-09-15,Cleared from the injury/status report on 09/15/2026,,,,,,
temple,Temple,cleared_history,Eric Stuart,Cleared,LB,,11,1,2026-09-15,Cleared from the injury/status report on 09/15/2026,,,,,,
temple,Temple,cleared_history,Avery Powell,Cleared,SAF,,9.1,1,2026-09-15,Cleared from the injury/status report on 09/15/2026,,,,,,
tennessee,Tennessee,active,Jadais Richard,OFS,DB,False,12.3,0,2026-08-04,Will miss the 2026 season after sustaining an injury while training on his own this summer.,0,,,,,
tennessee,Tennessee,active,Jaedon Harmon,OFS,LB,,12.6,0,2026-08-09,Harmon will miss the 2026 season after a torn ACL in early summer practice.,0,,,,,
tennessee,Tennessee,active,Edrees Farooq,OFS,DB,,13.3,2,2026-08-14,Suffered a significant lower leg injury in camp practice in 8/14. Will miss the entire 2026 season.,0,,,,,
tennessee,Tennessee,active,Joakim Dodson,OFS,WR,False,10.2,1,2026-09-07,Sustained a season-ending injury in week one.,0,,,,,
tennessee,Tennessee,active,Ethan Davis,OFS,TE,False,12.6,2,2026-09-15,Suffered a torn ACL in week two and will miss the remainder of the 2026 season.,0,,,,,
tennessee,Tennessee,active,Dylan Lewis,OFS,DB,False,12.2,3,2026-09-28,Added as 'out' on the initial week four report ahead of the Texas game. UPDATE: Reportedly will miss the remainder of the season with the injury.,0,,,,,
tennessee,Tennessee,active,Wendell Moe Jr.,OFS,OL,False,13.8,4,2026-09-30,Suffered an ankle injury on the opening drive against Texas week four. He did not return to the game. UPDATE: Out for the season.,0,,,,,
tennessee,Tennessee,active,Kedric Golston II,O,DL,False,11.9,3,2026-10-07,DNP beginning week five and will remain out for week six as his injury is lingering.,0,,,,,
tennessee,Tennessee,cleared_history,Faizon Brandon,Cleared,QB,,11.1,0,2026-10-11,Cleared from the injury/status report on 10/11/2026,,,,,,
tennessee,Tennessee,cleared_history,Javin Gordon,Cleared,RB,,12.9,1,2026-10-10,Cleared from the injury/status report on 10/10/2026,,,,,,
tennessee,Tennessee,cleared_history,Shamurad Umarov,Cleared,OL,,12.2,1,2026-10-07,Cleared from the injury/status report on 10/07/2026,,,,,,
tennessee,Tennessee,cleared_history,Qua Moss,Cleared,DB,,12.9,1,2026-10-07,Cleared from the injury/status report on 10/07/2026,,,,,,
tennessee,Tennessee,cleared_history,Nathan Robinson,Cleared,DL,,11.9,0,2026-10-03,Cleared from the injury/status report on 10/03/2026,,,,,,
tennessee,Tennessee,cleared_history,Xavier Gilliam,Cleared,DL,,13.5,1,2026-09-30,Cleared from the injury/status report on 09/30/2026,,,,,,
tennessee,Tennessee,cleared_history,Justin Baker,Cleared,RB,,11.2,1,2026-09-23,Cleared from the injury/status report on 09/23/2026,,,,,,
tennessee,Tennessee,cleared_history,DeSean Bishop,Cleared,RB,,16.1,0,2026-09-23,Cleared from the injury/status report on 09/23/2026,,,,,,
tennessee,Tennessee,cleared_history,Daevin Hobbs,Cleared,DL,,11.7,3,2026-09-23,Cleared from the injury/status report on 09/23/2026,,,,,,
tennessee,Tennessee,cleared_history,JJ Finch,Cleared,DL,,11.8,1,2026-09-20,Cleared from the injury/status report on 09/20/2026,,,,,,
tennessee,Tennessee,cleared_history,Sam Pendleton,Cleared,OL,,12.2,0,2026-09-14,Cleared from the injury/status report on 09/14/2026,,,,,,
tennessee,Tennessee,cleared_history,Arion Carter,Cleared,LB,,12.1,3,2026-09-06,Cleared from the injury/status report on 09/06/2026,,,,,,
tennessee,Tennessee,cleared_history,Radarious Jackson,Cleared,WR,,13.3,0,2026-09-06,Cleared from the injury/status report on 09/06/2026,,,,,,
tennessee,Tennessee,cleared_history,Jesse Perry,Cleared,OL,,12.6,0,2026-09-06,Cleared from the injury/status report on 09/06/2026,,,,,,
tennessee,Tennessee,cleared_history,Ethan Davis,Cleared,TE,,12.9,0,2026-09-02,Cleared from the injury/status report on 09/02/2026,,,,,,
texas,Texas,active,Jordan Coleman,O,OL,False,12.5,4,2026-09-27,Added as 'out' on the initial SEC report for week four ahead of Tennessee. Remains listed 'out' on the reports.,0,,,,,
texas,Texas,active,Kaliq Lockett,O,WR,False,13.2,4,2026-10-08,Official report 2026-10-08: out. Previous context: Listed as 'doubtful' to participate in week six game against OU in Red River.,0,,,,,
texas,Texas,active,Zion Williams,O,DL,False,11.6,3,2026-10-08,Official report 2026-10-08: out.,0,,,,,
texas,Texas,active,Justus Terry,Q,DL,,13.9,1,2026-10-10,Injured his foot during pregame warmups prior to week two against Ohio State. Did not dress for Week 3 and remains out for Week 4. Used the bye week to heal up but was unable to go for Red River.,0,,,,,
texas,Texas,cleared_history,Nick Townsend,Cleared,TE,,11.8,0,2026-10-10,Cleared from the injury/status report on 10/10/2026,,,,,,
texas,Texas,cleared_history,Xavier Filsaime,Cleared,DB,,13.1,3,2026-10-07,Cleared from the injury/status report on 10/07/2026,,,,,,
texas,Texas,cleared_history,Cam Coleman,Cleared,WR,,13.9,0,2026-10-07,Cleared from the injury/status report on 10/07/2026,,,,,,
texas,Texas,cleared_history,Hollywood Smothers,Cleared,RB,,15.1,1,2026-10-07,Cleared from the injury/status report on 10/07/2026,,,,,,
texas,Texas,cleared_history,Hollywood Smothers,Cleared,RB,,15.1,0,2026-09-26,Cleared from the injury/status report on 09/26/2026,,,,,,
texas,Texas,cleared_history,Colin Simmons,Cleared,EDGE,,16.5,0,2026-09-25,Cleared from the injury/status report on 09/25/2026,,,,,,
texas,Texas,cleared_history,Markus Boswell,Cleared,LB,,7.1,0,2026-09-23,Cleared from the injury/status report on 09/23/2026,,,,,,
texas,Texas,cleared_history,Kobe Black,Cleared,DB,,13,0,2026-09-23,Cleared from the injury/status report on 09/23/2026,,,,,,
texas,Texas,cleared_history,Derrek Cooper,Cleared,RB,,12.3,0,2026-09-20,Cleared from the injury/status report on 09/20/2026,,,,,,
texas,Texas,cleared_history,Colton Vasek,Cleared,EDGE,,12.1,0,2026-09-06,Cleared from the injury/status report on 09/06/2026,,,,,,
texas,Texas,cleared_history,Trevor Goosby,Cleared,OL,,15.6,1,2026-09-04,Cleared from the injury/status report on 09/04/2026,,,,,,
texas,Texas,cleared_history,Kaliq Lockett,Cleared,WR,,13.5,0,2026-08-06,Cleared from the injury/status report on 08/06/2026,,,,,,
texas-am,Texas A&M,active,Tiger Riden Jr.,OFS,RB,False,11.2,0,2026-08-26,Expected to be out for the 2026 season with an injury sustained late in fall camp.,0,,,,,
texas-am,Texas A&M,active,Chace Sims,OFS,DT,,10.1,0,2026-08-26,Will miss the entire 2026 season with an undisclosed injury suffered in fall camp.,0,,,,,
texas-am,Texas A&M,active,Madden Williams,OFS,WR,,11,2,2026-09-01,Suffered a lower-body injury in practice leading up to the season and will be out for the remainder of 2026.,0,,,,,
texas-am,Texas A&M,active,Terry Bussey,OFS,WR,False,11.8,3,2026-09-21,Carted off the field after the opening kickoff with a right leg/knee injury. MRI results confirm a season-ending injury.,0,,,,,
texas-am,Texas A&M,active,Blake Ivy,O,OL,False,12.4,4,2026-10-07,Added as 'out' on the initial week six report. Starting left guard.,0,,,,,
texas-am,Texas A&M,cleared_history,Mario Craver,Cleared,WR,,14.6,0,2026-10-11,Cleared from the injury/status report on 10/11/2026,,,,,,
texas-am,Texas A&M,cleared_history,Tamarion Watkins,Cleared,LB,,13.5,4,2026-10-07,Cleared from the injury/status report on 10/07/2026,,,,,,
texas-am,Texas A&M,cleared_history,Mario Craver,Cleared,WR,,14.9,0,2026-10-04,Cleared from the injury/status report on 10/04/2026,,,,,,
texas-am,Texas A&M,cleared_history,Jamarion Morrow,Cleared,RB,,12.5,1,2026-10-02,Cleared from the injury/status report on 10/02/2026,,,,,,
texas-am,Texas A&M,cleared_history,Ashton Bethel-Roman,Cleared,WR,,11.6,0,2026-09-27,Cleared from the injury/status report on 09/27/2026,,,,,,
texas-am,Texas A&M,cleared_history,KJ Edwards,Cleared,RB,,14.2,2,2026-09-23,Cleared from the injury/status report on 09/23/2026,,,,,,
texas-am,Texas A&M,cleared_history,TK Norman,Cleared,WR,,10.6,0,2026-09-20,Cleared from the injury/status report on 09/20/2026,,,,,,
texas-am,Texas A&M,cleared_history,Anto Saka,Cleared,DE,,13.8,0,2026-09-20,Cleared from the injury/status report on 09/20/2026,,,,,,
texas-am,Texas A&M,cleared_history,Tawfiq Byard,Cleared,S,,14.3,1,2026-09-16,Cleared from the injury/status report on 09/16/2026,,,,,,
texas-am,Texas A&M,cleared_history,Daymion Sanford,Cleared,LB,,13.7,1,2026-09-16,Cleared from the injury/status report on 09/16/2026,,,,,,
texas-am,Texas A&M,cleared_history,Deyjhon Pettaway,Cleared,CB,,11.6,3,2026-09-16,Cleared from the injury/status report on 09/16/2026,,,,,,
texas-am,Texas A&M,cleared_history,Marcel Reed,Cleared,QB,,13.5,0,2026-09-16,Cleared from the injury/status report on 09/16/2026,,,,,,
texas-am,Texas A&M,cleared_history,Terry Bussey,Cleared,WR,,11.7,0,2026-08-06,Cleared from the injury/status report on 08/06/2026,,,,,,
texas-tech,Texas Tech,active,Thomas Castellanos,O,QB,False,,0,2026-10-02,Added to the Big 12 Injury report as out ahead of the week 5 game vs. Colorado. Leaving there until we get an update.,,,,,,
texas-tech,Texas Tech,active,Ashton Hampton,O,CB,False,14.1,4,2026-10-02,An undisclosed injury has kept him out so far in 2026. No timetable for return.,0,,,,,
texas-tech,Texas Tech,active,Elias Gillen,O,OL,False,10.1,0,2026-10-02,Listed 'out' ahead of week three against Houston. Remains there.,0,,,,,
texas-tech,Texas Tech,active,Adam Hill,O,LB,False,8.4,0,2026-10-02,Listed “out” on initial week five report. Not impacting the regular rotation.,0,,,,,
texas-tech,Texas Tech,active,Cameron Dickey,O,RB,True,14.1,5,2026-10-07,"Went down in-game week five and it turns out to be a high-ankle sprain. Not season-ending, but is likely to keep him out for a couple of weeks.",3,,,,,
texas-tech,Texas Tech,active,Brenden Jordan,D,S,True,14.9,3,2026-10-03,Injured in-game and appeared to be in quite a lot of pain. Tracking for updates...,44,,,,,
texas-tech,Texas Tech,active,Donte Lee Jr.,D,WR,True,13,3,2026-10-03,Hobbled off the field week five and the early reports are that they are unsure of the severity. Awaiting updates...,7,,,,,
texas-tech,Texas Tech,cleared_history,Miquel Dingle Jr.,Cleared,S,,9.1,0,2026-10-05,Cleared from the injury/status report on 10/05/2026,,,,,,
texas-tech,Texas Tech,cleared_history,Terrance Carter Jr.,Cleared,TE,,15.6,0,2026-10-04,Cleared from the injury/status report on 10/04/2026,,,,,,
texas-tech,Texas Tech,cleared_history,Cash Cleveland,Cleared,OL,,11.4,0,2026-10-03,Cleared from the injury/status report on 10/03/2026,,,,,,
texas-tech,Texas Tech,cleared_history,Howard Sampson,Cleared,OL,,14.1,0,2026-10-03,Cleared from the injury/status report on 10/03/2026,,,,,,
texas-tech,Texas Tech,cleared_history,Amier Boyd,Cleared,CB,,13.1,0,2026-10-03,Cleared from the injury/status report on 10/03/2026,,,,,,
texas-tech,Texas Tech,cleared_history,Austin Romaine,Cleared,LB,,15,0,2026-10-03,Cleared from the injury/status report on 10/03/2026,,,,,,
texas-tech,Texas Tech,cleared_history,Brice Pollock,Cleared,CB,,15,0,2026-10-03,Cleared from the injury/status report on 10/03/2026,,,,,,
texas-tech,Texas Tech,cleared_history,Oliver Miles III,Cleared,S,,11.3,0,2026-10-03,Cleared from the injury/status report on 10/03/2026,,,,,,
texas-tech,Texas Tech,cleared_history,Mikal Harrison-Pilot,Cleared,S,,11.4,0,2026-10-03,Cleared from the injury/status report on 10/03/2026,,,,,,
texas-tech,Texas Tech,cleared_history,Adam Trick,Cleared,OLB,,15.5,0,2026-10-02,Cleared from the injury/status report on 10/02/2026,,,,,,
texas-tech,Texas Tech,cleared_history,Howard Sampson,Cleared,OL,,14.1,0,2026-09-27,Cleared from the injury/status report on 09/27/2026,,,,,,
texas-tech,Texas Tech,cleared_history,Brenden Jordan,Cleared,S,,14.9,0,2026-09-19,Cleared from the injury/status report on 09/19/2026,,,,,,
texas-tech,Texas Tech,cleared_history,Kenny Johnson,Cleared,WR,,13.4,1,2026-09-19,Cleared from the injury/status report on 09/19/2026,,,,,,
texas-tech,Texas Tech,cleared_history,Terrance Carter Jr.,Cleared,TE,,15.5,1,2026-09-19,Cleared from the injury/status report on 09/19/2026,,,,,,
texas-tech,Texas Tech,cleared_history,Trey White,Cleared,OLB,,14.5,1,2026-09-19,Cleared from the injury/status report on 09/19/2026,,,,,,
texas-tech,Texas Tech,cleared_history,Kaegan Ash,Cleared,LB,,10.7,0,2026-09-15,Cleared from the injury/status report on 09/15/2026,,,,,,
texas-tech,Texas Tech,cleared_history,Kai Powell,Cleared,WR,,5.3,0,2026-09-15,Cleared from the injury/status report on 09/15/2026,,,,,,
texas-tech,Texas Tech,cleared_history,Jayden Cofield,Cleared,DL,,13.6,1,2026-09-15,Cleared from the injury/status report on 09/15/2026,,,,,,
texas-tech,Texas Tech,cleared_history,Quintaelyn Joyner,Cleared,WR,,5.3,0,2026-09-14,Cleared from the injury/status report on 09/14/2026,,,,,,
texas-tech,Texas Tech,cleared_history,LaDamion Guyton,Cleared,OLB,,12.2,0,2026-09-14,Cleared from the injury/status report on 09/14/2026,,,,,,
texas-tech,Texas Tech,cleared_history,Julien Laventure,Cleared,DL,,13.7,0,2026-09-05,Cleared from the injury/status report on 09/05/2026,,,,,,
texas-tech,Texas Tech,cleared_history,Will Hammond,Cleared,QB,,14.9,4,2026-09-05,Cleared from the injury/status report on 09/05/2026,,,,,,
texas-tech,Texas Tech,cleared_history,Quinten Joyner,Cleared,RB,,13.9,0,2026-08-06,Cleared from the injury/status report on 08/06/2026,,,,,,
toledo,Toledo,active,Trenton Jones,O,WR,False,8.2,0,2026-09-13,"On the MAC Injury report for week 2 as 'out' and no updates, so we'll leave there until we get week three report.",0,,,,,
toledo,Toledo,active,Kari Jackson,O,LB,False,10,2,2026-09-13,"On the MAC Injury report for week 2 as 'out' and no updates, so we'll leave there until we get week three report.",0,,,,,
toledo,Toledo,active,Emilio Duran,O,P,False,7.7,1,2026-09-13,"On the MAC Injury report for week 2 as 'out' and no updates, so we'll leave there until we get week three report.",0,,,,,
toledo,Toledo,active,Cam Gwinn,O,DT,False,8.7,1,2026-09-13,"On the MAC Injury report for week 2 as 'out' and no updates, so we'll leave there until we get week three report.",0,,,,,
toledo,Toledo,active,Stephen Gales,O,OL,,8.5,3,2026-09-13,"On the MAC Injury report for week 2 as 'out' and no updates, so we'll leave there until we get week three report.",0,,,,,
toledo,Toledo,active,Jonathan Harder,O,OL,False,11.2,3,2026-10-03,"Changed from Q to out on the October 3, 2026 MAC game-day availability report.",0,,,,,
toledo,Toledo,active,Corey Smith,O,RB,False,11.4,2,2026-09-19,"Injured week 2, out for week 3",0,,,,,
toledo,Toledo,active,Langston Long,O,DE,False,11.1,3,2026-10-03,"Listed out on the October 3, 2026 MAC game-day availability report.",0,,,,,
toledo,Toledo,active,Kaleb Hutchinson,O,S,False,11.4,3,2026-10-03,"Listed out on the October 3, 2026 MAC game-day availability report.",0,,,,,
toledo,Toledo,active,Dane Nauman,O,RB,False,5.9,1,2026-10-03,"Listed out on the October 3, 2026 MAC game-day availability report.",0,,,,,
toledo,Toledo,active,Zackery Samuel,O,DE,False,8.2,2,2026-10-10,Official report 2026-10-10: out.,0,,,,,
toledo,Toledo,active,Ibrahim Traore,Q,OL,False,11.7,1,2026-10-10,Official report 2026-10-10: questionable.,0,,,,,
toledo,Toledo,active,Tucker Kelleher,O,TE,False,8.6,0,2026-10-10,Official report 2026-10-10: out.,0,,,,,
toledo,Toledo,active,Jacob Newell,Q,TE,False,9.8,1,2026-10-10,Official report 2026-10-10: questionable.,4,,,,,
toledo,Toledo,cleared_history,Nick Thomas,Cleared,OL,,10.9,0,2026-10-10,Cleared from the injury/status report on 10/10/2026,,,,,,
toledo,Toledo,cleared_history,Luke Rector,Cleared,OL,,10.6,3,2026-10-10,Cleared from the injury/status report on 10/10/2026,,,,,,
toledo,Toledo,cleared_history,Tucker Kelleher,Cleared,TE,,8.6,0,2026-10-10,Cleared from the injury/status report on 10/10/2026,,,,,,
toledo,Toledo,cleared_history,Preston Dazey,Cleared,OL,,8.9,0,2026-10-10,Cleared from the injury/status report on 10/10/2026,,,,,,
toledo,Toledo,cleared_history,Zackery Samuel,Cleared,DE,,8.2,2,2026-10-10,Cleared from the injury/status report on 10/10/2026,,,,,,
toledo,Toledo,cleared_history,Brian Mahoney III,Cleared,OL,,5.3,0,2026-09-26,Cleared from the injury/status report on 09/26/2026,,,,,,
toledo,Toledo,cleared_history,Adjatay Dabbs,Cleared,WR,,12.5,1,2026-09-20,Cleared from the injury/status report on 09/20/2026,,,,,,
toledo,Toledo,cleared_history,Langston Long,Cleared,DE,,11.1,1,2026-09-19,Cleared from the injury/status report on 09/19/2026,,,,,,
toledo,Toledo,cleared_history,Autavius Ison,Cleared,RB,,9.4,0,2026-09-12,Cleared from the injury/status report on 09/12/2026,,,,,,
troy,Troy,active,Jackson Worley,OFS,TE,,10,3,2026-10-04,DNP vs. Utah State. Second straight DNP. Ruled out for the season.,0,,,,,
troy,Troy,active,Jermaine Paramore,OFS,DT,False,10.6,3,2026-10-04,"Injured on a play in the second quarter vs Alabama State. Listed ""out for season"" on week five report.",0,,,,,
troy,Troy,active,Joe Lott,OFS,S,False,11,3,2026-10-04,Injured on a play vs. Missouri. DNP vs. Utah State and then update to out for season on week five report.,0,,,,,
troy,Troy,active,Fabian Rogosch,Q,TE,False,5.6,0,2026-10-07,Injured on a play vs. Missouri week four. Updated to a game-time decision heading into Week 6 vs. Southern Miss. Was not able to go. Moving back to questionable going forward.,0,,,,,
troy,Troy,cleared_history,Howard Kinchen,Cleared,WR,,10.4,3,2026-09-20,Cleared from the injury/status report on 09/20/2026,,,,,,
tulane,Tulane,active,Jamauri McClure,Q,RB,,12.8,1,2026-10-10,"Official report 2026-10-10: questionable. Previous context: Injured his left foot early in summer camp and is utilizing a scooter. DNP week one, then rose to a game-time call pre-week two but also DNP. Remains out through week four.",5,,,,,
tulane,Tulane,active,Antwaun Parham,S,WR,False,9.3,0,2026-09-02,Arrested and charged with battery. Suspended indefinitely.,0,,,,,
tulane,Tulane,active,Elijah Baker,O,OG,False,9,3,2026-10-10,Official report 2026-10-10: out. Previous context: Undisclosed injury; sidelined since mid-August. No confirmed diagnosis or timetable.,0,,,,,
tulane,Tulane,active,Chris Rodgers,O,LB,False,10,3,2026-10-10,Official report 2026-10-10: out. Previous context: Left the week two game on the first defensive drive. He did not return to the game and was sporting a boot on the sidelines. Awaiting updates.,0,,,,,
tulane,Tulane,active,Maurice Turner,Q,RB,False,11.9,1,2026-10-10,Official report 2026-10-10: questionable.,0,,,,,
tulane,Tulane,active,Ty Thompson,O,TE,False,6.8,2,2026-10-10,Official report 2026-10-10: out.,0,,,,,
tulane,Tulane,active,Armani Cargo,O,CB,False,9.3,3,2026-10-10,Official report 2026-10-10: out.,0,,,,,
tulane,Tulane,active,Orion Saunders,O,CB,False,9.5,0,2026-10-10,Official report 2026-10-10: out.,0,,,,,
tulane,Tulane,active,Darion Reed,O,OT,False,9.9,3,2026-10-10,Official report 2026-10-10: out.,-6,,,,,
tulane,Tulane,active,KeyShaun Coleman,Q,WR,False,9.4,0,2026-10-10,Official report 2026-10-10: questionable.,0,,,,,
tulane,Tulane,active,Jackson Norwood,Q,DL,False,5.3,0,2026-10-10,Official report 2026-10-10: questionable.,0,,,,,
tulane,Tulane,cleared_history,Zycarl Lewis Jr.,Cleared,WR,,12.5,0,2026-10-11,Cleared from the injury/status report on 10/11/2026,,,,,,
tulane,Tulane,cleared_history,Dominic Steward,Cleared,OT,,9.5,1,2026-10-11,Cleared from the injury/status report on 10/11/2026,,,,,,
tulane,Tulane,cleared_history,John Bock II,Cleared,C,,10.2,0,2026-09-15,Cleared from the injury/status report on 09/15/2026,,,,,,
tulane,Tulane,cleared_history,Jamauri McClure,Cleared,RB,,13.3,0,2026-08-10,Cleared from the injury/status report on 08/10/2026,,,,,,
tulsa,Tulsa,active,Elijah Green,O,CB,False,14.3,2,2026-09-01,Announced 'out' for week one against OK State. Not a small loss as he's a critical part of their defense. Has not played since and no timetable given for return.,0,,,,,
tulsa,Tulsa,active,Grayson Tempest,Q,WR,,10.1,1,2026-10-10,Official report 2026-10-10: questionable. Previous context: Listed as 'out' on the game day report ahead of North Texas week five. Will keep that status until we get updated.,0,,,,,
tulsa,Tulsa,active,William Alexander,O,LB,,12.4,3,2026-10-01,Listed as 'out' on the game day report ahead of North Texas week five. Will keep that status until we get updated.,0,,,,,
tulsa,Tulsa,active,Elijah Wilson,O,LB,,8.4,0,2026-10-01,Listed as 'out' on the game day report ahead of North Texas week five. Will keep that status until we get updated.,0,,,,,
tulsa,Tulsa,active,Jimmy Calloway,Q,WR,False,11.3,1,2026-10-10,"Official report 2026-10-10: questionable. Previous context: Injured in week four of the game, his status for week five is 'unclear' heading into the North Texas game. Remained listed 'out' for week five on the short week. Leaving 'questionable' going forward.",0,,,,,
tulsa,Tulsa,active,Zach Williams,O,S,False,13.1,4,2026-10-10,Official report 2026-10-10: out.,0,,,,,
tulsa,Tulsa,active,C.J. Turner,O,LB,False,11.5,3,2026-10-10,Official report 2026-10-10: out.,0,,,,,
tulsa,Tulsa,active,Raymir Coney,O,LB,False,8.4,0,2026-10-10,Official report 2026-10-10: out.,0,,,,,
tulsa,Tulsa,active,Hunter Erb,O,OL,False,12.5,4,2026-10-10,Official report 2026-10-10: out.,0,,,,,
tulsa,Tulsa,cleared_history,Keynan Farley,Cleared,CB,,9.1,0,2026-10-10,Cleared from the injury/status report on 10/10/2026,,,,,,
tulsa,Tulsa,cleared_history,Baylor Hayes,Cleared,QB,,10.5,0,2026-10-02,Cleared from the injury/status report on 10/02/2026,,,,,,
tx-state,Texas State,active,Kaleb James,O,DL,False,10.4,2,2026-09-22,Undisclosed injury; has not played at all this season and remains listed on the reports. Leaving 'out' until that changes on our official reports.,0,,,,,
tx-state,Texas State,active,Christopher Jones,O,DB,False,11.6,3,2026-09-22,Undisclosed injury; has not played at all this season and remains listed on the reports. Leaving 'out' until that changes on our official reports.,0,,,,,
tx-state,Texas State,active,Blake Smith,O,TE,False,10.9,3,2026-09-30,Was down with an injury during week three and was tended to. Remains out through week five.,0,,,,,
tx-state,Texas State,active,Cole Snodgrass,O,TE,False,6.7,1,2026-09-30,Added as 'out' on the week five injury report.,0,,,,,
tx-state,Texas State,active,Ryan Nolan,O,DB,False,14.2,4,2026-09-30,Updated to Out week five against San Diego State. Primary contributor in the secondary.,0,,,,,
tx-state,Texas State,active,J.P. Deeter,Q,DL,True,11.1,1,2026-10-03,Banged up in first half of week five game. Walked off field on his own power but was limited. Tracking for week seven after the bye week.,17,,,,,
tx-state,Texas State,cleared_history,Zechariah Sample,Cleared,WR,,11.5,0,2026-10-04,Cleared from the injury/status report on 10/04/2026,,,,,,
tx-state,Texas State,cleared_history,Torrance Burgess Jr.,Cleared,RB,,13.5,0,2026-10-04,Cleared from the injury/status report on 10/04/2026,,,,,,
tx-state,Texas State,cleared_history,Bamidele Badusi,Cleared,OL,,11.5,0,2026-10-04,Cleared from the injury/status report on 10/04/2026,,,,,,
tx-state,Texas State,cleared_history,Jordan Martin,Cleared,WR,,10.6,0,2026-10-04,Cleared from the injury/status report on 10/04/2026,,,,,,
tx-state,Texas State,cleared_history,DonTerry Russell,Cleared,DL,,12.2,1,2026-10-04,Cleared from the injury/status report on 10/04/2026,,,,,,
tx-state,Texas State,cleared_history,Kylen Evans,Cleared,WR,,11.1,1,2026-10-04,Cleared from the injury/status report on 10/04/2026,,,,,,
tx-state,Texas State,cleared_history,Beau Sparks,Cleared,WR,,13.6,1,2026-10-04,Cleared from the injury/status report on 10/04/2026,,,,,,
tx-state,Texas State,cleared_history,Dameon Crowe,Cleared,WR,,10.1,1,2026-10-03,Cleared from the injury/status report on 10/03/2026,,,,,,
tx-state,Texas State,cleared_history,Terrence Cooks II,Cleared,LB,,13.1,1,2026-10-02,Cleared from the injury/status report on 10/02/2026,,,,,,
tx-state,Texas State,cleared_history,Beau Sparks,Cleared,WR,,13.5,0,2026-09-27,Cleared from the injury/status report on 09/27/2026,,,,,,
tx-state,Texas State,cleared_history,Zechariah Sample,Cleared,WR,,11.4,0,2026-09-27,Cleared from the injury/status report on 09/27/2026,,,,,,
tx-state,Texas State,cleared_history,Jacob Bonilla,Cleared,K,,8.9,0,2026-09-23,Cleared from the injury/status report on 09/23/2026,,,,,,
tx-state,Texas State,cleared_history,Beau Sparks,Cleared,WR,,13.4,0,2026-09-20,Cleared from the injury/status report on 09/20/2026,,,,,,
tx-state,Texas State,cleared_history,Zechariah Sample,Cleared,WR,,10.1,0,2026-09-20,Cleared from the injury/status report on 09/20/2026,,,,,,
tx-state,Texas State,cleared_history,Chris Dawn Jr.,Cleared,WR,,13.7,1,2026-09-16,Cleared from the injury/status report on 09/16/2026,,,,,,
tx-state,Texas State,cleared_history,Bamidele Badusi,Cleared,OL,,10.8,1,2026-09-16,Cleared from the injury/status report on 09/16/2026,,,,,,
tx-state,Texas State,cleared_history,Jo'Laison Landry,Cleared,DL,,13.7,1,2026-09-16,Cleared from the injury/status report on 09/16/2026,,,,,,
uab,UAB,active,Jaylen Elder,O,WR,False,9.9,3,2026-10-10,Official report 2026-10-10: out. Previous context: Sustained an injury in spring practice and there is no timetable for his return. Remains out through week four.,0,,,,,
uab,UAB,active,Antonio Ferguson,O,TE,False,9.8,3,2026-10-10,"Official report 2026-10-10: out. Previous context: Picked up a DNP week five against Samford. We don't have news beyond his not playing, so we'll leave him as 'questionable' going forward.",0,,,,,
uab,UAB,active,Kaleb Brown,Q,WR,False,12,1,2026-10-10,Official report 2026-10-10: questionable.,8,,,,,
uab,UAB,active,Nigel Tate,O,DT,False,9.3,0,2026-10-10,Official report 2026-10-10: out.,0,,,,,
uab,UAB,active,Colby Archie,O,LB,False,8.1,2,2026-10-10,Official report 2026-10-10: out.,0,,,,,
uab,UAB,cleared_history,Que Billingsley,Cleared,DB,,11.7,0,2026-10-10,Cleared from the injury/status report on 10/10/2026,,,,,,
uab,UAB,cleared_history,Payton Kirkland,Cleared,OL,,10,1,2026-10-04,Cleared from the injury/status report on 10/04/2026,,,,,,
uab,UAB,cleared_history,Kaleb Brown,Cleared,WR,,12.3,0,2026-09-25,Cleared from the injury/status report on 09/25/2026,,,,,,
uab,UAB,cleared_history,Rod Robinson II,Cleared,RB,,12.5,0,2026-09-04,Cleared from the injury/status report on 09/04/2026,,,,,,
uab,UAB,cleared_history,Kaleb Brown,Cleared,WR,,12.5,0,2026-08-16,Cleared from the injury/status report on 08/16/2026,,,,,,
ucf,UCF,active,Dante Carr,O,QB,False,10,0,2026-09-30,Listed 'out' on the week four initial availability report ahead of the TCU game. Remains 'out' on the report.,0,,,,,
ucf,UCF,active,Lewis Carter,O,LB,False,14.7,4,2026-09-30,Listed 'out' on the week four initial availability report ahead of the TCU game. Remains 'out' on the report.,0,,,,,
ucf,UCF,active,Trenton Turner,O,DT,False,10.1,2,2026-09-30,Listed 'out' on the week four initial availability report ahead of the TCU game. Remains 'out' on the report.,0,,,,,
ucf,UCF,active,Owen Spell,O,OL,False,10.5,3,2026-09-30,Listed 'out' on the week four initial availability report ahead of the TCU game. Remains 'out' on the report.,0,,,,,
ucf,UCF,active,Alonza Barnett III,O,QB,False,12.7,4,2026-10-07,"Injured in-game week two against Pitt and the update is that he'll miss multiple weeks with a hamstring issue. Making some progress but remains out until after the bye, returning week eight.",0,,,,,
ucf,UCF,active,Jacob Maiava,O,OL,False,13.2,4,2026-10-07,"Helped off the field with a hip injury in-game week five. Was considered day-to-day, but is out week six.",0,,,,,
ucf,UCF,active,Caleb Rollerson,O,WR,False,9.4,3,2026-10-07,Listed 'out' on the initial week six report.,0,,,,,
ucf,UCF,active,Bruno Dall,O,EDGE,False,13.6,4,2026-10-07,Listed 'out' on the initial week six report.,0,,,,,
ucf,UCF,active,Duane Thomas Jr.,GTD,WR,,12.5,0,2026-10-10,Official report 2026-10-10: game time decision. Previous context: Official report 2026-10-09: doubtful. Previous context: Has been banged up this season and did not play week two against Pitt after being considered 'questionable.' Making some progress after an extended absense and could make it back week six.,0,,,,,
ucf,UCF,active,Tyler Gibson,O,OL,False,10.1,3,2026-10-08,Official report 2026-10-08: out. Previous context: Added as 'questionable' for week six on the initial report ahead of OK State. Depth offensive lineman.,0,,,,,
ucf,UCF,cleared_history,Dylan Burk,Cleared,TE,,6.7,0,2026-10-10,Cleared from the injury/status report on 10/10/2026,,,,,,
ucf,UCF,cleared_history,Jayden Jennings,Cleared,LB,,12.7,1,2026-10-10,Cleared from the injury/status report on 10/10/2026,,,,,,
ucf,UCF,cleared_history,Jahleel Culbreath,Cleared,LB,,11.8,0,2026-10-10,Cleared from the injury/status report on 10/10/2026,,,,,,
ucf,UCF,cleared_history,Keyone Jenkins,Cleared,QB,,11.9,0,2026-10-10,Cleared from the injury/status report on 10/10/2026,,,,,,
ucf,UCF,cleared_history,Dylan Wade,Cleared,TE,,11.5,0,2026-10-10,Cleared from the injury/status report on 10/10/2026,,,,,,
ucf,UCF,cleared_history,Jonathan Bibbs,Cleared,WR,,12.4,0,2026-10-10,Cleared from the injury/status report on 10/10/2026,,,,,,
ucf,UCF,cleared_history,Josh Derry,Cleared,WR,,13.4,0,2026-10-10,Cleared from the injury/status report on 10/10/2026,,,,,,
ucf,UCF,cleared_history,"Antonio ""TJ"" Branch Jr.",Cleared,DB,,10,3,2026-10-10,Cleared from the injury/status report on 10/10/2026,,,,,,
ucf,UCF,cleared_history,Dylan Wade,Cleared,TE,,11.5,2,2026-10-04,Cleared from the injury/status report on 10/04/2026,,,,,,
ucf,UCF,cleared_history,Jayden Jennings,Cleared,LB,,13,0,2026-10-03,Cleared from the injury/status report on 10/03/2026,,,,,,
ucf,UCF,cleared_history,Keyone Jenkins,Cleared,QB,,12,0,2026-10-03,Cleared from the injury/status report on 10/03/2026,,,,,,
ucf,UCF,cleared_history,Jonathan Bibbs,Cleared,WR,,12.4,0,2026-10-03,Cleared from the injury/status report on 10/03/2026,,,,,,
ucf,UCF,cleared_history,Jayden Bellamy,Cleared,DB,,14.8,0,2026-10-03,Cleared from the injury/status report on 10/03/2026,,,,,,
ucf,UCF,cleared_history,Alhassan Iddrissu,Cleared,EDGE,,9,0,2026-10-01,Cleared from the injury/status report on 10/01/2026,,,,,,
ucf,UCF,cleared_history,Zack Palmer,Cleared,WR,,5.3,1,2026-10-01,Cleared from the injury/status report on 10/01/2026,,,,,,
ucf,UCF,cleared_history,Cooper Terpstra,Cleared,OL,,12.5,0,2026-09-26,Cleared from the injury/status report on 09/26/2026,,,,,,
ucf,UCF,cleared_history,Jayden Jennings,Cleared,LB,,13,0,2026-09-26,Cleared from the injury/status report on 09/26/2026,,,,,,
ucf,UCF,cleared_history,Keyone Jenkins,Cleared,QB,,11.8,0,2026-09-26,Cleared from the injury/status report on 09/26/2026,,,,,,
ucf,UCF,cleared_history,Jayden Bellamy,Cleared,DB,,14.7,0,2026-09-26,Cleared from the injury/status report on 09/26/2026,,,,,,
ucf,UCF,cleared_history,Kahmel Johnson,Cleared,DB,,9.3,0,2026-09-26,Cleared from the injury/status report on 09/26/2026,,,,,,
ucf,UCF,cleared_history,Dylan Wade,Cleared,TE,,11.4,0,2026-09-25,Cleared from the injury/status report on 09/25/2026,,,,,,
ucf,UCF,cleared_history,Bruno Dall,Cleared,EDGE,,13.6,0,2026-09-24,Cleared from the injury/status report on 09/24/2026,,,,,,
ucf,UCF,cleared_history,Rj Jackson Jr.,Cleared,DT,,12.6,1,2026-09-20,Cleared from the injury/status report on 09/20/2026,,,,,,
ucf,UCF,cleared_history,Preston Cushman,Cleared,OL,,12.2,0,2026-09-14,Cleared from the injury/status report on 09/14/2026,,,,,,
ucf,UCF,cleared_history,Horace Lockett,Cleared,DT,,14.6,0,2026-09-04,Cleared from the injury/status report on 09/04/2026,,,,,,
ucf,UCF,cleared_history,Alonza Barnett III,Cleared,QB,,13.1,0,2026-09-04,Cleared from the injury/status report on 09/04/2026,,,,,,
ucla,UCLA,active,Mikey Matthews,OFS,WR,False,12.2,3,2026-09-21,Sustained a leg injury during a punt return early on in week two. Was carted off the field and did not return. Officially announced 'out for the season' ahead of week four.,0,,,,,
ucla,UCLA,active,Jonah Smith,O,WR,,9.7,0,2026-09-16,Had an injury during summer camp and has yet to see the field.,0,,,,,
ucla,UCLA,active,Sam Yoon,O,OL,False,11.3,2,2026-09-23,Listed 'out' on the initial week three availability report ahead of the Purdue game. Remains listed 'out' on the availability reports.,0,,,,,
ucla,UCLA,active,Ashton Sanders,O,DL,False,11.7,3,2026-10-10,Official report 2026-10-10: out. Previous context: Added as 'doubtful' on the initial week six availability report.,0,,,,,
ucla,UCLA,active,Nico Iamaleava,D,QB,True,14.1,3,2026-10-10,Iamaleava suffered a leg injury late in the first half of Saturday’s win at Oregon and did not play after halftime. Coach Bob Chesney said the injury may be more than a thigh bruise and that further evaluation is underway.,21,,,,,
ucla,UCLA,cleared_history,Tao Johnson,Cleared,DB,,14.2,0,2026-10-10,Cleared from the injury/status report on 10/10/2026,,,,,,
ucla,UCLA,cleared_history,Mack Indestad,Cleared,OL,,10.8,1,2026-10-07,Cleared from the injury/status report on 10/07/2026,,,,,,
ucla,UCLA,cleared_history,Jamier Johnson,Cleared,DB,,12.4,3,2026-10-07,Cleared from the injury/status report on 10/07/2026,,,,,,
ucla,UCLA,cleared_history,Joshua Dixon,Cleared,DB,,5,0,2026-10-07,Cleared from the injury/status report on 10/07/2026,,,,,,
ucla,UCLA,cleared_history,Jhase McMillan,Cleared,DB,,10.9,0,2026-09-27,Cleared from the injury/status report on 09/27/2026,,,,,,
ucla,UCLA,cleared_history,Josh Phifer,Cleared,TE,,11.4,0,2026-09-27,Cleared from the injury/status report on 09/27/2026,,,,,,
ucla,UCLA,cleared_history,Aidan Mizell,Cleared,WR,,13.2,0,2026-09-27,Cleared from the injury/status report on 09/27/2026,,,,,,
ucla,UCLA,cleared_history,Nico Iamaleava,Cleared,QB,,14.7,0,2026-09-24,Cleared from the injury/status report on 09/24/2026,,,,,,
ucla,UCLA,cleared_history,Ryan McCulloch,Cleared,OLB,,14.1,0,2026-09-20,Cleared from the injury/status report on 09/20/2026,,,,,,
ucla,UCLA,cleared_history,Ty Dieffenbach,Cleared,QB,,9.6,0,2026-09-16,Cleared from the injury/status report on 09/16/2026,,,,,,
ucla,UCLA,cleared_history,Landon Ellis,Cleared,WR,,12.3,1,2026-09-16,Cleared from the injury/status report on 09/16/2026,,,,,,
ucla,UCLA,cleared_history,Brian Rowe Jr.,Cleared,WR,,12.1,0,2026-09-16,Cleared from the injury/status report on 09/16/2026,,,,,,
ucla,UCLA,cleared_history,Anthony Woods,Cleared,RB,,12.5,0,2026-09-14,Cleared from the injury/status report on 09/14/2026,,,,,,
ucla,UCLA,cleared_history,Nico Iamaleava,Cleared,QB,,14.5,0,2026-09-14,Cleared from the injury/status report on 09/14/2026,,,,,,
ucla,UCLA,cleared_history,Aidan Mizell,Cleared,WR,,13.1,0,2026-09-06,Cleared from the injury/status report on 09/06/2026,,,,,,
ucla,UCLA,cleared_history,Riley Robell,Cleared,OL,,12.2,1,2026-09-06,Cleared from the injury/status report on 09/06/2026,,,,,,
ucla,UCLA,cleared_history,Karson Gordon,Cleared,WR,,10.2,0,2026-08-10,Cleared from the injury/status report on 08/10/2026,,,,,,
ucla,UCLA,cleared_history,Wayne Knight,Cleared,RB,,14.4,0,2026-08-10,Cleared from the injury/status report on 08/10/2026,,,,,,
uconn,Connecticut,active,Jake Merklinger,O,QB,False,13.5,0,2026-09-15,"Backup quarterback was injured and expected to miss a few games into the season. Awaiting any updates on his injury status, but leaving 'out' until we hear more.",0,,,,,
uconn,Connecticut,active,Javon Brown,D,WR,False,12.3,2,2026-10-06,Injured in-game week five and did not return. The team reacted with immediate concern. He was released from the hospital after evaluation. He's in concussion protocol ahead of week six.,0,,,,,
uconn,Connecticut,active,"Ky ""Flash"" Wilson",P,WR,False,11.9,0,2026-10-04,"Took a big hit in the week five game against Syracuse and needed to leave the game. He did return and made an impact, but still tracking in case anything lingers or pops up during the week.",17,,,,,
uconn,Connecticut,active,Kenji Christian,Q,RB,False,13.2,1,2026-10-04,Picked up a DNP week five due to a hamstring injury. Will try to make it back for week six against Temple.,1,,,,,
uconn,Connecticut,cleared_history,"Ky ""Flash"" Wilson",Cleared,WR,,11.7,0,2026-10-04,Cleared from the injury/status report on 10/04/2026,,,,,,
uga,Georgia,active,Amaris Williams,OFS,OLB,False,12.2,0,2026-05-15,Torn ACL in late spring practices and will miss the 2026 season.,0,,,,,
uga,Georgia,active,Dante Dowdell,OFS,RB,,14.3,2,2026-07-21,Sustained an undisclosed injury in an ATV accident in late July. Still not with team as camp opens. Will not play in 2026.,0,,,,,
uga,Georgia,active,Tyriq Green,O,S,False,11.5,3,2026-09-27,Leg was rolled up on in the fourth quarter on a special teams play. He could not put weight on it. DNP beginning week three and no timetable for return.,0,,,,,
uga,Georgia,active,Marcus Harrison,O,OL,False,12.3,3,2026-09-27,Missed week three with an injury and listed 'out' on the initial report for week four as well. No timetable for return.,0,,,,,
uga,Georgia,active,Thomas Blackshear,O,WR,False,11,3,2026-10-07,Injured in-game week five and forced to leave the game. Appeared to be a shoulder injury and he did not return. Will be out for week six against Alabama.,0,,,,,
uga,Georgia,active,Chauncey Bowens,O,RB,False,14.4,4,2026-10-07,Banged up a bit in week five and was held back in the second half. Turns out it was bad enough that he will miss the Alabama game week six.,0,,,,,
uga,Georgia,active,Isiah Canion,O,WR,False,12.7,4,2026-10-09,Official report 2026-10-09: out. Previous context: Injured in-game week three. Avoided structural damage and could have returned to the game. DNP week four or five. Back to 'questionable' on week six initial report.,0,,,,,
uga,Georgia,active,Nate Frazier,Q,RB,False,16.8,1,2026-10-03,"Frazier was removed from the SEC injury report earlier in the week, but experienced a setback or coach's scratch shortly before kickoff and was declared Inactive/Out. He recorded zero snaps / zero carries against Alabama",0,,,,,
uga,Georgia,active,Darren Ikinnagbon,O,OLB,True,12.4,4,2026-10-10,Has a foot injury as he was seen in a walking boot during the week and did not travel to Tuscaloosa for week six.,0,,,,,
uga,Georgia,cleared_history,Nate Frazier,Cleared,RB,,16.8,1,2026-10-04,Cleared from the injury/status report on 10/04/2026,,,,,,
uga,Georgia,cleared_history,Chase Linton,Cleared,OLB,,11.9,0,2026-10-03,Cleared from the injury/status report on 10/03/2026,,,,,,
uga,Georgia,cleared_history,Justice Fitzpatrick,Cleared,DB,,13.1,0,2026-09-26,Cleared from the injury/status report on 09/26/2026,,,,,,
uga,Georgia,cleared_history,Thomas Blackshear,Cleared,WR,,11.3,1,2026-09-16,Cleared from the injury/status report on 09/16/2026,,,,,,
uga,Georgia,cleared_history,Jontae Gilbert,Cleared,DB,,12.5,0,2026-09-13,Cleared from the injury/status report on 09/13/2026,,,,,,
uga,Georgia,cleared_history,Jordan Hall,Cleared,DL,,12,0,2026-09-04,Cleared from the injury/status report on 09/04/2026,,,,,,
uga,Georgia,cleared_history,Ellis Robinson IV,Cleared,DB,,13.8,0,2026-09-04,Cleared from the injury/status report on 09/04/2026,,,,,,
uga,Georgia,cleared_history,Kyron Jones,Cleared,DB,,13.3,0,2026-09-04,Cleared from the injury/status report on 09/04/2026,,,,,,
uga,Georgia,cleared_history,Gabe Harris Jr.,Cleared,OLB,,13.1,0,2026-09-04,Cleared from the injury/status report on 09/04/2026,,,,,,
uga,Georgia,cleared_history,Nate Frazier,Cleared,RB,,16.8,0,2026-08-08,Cleared from the injury/status report on 08/08/2026,,,,,,
ulm,Louisiana-Monroe,active,Roscoe Tucker,O,OL,False,6.3,2,2026-10-05,DNP vs. South Alabama in Week 5.,0,,,,,
ulm,Louisiana-Monroe,active,Derrick Jameson,O,RB,False,8.9,2,2026-10-05,Downgraded to out on the week five report. DNP vs. South Alabama in Week 5.,0,,,,,
ulm,Louisiana-Monroe,active,Jaydon Wright,O,RB,False,8.9,2,2026-10-05,Downgraded to out on the week five report. DNP vs. South Alabama in Week 5.,0,,,,,
ulm,Louisiana-Monroe,active,Max Larson,O,K,False,11.3,0,2026-10-05,Changed to a game time decision but did not play vs. South Alabama.,0,,,,,
ulm,Louisiana-Monroe,active,Derek Omoregie,O,DE,,8.3,2,2026-10-05,DNP vs. South Alabama in Week 5.,0,,,,,
ulm,Louisiana-Monroe,active,James Smith,O,DL,,10.9,3,2026-10-05,DNP vs. South Alabama in Week 5.,8,,,,,
ulm,Louisiana-Monroe,cleared_history,Zyan Tremont,Cleared,DL,,10.7,2,2026-10-04,Cleared from the injury/status report on 10/04/2026,,,,,,
ulm,Louisiana-Monroe,cleared_history,James Smith,Cleared,DL,,11,0,2026-10-04,Cleared from the injury/status report on 10/04/2026,,,,,,
ulm,Louisiana-Monroe,cleared_history,Derek Omoregie,Cleared,DE,,8.3,1,2026-10-03,Cleared from the injury/status report on 10/03/2026,,,,,,
ulm,Louisiana-Monroe,cleared_history,David Applewhite,Cleared,OL,,11.8,1,2026-10-03,Cleared from the injury/status report on 10/03/2026,,,,,,
ulm,Louisiana-Monroe,cleared_history,Carl Fauntroy,Cleared,S,,10.7,1,2026-10-03,Cleared from the injury/status report on 10/03/2026,,,,,,
ulm,Louisiana-Monroe,cleared_history,Kelbee Holmes,Cleared,LB,,10.7,1,2026-10-03,Cleared from the injury/status report on 10/03/2026,,,,,,
ulm,Louisiana-Monroe,cleared_history,Marvin Hall,Cleared,DE,,5.9,1,2026-10-03,Cleared from the injury/status report on 10/03/2026,,,,,,
ulm,Louisiana-Monroe,cleared_history,Jay Harper,Cleared,DB,,10.7,1,2026-10-03,Cleared from the injury/status report on 10/03/2026,,,,,,
ulm,Louisiana-Monroe,cleared_history,Taijh Overton,Cleared,S,,9.7,2,2026-10-03,Cleared from the injury/status report on 10/03/2026,,,,,,
ulm,Louisiana-Monroe,cleared_history,Marcus Ross,Cleared,LB,,13,1,2026-10-02,Cleared from the injury/status report on 10/02/2026,,,,,,
ulm,Louisiana-Monroe,cleared_history,Aidan Armenta,Cleared,QB,,11.5,1,2026-09-20,Cleared from the injury/status report on 09/20/2026,,,,,,
umass,Massachusetts,active,Zachary Betts,O,DL,False,12.3,3,2026-09-19,"Listed as ""out"" for week 3",0,,,,,
umass,Massachusetts,active,Greg Klingensmith,O,OL,False,10.2,0,2026-09-19,"Listed as ""out"" for week 3",0,,,,,
umass,Massachusetts,active,Jordan Washington,OFS,RB,False,11.2,3,2026-10-10,"Update 2026-10-10: His absence extends through the rest of the season. The reported issue is: undisclosed issue. Previous context: Listed out on the October 3, 2026 MAC game-day availability report.",0,,,,,
umass,Massachusetts,active,William DePaepe,O,DL,False,11.4,3,2026-10-03,"Listed out on the October 3, 2026 MAC game-day availability report.",0,,,,,
umass,Massachusetts,active,"William ""Pop"" Watson III",O,QB,False,14.5,4,2026-10-10,Reported out vs. Miami (OH) on 2026-10-10 with an ankle injury; Aedan McCarthy is expected to start. Earlier update described a foot injury.,0,,,,,
umass,Massachusetts,active,Joseph Griffin Jr.,O,WR,False,12,4,2026-10-10,Official report 2026-10-10: out.,0,,,,,
umass,Massachusetts,active,Joshua Nobles,Q,DL,False,13,1,2026-10-10,Official report 2026-10-10: questionable.,0,,,,,
umass,Massachusetts,active,Dallas Elliott,O,WR,False,9.3,3,2026-10-10,Official report 2026-10-10: out.,0,,,,,
umass,Massachusetts,active,Zeraun Daniel,Q,S,False,11.9,1,2026-10-10,Official report 2026-10-10: questionable.,58,,,,,
umass,Massachusetts,cleared_history,Kamarion Thomas,Cleared,DL,,13.2,4,2026-10-10,Cleared from the injury/status report on 10/10/2026,,,,,,
umass,Massachusetts,cleared_history,Tj Magee,Cleared,CB,,12.2,3,2026-10-10,Cleared from the injury/status report on 10/10/2026,,,,,,
umass,Massachusetts,cleared_history,Zeraun Daniel,Cleared,S,,12.1,1,2026-10-04,Cleared from the injury/status report on 10/04/2026,,,,,,
umass,Massachusetts,cleared_history,Joseph Griffin Jr.,Cleared,WR,,12,1,2026-10-04,Cleared from the injury/status report on 10/04/2026,,,,,,
umass,Massachusetts,cleared_history,Justin Krueger,Cleared,DL,,11.5,3,2026-10-04,Cleared from the injury/status report on 10/04/2026,,,,,,
umass,Massachusetts,cleared_history,Justin Williams-Thomas,Cleared,RB,,11.8,3,2026-10-04,Cleared from the injury/status report on 10/04/2026,,,,,,
umass,Massachusetts,cleared_history,Jordan Washington,Cleared,RB,,10.7,0,2026-09-19,Cleared from the injury/status report on 09/19/2026,,,,,,
umass,Massachusetts,cleared_history,Kamarion Thomas,Cleared,DL,,8.8,0,2026-09-12,Cleared from the injury/status report on 09/12/2026,,,,,,
umass,Massachusetts,cleared_history,Michael Robinson,Cleared,STAR,,6.9,2,2026-09-12,Cleared from the injury/status report on 09/12/2026,,,,,,
unc,North Carolina,active,Keeyun Chapman,S,WR,False,11.5,0,2026-09-20,"Suspended indefinitely prior to the week 3 game vs. Clemson. UNC announced Chapman's suspension stems from his ""connection with an incident Tuesday night.""",0,,,,,
unc,North Carolina,active,Jakob Weatherspoon,O,DB,False,12.4,4,2026-10-08,Official report 2026-10-08: out. Previous context: Added to the injury report with an undisclosed injury for Week 6 vs. Pitt.,0,,,,,
unc,North Carolina,active,Viliami Moala,O,DL,False,10,0,2026-10-07,Undisclosed injury. DNP vs. Notre Dame. Remains out Week 6 vs. Pitt,0,,,,,
unc,North Carolina,active,Jordan Washington,O,TE,,9.2,3,2026-10-07,Undisclosed injury. DNP vs. Notre Dame. Remains out Week 6 vs. Pitt,0,,,,,
unc,North Carolina,active,Vodney Cleveland,O,DL,False,11,0,2026-10-07,Undisclosed injury. DNP vs. Notre Dame. Remains out Week 6 vs. Pitt,0,,,,,
unc,North Carolina,active,Jaylen Harvey,O,DL,False,12.6,4,2026-10-10,Official report 2026-10-10: out. Previous context: Official report 2026-10-09: doubtful. Previous context: Added to the injury report with an undisclosed injury for Week 6 vs. Pitt.,0,,,,,
unc,North Carolina,active,Jonah Rodriguez,O,OL,False,9.2,0,2026-10-09,Official report 2026-10-09: out. Previous context: Undisclosed injury. DNP vs. Notre Dame. Remains out Week 6 vs. Pitt,0,,,,,
unc,North Carolina,active,Jordan Hall,O,OL,False,11.1,3,2026-10-10,Official report 2026-10-10: out. Previous context: Official report 2026-10-09: doubtful. Previous context: Undisclosed injury. DNP vs. Notre Dame. Remains out Week 6 vs. Pitt,0,,,,,
unc,North Carolina,active,Dream Rashad,O,TE,False,8.2,0,2026-10-10,Official report 2026-10-10: out. Previous context: Official report 2026-10-09: doubtful. Previous context: Added to the injury report with an undisclosed injury for Week 6 vs. Pitt.,0,,,,,
unc,North Carolina,active,Jimmy-Phrisco Alo-Suliafu,O,DL,False,9.8,0,2026-10-09,Official report 2026-10-09: out. Previous context: Undisclosed injury. DNP vs. Notre Dame. Remains out Week 6 vs. Pitt,0,,,,,
unc,North Carolina,active,Isaiah Johnson,GTD,DL,False,13.3,0,2026-10-10,Official report 2026-10-10: game time decision. Previous context: Added to the injury report with an undisclosed injury for Week 6 vs. Pitt.,0,,,,,
unc,North Carolina,cleared_history,Donovan Hoilette Jr.,Cleared,DL,,12.4,0,2026-10-11,Cleared from the injury/status report on 10/11/2026,,,,,,
unc,North Carolina,cleared_history,Leroy Jackson,Cleared,DL,,14.2,2,2026-10-10,Cleared from the injury/status report on 10/10/2026,,,,,,
unc,North Carolina,cleared_history,Peyton Waters,Cleared,DB,,11.4,0,2026-10-10,Cleared from the injury/status report on 10/10/2026,,,,,,
unc,North Carolina,cleared_history,Jordan Shipp,Cleared,WR,,14.5,2,2026-10-10,Cleared from the injury/status report on 10/10/2026,,,,,,
unc,North Carolina,cleared_history,Ade Willie,Cleared,DB,,10.6,0,2026-10-10,Cleared from the injury/status report on 10/10/2026,,,,,,
unc,North Carolina,cleared_history,Xavier Jackson,Cleared,DB,,9.8,1,2026-10-10,Cleared from the injury/status report on 10/10/2026,,,,,,
unc,North Carolina,cleared_history,Isaiah Johnson,Cleared,DL,,13.4,1,2026-10-07,Cleared from the injury/status report on 10/07/2026,,,,,,
unc,North Carolina,cleared_history,Rece Verhoff,Cleared,K,,15.1,0,2026-10-07,Cleared from the injury/status report on 10/07/2026,,,,,,
unc,North Carolina,cleared_history,Carnell Warren,Cleared,WR,,10.5,0,2026-10-07,Cleared from the injury/status report on 10/07/2026,,,,,,
unc,North Carolina,cleared_history,Jordan Avinger,Cleared,LB,,9.1,0,2026-10-07,Cleared from the injury/status report on 10/07/2026,,,,,,
unc,North Carolina,cleared_history,C.J. Sadler,Cleared,WR,,11.6,3,2026-10-04,Cleared from the injury/status report on 10/04/2026,,,,,,
unc,North Carolina,cleared_history,Melkart Abou Jaoude,Cleared,DL,,14.2,4,2026-10-04,Cleared from the injury/status report on 10/04/2026,,,,,,
unc,North Carolina,cleared_history,Rece Verhoff,Cleared,K,,15.1,0,2026-09-18,Cleared from the injury/status report on 09/18/2026,,,,,,
unc,North Carolina,cleared_history,Reggie Love II,Cleared,DB,,7.5,0,2026-09-14,Cleared from the injury/status report on 09/14/2026,,,,,,
unc,North Carolina,cleared_history,Melkart Abou Jaoude,Cleared,DL,,14.2,1,2026-09-02,Cleared from the injury/status report on 09/02/2026,,,,,,
unc,North Carolina,cleared_history,Billy Edwards Jr.,Cleared,QB,,14.3,0,2026-08-21,Cleared from the injury/status report on 08/21/2026,,,,,,
unc,North Carolina,cleared_history,Jaxxon Warren,Cleared,TE,,10.4,,2026-09-18,Cleared from the injury/status report on 09/18/2026,,,,,,
unlv,UNLV,active,Cj Besser,OFS,DL,False,5.3,0,2026-09-03,Ruled out for the season on Week 1 initial availability report.,0,,,,,
unlv,UNLV,active,Tevita Tausinga,OFS,OL,False,8.2,0,2026-09-03,Ruled out for the season on Week 1 initial availability report.,0,,,,,
unlv,UNLV,active,Cole Albrecht,OFS,OLB,False,8.6,0,2026-10-08,Official report 2026-10-08: season ending. Game 2026-10-10.,0,,,,,
unlv,UNLV,active,Austin Boyd,O,OL,False,12,2,2026-09-03,Confirmed Out for Week 1 vs. Hawaiʻi following leg/ankle injury sustained in 4th quarter against Memphis. DNP week four after the bye so this may be an extended absense.,0,,,,,
unlv,UNLV,active,Cohen Fuller,Q,,False,10.3,0,2026-09-03,Awaiting NCAA eligibility decision. Not playing until cleared.,0,,,,,
unlv,UNLV,active,DeAngelo Irvin Jr.,O,WR,False,9.8,3,2026-10-03,Was absent from the week four game due to an undisclosed issue. Leaving 'questionable' going forward until we get an official report. Ruled out pre-game.,0,,,,,
unlv,UNLV,active,Quandarius Keyes,O,DB,False,12.7,4,2026-10-10,Official report 2026-10-10: out. Game 2026-10-10.,0,,,,,
unlv,UNLV,active,Landyn Cleveland,O,S,False,10.8,3,2026-10-10,Official report 2026-10-10: out. Game 2026-10-10.,0,,,,,
unlv,UNLV,active,Tavian McNair,Q,WR,False,10.4,1,2026-10-10,Official report 2026-10-10: questionable. Game 2026-10-10.,2,,,,,
unlv,UNLV,active,Troy Stellato,Q,WR,False,11.4,1,2026-10-10,Official report 2026-10-10: questionable. Game 2026-10-10.,9,,,,,
unlv,UNLV,active,Skylar Vann,Q,RB,False,9,1,2026-10-10,Official report 2026-10-10: questionable. Game 2026-10-10.,0,,,,,
unlv,UNLV,active,Avery Helm,Q,DB,False,11.9,1,2026-10-10,Official report 2026-10-10: questionable. Game 2026-10-10.,1,,,,,
unlv,UNLV,active,Bj Tolo,Q,OL,False,11.5,1,2026-10-10,Official report 2026-10-10: questionable. Game 2026-10-10.,0,,,,,
unlv,UNLV,active,Peyton Zachary,Q,WR,False,10.3,1,2026-10-10,Official report 2026-10-10: questionable. Game 2026-10-10.,0,,,,,
unlv,UNLV,cleared_history,Jaylon Glover,Cleared,RB,,12.7,1,2026-10-10,Cleared from the injury/status report on 10/10/2026,,,,,,
unlv,UNLV,cleared_history,Kayden McGee,Cleared,WR,,11.9,0,2026-10-04,Cleared from the injury/status report on 10/04/2026,,,,,,
unlv,UNLV,cleared_history,Poe Purcell,Cleared,DL,,11.3,2,2026-10-04,Cleared from the injury/status report on 10/04/2026,,,,,,
unlv,UNLV,cleared_history,Landen Thomas,Cleared,DL,,11.7,0,2026-09-27,Cleared from the injury/status report on 09/27/2026,,,,,,
unlv,UNLV,cleared_history,Avery Helm,Cleared,DB,,11.8,0,2026-09-27,Cleared from the injury/status report on 09/27/2026,,,,,,
unlv,UNLV,cleared_history,Skylar Vann,Cleared,RB,,9,0,2026-09-27,Cleared from the injury/status report on 09/27/2026,,,,,,
unlv,UNLV,cleared_history,Troy Stellato,Cleared,WR,,11.6,1,2026-09-27,Cleared from the injury/status report on 09/27/2026,,,,,,
unlv,UNLV,cleared_history,DeAngelo Irvin Jr.,Cleared,WR,,9.8,1,2026-09-16,Cleared from the injury/status report on 09/16/2026,,,,,,
unlv,UNLV,cleared_history,Kayden McGee,Cleared,WR,,11.3,1,2026-09-16,Cleared from the injury/status report on 09/16/2026,,,,,,
unlv,UNLV,cleared_history,Amare Taase,Cleared,OL,,10.4,0,2026-09-16,Cleared from the injury/status report on 09/16/2026,,,,,,
unlv,UNLV,cleared_history,Tre Fulton,Cleared,DB,,12.8,1,2026-09-16,Cleared from the injury/status report on 09/16/2026,,,,,,
unlv,UNLV,cleared_history,Taeshaun Lyons,Cleared,WR,,11.6,1,2026-09-16,Cleared from the injury/status report on 09/16/2026,,,,,,
unlv,UNLV,cleared_history,Quandarius Keyes,Cleared,DB,,13.1,1,2026-09-16,Cleared from the injury/status report on 09/16/2026,,,,,,
unlv,UNLV,cleared_history,Taz Reddicks,Cleared,WR,,12.6,1,2026-09-16,Cleared from the injury/status report on 09/16/2026,,,,,,
unlv,UNLV,cleared_history,Alex Orji,Cleared,QB,,12.5,0,2026-08-23,Cleared from the injury/status report on 08/23/2026,,,,,,
unm,New Mexico,active,Bear Tenney,OPT,TE,,9.9,0,2026-09-25,Looks to have opted out of this season and entered the transfer portal early.,0,,,,,
unm,New Mexico,active,Jack Layne,OFS,QB,False,13,0,2026-08-27,"The elbow injury never improved, ending his season before it started after surgery.",0,,,,,
unm,New Mexico,active,Melaki Gutierrez,OFS,CB,,4.6,0,2026-08-05,Will miss the entire 2026 season with an injury. Was not expected to contribute in the rotation.,0,,,,,
unm,New Mexico,active,Shawn Miller,O,WR,,9.8,2,2026-10-01,DNP vs. Oklahoma. He is out for Week 4 vs. New Mexico State after a setback. Won't return until after their bye week (6) as a best case.,0,,,,,
unm,New Mexico,active,Joey Olsen,O,TE,,10.6,3,2026-10-01,Not seen practicing early as summer camps open. Updated to a significant injury status and will miss most if not all of 2026.,0,,,,,
unm,New Mexico,active,Troy Omeire,O,WR,False,11.8,3,2026-09-28,"Suffered an ankle injury against NMSU week four and is going for an MRI, never a good sign. Omiere's injury woes continue.",0,,,,,
unm,New Mexico,active,Tripp Walsh,O,TE,False,8.8,2,2026-09-30,Added as 'out' on the initial week five report ahead of the UTEP game.,0,,,,,
unm,New Mexico,active,Keshawn Monroe,O,S,False,6,1,2026-09-30,Added as 'out' on the initial week five report ahead of the UTEP game. Minimal impact.,0,,,,,
unm,New Mexico,active,Elvin Harris,O,OL,False,8.4,2,2026-09-30,Added as 'out' on the initial week five report ahead of the UTEP game.,0,,,,,
unm,New Mexico,active,Tevin Shaw,O,OL,False,9.6,2,2026-09-30,Added as 'out' on the initial week five report ahead of the UTEP game. Minimal impact.,0,,,,,
unm,New Mexico,active,Abraham Williams,O,WR,False,5.3,0,2026-09-30,Undisclosed injury; DNP vs. Oklahoma and remains out on the updated availability reports.,0,,,,,
unm,New Mexico,active,Cody Thumlert,O,DE,False,8.6,0,2026-09-30,Undisclosed injury; DNP vs. Oklahoma and remains out on the updated availability reports.,0,,,,,
unm,New Mexico,cleared_history,Jake DeVos,Cleared,DE,,9.2,0,2026-10-04,Cleared from the injury/status report on 10/04/2026,,,,,,
unm,New Mexico,cleared_history,Danzel Newell,Cleared,OL,,10.1,1,2026-10-04,Cleared from the injury/status report on 10/04/2026,,,,,,
unm,New Mexico,cleared_history,Massiah Mingo,Cleared,WR,,9.7,1,2026-10-02,Cleared from the injury/status report on 10/02/2026,,,,,,
unm,New Mexico,cleared_history,Melaki Gutierrez,Cleared,CB,,4.6,0,2026-10-02,Cleared from the injury/status report on 10/02/2026,,,,,,
unm,New Mexico,cleared_history,Konner Olson,Cleared,K,,6.3,0,2026-10-02,Cleared from the injury/status report on 10/02/2026,,,,,,
unm,New Mexico,cleared_history,Darrion Bowers,Cleared,RB,,6.7,1,2026-10-02,Cleared from the injury/status report on 10/02/2026,,,,,,
unm,New Mexico,cleared_history,Jayden Sheridan,Cleared,CB,,10.7,1,2026-09-27,Cleared from the injury/status report on 09/27/2026,,,,,,
unm,New Mexico,cleared_history,Tripp Walsh,Cleared,TE,,9.2,1,2026-09-27,Cleared from the injury/status report on 09/27/2026,,,,,,
unm,New Mexico,cleared_history,Jaymar Tasi,Cleared,OL,,12.5,1,2026-09-20,Cleared from the injury/status report on 09/20/2026,,,,,,
unm,New Mexico,cleared_history,Deshaun Buchanan,Cleared,RB,,10.5,0,2026-09-16,Cleared from the injury/status report on 09/16/2026,,,,,,
unm,New Mexico,cleared_history,Dj Darling,Cleared,WR,,9.6,0,2026-09-09,Cleared from the injury/status report on 09/09/2026,,,,,,
unm,New Mexico,cleared_history,Jaxton Eck,Cleared,LB,,14.2,1,2026-09-09,Cleared from the injury/status report on 09/09/2026,,,,,,
unm,New Mexico,cleared_history,Troy Omeire,Cleared,WR,,12.3,0,2026-09-09,Cleared from the injury/status report on 09/09/2026,,,,,,
unm,New Mexico,cleared_history,Miles Williams,Cleared,WR,,10.7,0,2026-08-10,Cleared from the injury/status report on 08/10/2026,,,,,,
unm,New Mexico,cleared_history,Aldin Bilalbegovic,Cleared,TE,,5.3,0,2026-08-10,Cleared from the injury/status report on 08/10/2026,,,,,,
unt,North Texas,active,Caden Jenkins,OFS,CB,False,13.7,0,2026-08-11,Confirmed to miss the entire 2026 season with an injury sustained in early summer camp practice.,0,,,,,
unt,North Texas,active,Kailer Pettijohn,OFS,LB,False,7.7,0,2026-10-01,Will miss the rest of the season with an undisclosed injury. Was not in the rotation.,0,,,,,
unt,North Texas,active,Chase Canada,O,CB,False,10.5,1,2026-09-08,Announced 'out' for week two in pre-week reports. Leaving as 'out' as he has no timetable for return.,0,,,,,
unt,North Texas,active,Taye Seymore,Q,S,False,9.7,1,2026-10-10,Official report 2026-10-10: questionable. Previous context: Added as 'out' on the game day report for week five against Tulsa. Leaving with that status until next update.,20,,,,,
unt,North Texas,active,Graham Gillespie,O,S,False,7.7,2,2026-10-01,Added as 'out' on the game day report for week five against Tulsa. Leaving with that status until next update.,0,,,,,
unt,North Texas,active,Anthony Benford II,O,CB,False,11.3,3,2026-10-01,Added as 'out' on the game day report for week five against Tulsa. Leaving with that status until next update.,0,,,,,
unt,North Texas,active,Drew Clemens,O,TE,False,9.1,2,2026-10-01,Added as 'out' on the game day report for week five against Tulsa. Leaving with that status until next update.,0,,,,,
unt,North Texas,active,Victor Aderungboye,O,TE,False,4.5,0,2026-10-01,Added as 'out' on the game day report for week five against Tulsa. Leaving with that status until next update.,0,,,,,
unt,North Texas,active,Corri Milliner,O,WR,False,12.5,4,2026-10-10,Official report 2026-10-10: out.,0,,,,,
unt,North Texas,active,Zach Johnson,O,CB,False,13.2,0,2026-10-10,Official report 2026-10-10: out.,0,,,,,
unt,North Texas,active,Avion Carter,O,DL,False,11.3,3,2026-10-10,Official report 2026-10-10: out.,0,,,,,
unt,North Texas,cleared_history,Brendon Haygood,Cleared,RB,,11.8,0,2026-10-10,Cleared from the injury/status report on 10/10/2026,,,,,,
unt,North Texas,cleared_history,James Tyre,Cleared,WR,,11.9,3,2026-10-10,Cleared from the injury/status report on 10/10/2026,,,,,,
unt,North Texas,cleared_history,Kc Ekwu,Cleared,OL,,8.2,0,2026-10-10,Cleared from the injury/status report on 10/10/2026,,,,,,
unt,North Texas,cleared_history,Josiah Martin,Cleared,WR,,12.2,0,2026-10-10,Cleared from the injury/status report on 10/10/2026,,,,,,
unt,North Texas,cleared_history,Julian Knox Sr.,Cleared,S,,10.3,0,2026-10-10,Cleared from the injury/status report on 10/10/2026,,,,,,
unt,North Texas,cleared_history,Zach Johnson,Cleared,CB,,13.2,0,2026-10-02,Cleared from the injury/status report on 10/02/2026,,,,,,
unt,North Texas,cleared_history,Michael Taylor II,Cleared,K,,5.3,0,2026-10-02,Cleared from the injury/status report on 10/02/2026,,,,,,
unt,North Texas,cleared_history,Jahiem White,Cleared,RB,,9.7,0,2026-09-02,Cleared from the injury/status report on 09/02/2026,,,,,,
usa,South Alabama,active,Khatori Marion,OFS,WR,False,8.8,2,2026-09-30,Listed 'out for season' on the week five availability report.,0,,,,,
usa,South Alabama,active,Maddox Lynch,OFS,TE,False,4.6,0,2026-09-30,Listed 'out for season' on the week five availability report.,0,,,,,
usa,South Alabama,active,Dylan Chiedo,OFS,LB,False,10.2,3,2026-09-30,Listed 'out for season' on the week five availability report.,0,,,,,
usa,South Alabama,active,Brian Barnes,OFS,WR,False,5.3,0,2026-09-30,Listed 'out for season' on the week five availability report.,0,,,,,
usa,South Alabama,active,Caleb Dozier,O,LB,False,12.4,3,2026-10-05,DNP Week 5 vs. ULM. Remains listed 'out' on the availability report.,0,,,,,
usa,South Alabama,active,Tirrell Johnson,O,LB,False,13.1,4,2026-10-05,DNP Week 5 vs. ULM. Remains listed 'out' on the availability report.,0,,,,,
usa,South Alabama,active,Artem Korchagin Jr.,O,OL,False,8.8,2,2026-10-05,DNP Week 5 vs. ULM. Remains listed 'out' on the availability report.,0,,,,,
usa,South Alabama,active,DJ Moore,O,S,False,9.4,3,2026-10-05,DNP Week 5 vs. ULM. Remains listed 'out' on the availability report.,0,,,,,
usa,South Alabama,active,Demetress Mosley,O,LB,False,5.3,0,2026-10-05,DNP Week 5 vs. ULM. Remains listed 'out' on the availability report.,0,,,,,
usa,South Alabama,active,Emmanuel Waller,O,DL,False,11.7,3,2026-10-05,DNP Week 5 vs. ULM. Remains listed 'out' on the availability report.,0,,,,,
usa,South Alabama,active,Dominic White,O,WR,False,9.1,2,2026-10-05,DNP Week 5 vs. ULM. Remains listed 'out' on the availability report.,0,,,,,
usa,South Alabama,active,Xavious Anderson Jr.,O,LB,False,11.9,3,2026-10-05,Listed 'out' on the week six availability report. Contributor in the linebacking corps.,0,,,,,
usa,South Alabama,active,Damyrion Darby,GTD,CB,False,12.4,0,2026-10-08,Upgraded to a game-time decision on the week six availability report.,49,,,,,
usa,South Alabama,cleared_history,Tre Webb III,Cleared,CB,,9.2,0,2026-10-08,Cleared from the injury/status report on 10/08/2026,,,,,,
usa,South Alabama,cleared_history,Bishop Davenport,Cleared,QB,,12.5,1,2026-10-06,Cleared from the injury/status report on 10/06/2026,,,,,,
usa,South Alabama,cleared_history,Devon Waller,Cleared,OL,,6.7,0,2026-10-03,Cleared from the injury/status report on 10/03/2026,,,,,,
usa,South Alabama,cleared_history,Bishop Davenport,Cleared,QB,,12.5,2,2026-10-02,Cleared from the injury/status report on 10/02/2026,,,,,,
usa,South Alabama,cleared_history,Kam Robinson,Cleared,S,,8.3,0,2026-09-28,Cleared from the injury/status report on 09/28/2026,,,,,,
usa,South Alabama,cleared_history,Damyrion Darby,Cleared,CB,,11,1,2026-09-20,Cleared from the injury/status report on 09/20/2026,,,,,,
usa,South Alabama,cleared_history,Devon Waller,Cleared,OL,,6.7,0,2026-09-06,Cleared from the injury/status report on 09/06/2026,,,,,,
usa,South Alabama,cleared_history,Caleb Dozier,Cleared,LB,,12.4,0,2026-09-06,Cleared from the injury/status report on 09/06/2026,,,,,,
usa,South Alabama,cleared_history,Tirrell Johnson,Cleared,LB,,13.1,0,2026-09-06,Cleared from the injury/status report on 09/06/2026,,,,,,
usa,South Alabama,cleared_history,Trae'von Dunbar,Cleared,RB,,10.1,0,2026-08-05,Cleared from the injury/status report on 08/05/2026,,,,,,
usa,South Alabama,cleared_history,Anthony Eager,Cleared,WR,,11.9,0,2026-08-05,Cleared from the injury/status report on 08/05/2026,,,,,,
usa,South Alabama,cleared_history,Brendan Jenkins,Cleared,WR,,10.5,0,2026-08-05,Cleared from the injury/status report on 08/05/2026,,,,,,
usa,South Alabama,cleared_history,Nate Forystek,Cleared,TE,,5,0,2026-08-05,Cleared from the injury/status report on 08/05/2026,,,,,,
usa,South Alabama,cleared_history,PJ Martin,Cleared,RB,,12.9,0,2026-08-05,Cleared from the injury/status report on 08/05/2026,,,,,,
usc,USC,active,Kilian O'Connor,OFS,OL,,12.4,0,2026-06-06,Sustained a season-ending injury early in camp and will miss the full season.,0,,,,,
usc,USC,active,Corey Simms,OFS,WR,False,13.2,4,2026-10-02,Rotational wide receiver is added as 'out' on the initial week four report ahead of the Oregon game. Updated to 'out for season' pre week five.,0,,,,,
usc,USC,active,Kendarius Reddick,O,S,,11.3,2,2026-09-16,Missed week zero game against San Jose State; and has not logged a snap since.,0,,,,,
usc,USC,active,Trent Mosley,GTD,WR,False,16.4,0,2026-10-10,"October 10, 2026 update: His knee will be evaluated just before the Penn State game, with availability dependent on that assessment. Previous context: Added as 'out' on the initial availability report for week three against Rutgers. Update says he will miss multiple games. Out week five. Questionable for week six on initial report.",34,,,,,
usc,USC,active,Hayden Treter,O,OL,False,11.5,3,2026-10-10,Official report 2026-10-10: out. Previous context: Official report 2026-10-09: doubtful. Previous context: Listed 'questionable' on initial week five report. Downgraded to 'out' on game day report. Back to 'questionable' for week six.,0,,,,,
usc,USC,active,Mark Bowman,GTD,TE,False,14.7,0,2026-10-10,Official report 2026-10-10: game time decision. Previous context: Listed as 'questionable' on the initial week five report and ultimately was not able to play. Moved back to 'questionable' for week six against Penn State.,6,,,,,
usc,USC,active,Jahkeem Stewart,GTD,DT,False,13.9,0,2026-10-10,"Official report 2026-10-10: game time decision. Previous context: Back on the report, listed 'questionable' to play week six against Penn State.",48,,,,,
usc,USC,active,Terrell Anderson,O,WR,False,13.7,4,2026-10-09,Injuries plagued him all season and now it's reported he'll undergo season-ending surgery.,0,,,,,
usc,USC,active,Jide Abasiri,GTD,DT,False,13.9,0,2026-10-10,"Official report 2026-10-10: game time decision. Previous context: Listed 'questionable' on the initial week six report, indicating some sort of ailment. Tracking leading up the Penn State game.",1,,,,,
usc,USC,active,Roman Marchetti,O,LB,False,6.1,0,2026-10-07,Listed 'out' for week six. Not in rotation.,0,,,,,
usc,USC,active,"Taylor ""Taybo"" Johnson",O,LB,False,5.6,0,2026-10-08,Official report 2026-10-08: out.,0,,,,,
usc,USC,active,Elijah Paige,GTD,OL,False,15.1,0,2026-10-10,Official report 2026-10-10: game time decision.,1,,,,,
usc,USC,cleared_history,"Taylor ""Taybo"" Johnson",Cleared,LB,,5.6,0,2026-10-08,Cleared from the injury/status report on 10/08/2026,,,,,,
usc,USC,cleared_history,Desman Stephens II,Cleared,LB,,12.5,3,2026-10-06,Cleared from the injury/status report on 10/06/2026,,,,,,
usc,USC,cleared_history,Alex VanSumeren,Cleared,DT,,12.5,0,2026-10-04,Cleared from the injury/status report on 10/04/2026,,,,,,
usc,USC,cleared_history,Alex Graham,Cleared,CB,,13.2,0,2026-10-04,Cleared from the injury/status report on 10/04/2026,,,,,,
usc,USC,cleared_history,Jahkeem Stewart,Cleared,DT,,13.2,0,2026-10-03,Cleared from the injury/status report on 10/03/2026,,,,,,
usc,USC,cleared_history,Jahkeem Stewart,Cleared,DT,,13.2,0,2026-09-27,Cleared from the injury/status report on 09/27/2026,,,,,,
usc,USC,cleared_history,Elijah Newby,Cleared,LB,,11.7,0,2026-09-26,Cleared from the injury/status report on 09/26/2026,,,,,,
usc,USC,cleared_history,Jadyn Walker,Cleared,LB,,11,1,2026-09-26,Cleared from the injury/status report on 09/26/2026,,,,,,
usc,USC,cleared_history,Deshonne Redeaux,Cleared,RB,,12,0,2026-09-26,Cleared from the injury/status report on 09/26/2026,,,,,,
usc,USC,cleared_history,Jontez Williams,Cleared,CB,,15.2,0,2026-09-24,Cleared from the injury/status report on 09/24/2026,,,,,,
usc,USC,cleared_history,Madden Riordan,Cleared,S,,8.4,1,2026-09-24,Cleared from the injury/status report on 09/24/2026,,,,,,
usc,USC,cleared_history,Dylan Black,Cleared,SNP,,6.9,,2026-09-24,Cleared from the injury/status report on 09/24/2026,,,,,,
usc,USC,cleared_history,Brendan Cho,Cleared,DT,,5.8,0,2026-09-24,Cleared from the injury/status report on 09/24/2026,,,,,,
usc,USC,cleared_history,Taniela Tupou,Cleared,TE,,10.1,3,2026-09-24,Cleared from the injury/status report on 09/24/2026,,,,,,
usc,USC,cleared_history,Shaun Scott,Cleared,LB,,12.6,0,2026-09-24,Cleared from the injury/status report on 09/24/2026,,,,,,
usc,USC,cleared_history,Roderick Tezeno,Cleared,WR,,10.1,0,2026-09-24,Cleared from the injury/status report on 09/24/2026,,,,,,
usc,USC,cleared_history,Dylan Black,Cleared,SNP,,6.9,,2026-09-16,Cleared from the injury/status report on 09/16/2026,,,,,,
usc,USC,cleared_history,Tucker Ashcraft,Cleared,TE,,9.5,0,2026-09-14,Cleared from the injury/status report on 09/14/2026,,,,,,
usc,USC,cleared_history,"Peyton ""Man Man"" Dyer",Cleared,S,,6.2,0,2026-09-14,Cleared from the injury/status report on 09/14/2026,,,,,,
usc,USC,cleared_history,Brandon Lockhart,Cleared,CB,,12.5,1,2026-09-14,Cleared from the injury/status report on 09/14/2026,,,,,,
usc,USC,cleared_history,Marquis Gallegos,Cleared,S,,11.9,1,2026-09-14,Cleared from the injury/status report on 09/14/2026,,,,,,
usc,USC,cleared_history,Braylan Shelby,Cleared,DE,,12.4,1,2026-09-14,Cleared from the injury/status report on 09/14/2026,,,,,,
usc,USC,cleared_history,Sam Huard,Cleared,QB,,13.7,1,2026-09-14,Cleared from the injury/status report on 09/14/2026,,,,,,
usc,USC,cleared_history,Terrell Anderson,Cleared,WR,,13.7,1,2026-09-14,Cleared from the injury/status report on 09/14/2026,,,,,,
usc,USC,cleared_history,Dylan Black,Cleared,SNP,,7,,2026-09-06,Cleared from the injury/status report on 09/06/2026,,,,,,
usc,USC,cleared_history,Romero Ison,Cleared,WR,,10.5,1,2026-09-06,Cleared from the injury/status report on 09/06/2026,,,,,,
usc,USC,cleared_history,Marcelles Williams,Cleared,CB,,12.8,0,2026-09-06,Cleared from the injury/status report on 09/06/2026,,,,,,
usc,USC,cleared_history,Tanook Hines,Cleared,WR,,14.4,1,2026-09-06,Cleared from the injury/status report on 09/06/2026,,,,,,
usc,USC,cleared_history,Tanook Hines,Cleared,WR,,14.6,1,2026-08-20,Cleared from the injury/status report on 08/20/2026,,,,,,
usc,USC,cleared_history,Waymond Jordan,Cleared,RB,,15.3,1,2026-08-12,Cleared from the injury/status report on 08/12/2026,,,,,,
usc,USC,cleared_history,Tucker Ashcraft,Cleared,TE,,9.5,0,2026-08-08,Cleared from the injury/status report on 08/08/2026,,,,,,
usf,South Florida,active,A'Mon Lane-Ganus,O,S,False,10.4,2,2026-09-12,"Listed on the official game day update as ""out"" for week two against Army. Will leave there until the next report.",0,,,,,
usf,South Florida,active,Iverson Garcia-Ponce,O,NOSE,False,9.3,1,2026-09-12,"Listed on the official game day update as ""out"" for week two against Army. Will leave there until the next report.",0,,,,,
usf,South Florida,active,Gabe Legrand,O,WR,False,8.4,0,2026-09-12,"Listed on the official game day update as ""out"" for week two against Army. Will leave there until the next report.",0,,,,,
usf,South Florida,active,Thomas Shrader,O,OL,False,11.2,3,2026-09-27,Left the Bowling Green game with an apparent injury. Diagnosis and timetable not yet reported.,0,,,,,
usf,South Florida,active,Arhmad Branch,O,WR,False,12.5,3,2026-10-03,DNP week four. Tracking for updates ahead of week five against Temple. Remains out week five.,0,,,,,
usf,South Florida,active,Dmari Roberts,O,WR,False,9.1,0,2026-10-03,Added as 'out' on the game day report ahead of week five against Temple.,0,,,,,
usf,South Florida,active,Victor Zidor,O,S,False,7.5,0,2026-10-03,Added as 'out' on the game day report ahead of week five against Temple.,0,,,,,
usf,South Florida,active,Jaden Alexis,O,WR,False,10,0,2026-10-08,"Added as 'questionable' on the game day report ahead of week five against Temple, moved to OUT week 6",0,,,,,
usf,South Florida,active,Brooks Williams Jr.,O,JACK,False,9.2,0,2026-10-08,"Added as 'questionable' on the game day report ahead of week five against Temple, moved to OUT week 6",0,,,,,
usf,South Florida,active,Cameron Seldon,Q,WR,True,12.4,1,2026-10-09,Took a big hit in week six game against UTSA. Was not able to return. Tracking for impacts.,4,,,,,
usf,South Florida,cleared_history,Michael Wooten,Cleared,OL,,10.2,1,2026-10-08,Cleared from the injury/status report on 10/08/2026,,,,,,
usf,South Florida,cleared_history,Cash Hudson,Cleared,OL,,10.7,3,2026-10-08,Cleared from the injury/status report on 10/08/2026,,,,,,
usf,South Florida,cleared_history,Jair Murphy,Cleared,CB,,9.8,3,2026-10-08,Cleared from the injury/status report on 10/08/2026,,,,,,
usf,South Florida,cleared_history,Sam Robinson,Cleared,LB,,12,1,2026-10-08,Cleared from the injury/status report on 10/08/2026,,,,,,
usf,South Florida,cleared_history,Ayden Jackson,Cleared,STAR,,12.3,1,2026-10-04,Cleared from the injury/status report on 10/04/2026,,,,,,
usf,South Florida,cleared_history,Cameron Seldon,Cleared,WR,,12.5,1,2026-10-04,Cleared from the injury/status report on 10/04/2026,,,,,,
usf,South Florida,cleared_history,Connor Mathews,Cleared,RB,,8.1,0,2026-10-03,Cleared from the injury/status report on 10/03/2026,,,,,,
usf,South Florida,cleared_history,Dmari Roberts,Cleared,WR,,9.1,0,2026-09-22,Cleared from the injury/status report on 09/22/2026,,,,,,
usf,South Florida,cleared_history,Grayson Howard,Cleared,LB,,13.8,1,2026-09-22,Cleared from the injury/status report on 09/22/2026,,,,,,
usf,South Florida,cleared_history,Terrell Jones,Cleared,DE,,11,1,2026-09-15,Cleared from the injury/status report on 09/15/2026,,,,,,
usf,South Florida,cleared_history,Rodney Hill,Cleared,LB,,10,1,2026-09-15,Cleared from the injury/status report on 09/15/2026,,,,,,
usf,South Florida,cleared_history,Bryson Rodgers,Cleared,WR,,12.3,1,2026-09-15,Cleared from the injury/status report on 09/15/2026,,,,,,
usf,South Florida,cleared_history,Mudia Reuben,Cleared,WR,,12.7,0,2026-09-07,Cleared from the injury/status report on 09/07/2026,,,,,,
usf,South Florida,cleared_history,JeyQuan Smith,Cleared,WR,,11.2,0,2026-08-10,Cleared from the injury/status report on 08/10/2026,,,,,,
utah,Utah,active,Kana'i Lopes,O,TE,False,8.8,0,2026-09-23,Listed 'out' on the initial week four report ahead of Iowa State.,0,,,,,
utah,Utah,active,Isaiah Garcia,O,OL,False,11,2,2026-09-24,Listed 'questionable' on the initial report for week four ahead of Iowa State. Downgraded to 'out' on the Thursday update.,0,,,,,
utah,Utah,cleared_history,Semi Taulanga,Cleared,TE,,7.4,1,2026-10-10,Cleared from the injury/status report on 10/10/2026,,,,,,
utah,Utah,cleared_history,Karson Kaufusi,Cleared,DT,,13.2,1,2026-10-10,Cleared from the injury/status report on 10/10/2026,,,,,,
utah,Utah,cleared_history,Marcus Wimberly,Cleared,S,,10.5,0,2026-10-08,Cleared from the injury/status report on 10/08/2026,,,,,,
utah,Utah,cleared_history,Kash Dillon,Cleared,DE,,12.1,0,2026-09-26,Cleared from the injury/status report on 09/26/2026,,,,,,
utah,Utah,cleared_history,Karson Kaufusi,Cleared,DT,,13,0,2026-09-26,Cleared from the injury/status report on 09/26/2026,,,,,,
utah,Utah,cleared_history,Mana Carvalho,Cleared,WR,,10.9,0,2026-09-26,Cleared from the injury/status report on 09/26/2026,,,,,,
utah,Utah,cleared_history,Daniel Bray,Cleared,RB,,11.4,0,2026-09-11,Cleared from the injury/status report on 09/11/2026,,,,,,
utah,Utah,cleared_history,Kyri Shoels,Cleared,WR,,11.7,0,2026-09-09,Cleared from the injury/status report on 09/09/2026,,,,,,
utah,Utah,cleared_history,Hunter Andrews,Cleared,TE,,15.1,0,2026-09-04,Cleared from the injury/status report on 09/04/2026,,,,,,
utah-state,Utah State,active,Chris Joe,OFS,OLB,False,11.8,3,2026-09-30,Listed on the week five Pac12 report as 'out for season' and will not be available.,0,,,,,
utah-state,Utah State,active,Jude Nelson,OFS,TE,False,9.5,2,2026-09-30,Listed on the week five Pac12 report as 'out for season' and will not be available.,0,,,,,
utah-state,Utah State,active,Nikko Boncore,OFS,WR,False,10.1,3,2026-10-06,Added to the week five availability report as 'out' ahead of the week five game against Boise State. Suffered a season-ending injury.,0,,,,,
utah-state,Utah State,active,Harrison Taggart,O,ILB,False,11.9,3,2026-09-30,Suffered a scary head injury in week three. Was taken in an ambulance as a precaution but appears to have passed most tests. Remains out through week five and will remain there until we hear more.,0,,,,,
utah-state,Utah State,active,Tavo Motu'apuaka,O,OL,False,11.2,3,2026-09-30,Missed week four with an undisclosed injury and remains questionable heading into week five. Another DNP and we're keeping him out for the time being. Starter at guard when healthy.,0,,,,,
utah-state,Utah State,active,Diego Grateron,O,ILB,False,5.6,0,2026-09-30,Added to the week five availability report as 'out' ahead of the week five game against Boise State.,0,,,,,
utah-state,Utah State,active,Jackson Nelson,O,OL,False,10.5,3,2026-09-30,Added to the week five availability report as 'out' ahead of the week five game against Boise State.,0,,,,,
utah-state,Utah State,active,Joshua Papu,O,DT,False,6.1,1,2026-09-30,Added to the week five availability report as 'out' ahead of the week five game against Boise State.,0,,,,,
utah-state,Utah State,active,Dakota Howell,O,ILB,False,5.9,0,2026-10-08,Official report 2026-10-08: out. Game 2026-10-09. Previous context: Added as 'doubtful' on the week six availability report.,0,,,,,
utah-state,Utah State,active,Rex Haynes,O,WR,False,8.9,3,2026-10-08,Official report 2026-10-08: out. Game 2026-10-09. Previous context: Added as 'doubtful' on the week six availability report.,0,,,,,
utah-state,Utah State,active,Kache Kaio,O,TE,False,8.6,2,2026-10-08,Official report 2026-10-08: out. Game 2026-10-09. Previous context: Added as 'doubtful' on the week six availability report.,35,,,,,
utah-state,Utah State,active,James Jennette,O,OLB,False,13,4,2026-10-08,Official report 2026-10-08: out. Game 2026-10-09. Previous context: Added to the week six initial availability report as 'questionable' ahead of the Washington State game.,0,,,,,
utah-state,Utah State,active,Nehemiah Washington,O,RB,False,5.5,2,2026-10-08,Official report 2026-10-08: out. Game 2026-10-09. Previous context: Listed 'probable' on the week six initial availability report. Downgraded to 'questionable' on update.,0,,,,,
utah-state,Utah State,active,Chapman Lewis,GTD,S,False,12,0,2026-10-09,Official report 2026-10-09: game time decision. Game 2026-10-09. Previous context: Added to the week six initial availability report as 'questionable' ahead of the Washington State game.,0,,,,,
utah-state,Utah State,cleared_history,Brycen Edwards,Cleared,ILB,,13.8,0,2026-10-10,Cleared from the injury/status report on 10/10/2026,,,,,,
utah-state,Utah State,cleared_history,John Randle Jr.,Cleared,OL,,9.6,0,2026-10-10,Cleared from the injury/status report on 10/10/2026,,,,,,
utah-state,Utah State,cleared_history,Tyler Masdea,Cleared,TE,,6.8,0,2026-10-10,Cleared from the injury/status report on 10/10/2026,,,,,,
utah-state,Utah State,cleared_history,Dakota Howell,Cleared,ILB,,5.9,0,2026-10-03,Cleared from the injury/status report on 10/03/2026,,,,,,
utah-state,Utah State,cleared_history,John McClellan,Cleared,ILB,,,0,2026-10-03,Cleared from the injury/status report on 10/03/2026,,,,,,
utah-state,Utah State,cleared_history,Brycen Edwards,Cleared,ILB,,13.8,0,2026-10-03,Cleared from the injury/status report on 10/03/2026,,,,,,
utah-state,Utah State,cleared_history,Asher Cunningham,Cleared,ILB,,12.6,0,2026-10-03,Cleared from the injury/status report on 10/03/2026,,,,,,
utah-state,Utah State,cleared_history,Tevita Tuha,Cleared,OLB,,10.4,0,2026-10-03,Cleared from the injury/status report on 10/03/2026,,,,,,
utah-state,Utah State,cleared_history,McCae Hillstead,Cleared,QB,,10,0,2026-10-02,Cleared from the injury/status report on 10/02/2026,,,,,,
utah-state,Utah State,cleared_history,Asher Cunningham,Cleared,ILB,,12.6,1,2026-09-27,Cleared from the injury/status report on 09/27/2026,,,,,,
utah-state,Utah State,cleared_history,Ronnie Mageo,Cleared,DT,,9.8,1,2026-09-27,Cleared from the injury/status report on 09/27/2026,,,,,,
utep,UTEP,active,Ekow Taylor,OFS,S,False,9.4,0,2026-09-22,Will miss the remainder of the 2026 season after an injury forced surgery after week three.,0,,,,,
utep,UTEP,active,Mason Ferguson,O,WR,False,8.7,2,2026-10-01,Remain out for week six game vs. Nevada.,0,,,,,
utep,UTEP,active,Cj Simon,O,WR,False,9,0,2026-10-01,Remain out for week six game vs. Nevada.,0,,,,,
utep,UTEP,active,Jackson Bradley,OFS,OL,False,10.6,3,2026-10-10,Official report 2026-10-10: season ending. Game 2026-10-10. Previous context: Remain out for week six game vs. Nevada.,0,,,,,
utep,UTEP,active,Jayden Trapp,O,OL,False,10.9,3,2026-10-08,Listed out on the week six availability report.,0,,,,,
utep,UTEP,active,Tavorus Jones,Q,RB,False,11.6,1,2026-10-01,Remain questionable for week six game vs. Nevada.,4,,,,,
utep,UTEP,active,Darien Fantroy,Q,CB,False,7.8,0,2026-10-01,Remain questionable for week six game vs. Nevada.,0,,,,,
utep,UTEP,active,Ej Colson Jr.,Q,QB,False,11.8,1,2026-10-07,Deemed 'day-to-day' after suffering an injury in week five against UNM. Leaving as 'questionable' to play in week six.,0,,,,,
utep,UTEP,cleared_history,Lamar Sperling,Cleared,RB,,11.4,3,2026-10-10,Cleared from the injury/status report on 10/10/2026,,,,,,
utep,UTEP,cleared_history,Rashad Smith,Cleared,OL,,8.1,2,2026-10-10,Cleared from the injury/status report on 10/10/2026,,,,,,
utep,UTEP,cleared_history,Oryend Fisher,Cleared,DL,,11.5,3,2026-10-10,Cleared from the injury/status report on 10/10/2026,,,,,,
utep,UTEP,cleared_history,Jaymon Lamb,Cleared,OL,,10.1,0,2026-10-04,Cleared from the injury/status report on 10/04/2026,,,,,,
utep,UTEP,cleared_history,Kaleb Miles,Cleared,CB,,12.8,1,2026-09-27,Cleared from the injury/status report on 09/27/2026,,,,,,
utep,UTEP,cleared_history,Judah Ezinwa,Cleared,TE,,10.1,0,2026-08-06,Cleared from the injury/status report on 08/06/2026,,,,,,
utep,UTEP,cleared_history,Jaden Smith,Cleared,WR,,12.1,0,2026-08-06,Cleared from the injury/status report on 08/06/2026,,,,,,
utep,UTEP,cleared_history,Cash Cheeks,Cleared,TE,,9.6,0,2026-08-06,Cleared from the injury/status report on 08/06/2026,,,,,,
utep,UTEP,cleared_history,Kam Thomas,Cleared,MB,,7.9,0,2026-08-06,Cleared from the injury/status report on 08/06/2026,,,,,,
utsa,UTSA,active,Johnny Bowens III,OFS,DL,,11.6,2,2026-09-07,"OUT for the season, a pre-existing knee injury suffered in August.",0,,,,,
utsa,UTSA,active,Marcellus Wilkerson,O,S,False,13,4,2026-10-03,Listed 'out' on the week five game day report.,0,,,,,
utsa,UTSA,active,Chris Bryson II,O,$B,False,10.7,3,2026-10-03,Listed 'out' on the week five game day report.,0,,,,,
utsa,UTSA,active,Bryson Donnell,O,RB,False,11.3,3,2026-10-03,Listed 'out' on the week five game day report.,0,,,,,
utsa,UTSA,active,Lawrence Brown Jr.,O,CB,False,10.8,3,2026-10-08,Listed Out on the official October 8 availability report vs. South Florida; injury details not specified.,0,,,,,
utsa,UTSA,active,Donald Quaite Jr.,Q,DL,False,8.2,1,2026-10-08,Listed Questionable as Donald DJ Quaite Jr. on the official October 8 availability report vs. South Florida; injury details not specified.,0,,,,,
utsa,UTSA,cleared_history,Ben Rios,Cleared,OL,,10.8,1,2026-10-08,Cleared from the injury/status report on 10/08/2026,,,,,,
utsa,UTSA,cleared_history,James Walley Jr.,Cleared,LB,,13,1,2026-10-03,Cleared from the injury/status report on 10/03/2026,,,,,,
utsa,UTSA,cleared_history,Jonah Miller,Cleared,OL,,13.3,0,2026-09-15,Cleared from the injury/status report on 09/15/2026,,,,,,
utsa,UTSA,cleared_history,Owen McCown,Cleared,QB,,14.9,0,2026-08-10,Cleared from the injury/status report on 08/10/2026,,,,,,
uva,Virginia,active,Jason Hammond,OFS,DT,False,12.6,3,2026-09-22,Left Norfolk State game with an elbow injury. Confirmed he is will need surgery and is out for the season.,0,,,,,
uva,Virginia,active,Solomon Beebe,S,RB,,10.1,0,2026-08-25,"Beebe is suspended indefinitely but still part of Virginia's football team, Jacquie Franciulli of 247Sports reports.",0,,,,,
uva,Virginia,active,Tim Hamann,O,K,,7,0,2026-10-07,Has not played this season. Remains out for Week 6 vs. Syracuse.,0,,,,,
uva,Virginia,active,Dillon Newton-Short,O,WR,,10.7,3,2026-10-07,Missed an early summer practice and still dealing with a hamstring injury. Has not played this season. Remains out for Week 6 vs. Syracuse.,0,,,,,
uva,Virginia,active,Jaylen Jones,O,S,False,13.4,4,2026-10-07,DNP Week 5 vs. FSU. Remains out for Week 6 vs. Syracuse.,0,,,,,
uva,Virginia,active,Triston Ward,O,WR,False,9,0,2026-10-07,DNP Week 5 vs. FSU. Remains out for Week 6 vs. Syracuse.,0,,,,,
uva,Virginia,active,Alex Dunn,O,DB,False,9.8,0,2026-10-07,DNP Week 5 vs. FSU. Remains out for Week 6 vs. Syracuse.,0,,,,,
uva,Virginia,active,Jack Stevens,O,RB,False,4.9,0,2026-10-07,DNP Week 5 vs. FSU. Remains out for Week 6 vs. Syracuse.,0,,,,,
uva,Virginia,active,Isaiah Reese,O,LB,False,9.5,0,2026-10-07,DNP Week 5 vs. FSU. Remains out for Week 6 vs. Syracuse.,0,,,,,
uva,Virginia,active,Gavin Johnson,O,DE,False,4.9,0,2026-10-07,DNP Week 5 vs. FSU. Remains out for Week 6 vs. Syracuse.,0,,,,,
uva,Virginia,active,Tyler Simmons,O,DT,False,9.2,0,2026-10-07,Added to the ACC injury report as out for Week 6 vs. Syracuse.,0,,,,,
uva,Virginia,active,Noah Hartsoe,O,OL,False,10.4,3,2026-10-07,DNP Week 5 vs. FSU. Remains out for Week 6 vs. Syracuse.,0,,,,,
uva,Virginia,active,Dylan Biehl,O,OL,False,9.1,0,2026-10-07,Added to the ACC injury report as out for Week 6 vs. Syracuse.,0,,,,,
uva,Virginia,active,Jewett Hayes,O,DE,False,12.5,4,2026-10-08,Official report 2026-10-08: out.,0,,,,,
uva,Virginia,active,Bull Richardson,O,DT,False,9.5,0,2026-10-07,DNP Week 5 vs. FSU. Remains out for Week 6 vs. Syracuse.,0,,,,,
uva,Virginia,active,Devon Baxter,O,DE,False,10.5,3,2026-10-07,DNP Week 5 vs. FSU. Remains out for Week 6 vs. Syracuse.,0,,,,,
uva,Virginia,active,Omillio Agard,O,CB,False,13.7,4,2026-10-09,Official report 2026-10-09: out. Previous context: Official report 2026-10-08: doubtful. Previous context: Added to the ACC injury report as questionable for Week 6 vs. Syracuse.,0,,,,,
uva,Virginia,active,Chase Morrison,O,DT,False,10.4,3,2026-10-09,Official report 2026-10-09: out. Previous context: Official report 2026-10-08: doubtful.,0,,,,,
uva,Virginia,cleared_history,Maddox Marcellus,Cleared,LB,,13.2,1,2026-10-08,Cleared from the injury/status report on 10/08/2026,,,,,,
uva,Virginia,cleared_history,Grant Ellinger,Cleared,OL,,11.3,3,2026-10-08,Cleared from the injury/status report on 10/08/2026,,,,,,
uva,Virginia,cleared_history,Peyton Lewis,Cleared,RB,,13.7,4,2026-10-08,Cleared from the injury/status report on 10/08/2026,,,,,,
uva,Virginia,cleared_history,Tyler Simmons,Cleared,DT,,9.2,0,2026-10-01,Cleared from the injury/status report on 10/01/2026,,,,,,
uva,Virginia,cleared_history,Noah Josey,Cleared,OL,,13.5,0,2026-09-27,Cleared from the injury/status report on 09/27/2026,,,,,,
uva,Virginia,cleared_history,Lukas Ungar,Cleared,TE,,10.2,1,2026-09-27,Cleared from the injury/status report on 09/27/2026,,,,,,
uva,Virginia,cleared_history,Chase Morrison,Cleared,DT,,10.4,1,2026-09-27,Cleared from the injury/status report on 09/27/2026,,,,,,
uva,Virginia,cleared_history,Rico Flores Jr.,Cleared,WR,,12.6,1,2026-09-20,Cleared from the injury/status report on 09/20/2026,,,,,,
uva,Virginia,cleared_history,Triston Ward,Cleared,WR,,9,0,2026-09-15,Cleared from the injury/status report on 09/15/2026,,,,,,
uva,Virginia,cleared_history,Grant Ellinger,Cleared,OL,,11.2,1,2026-09-15,Cleared from the injury/status report on 09/15/2026,,,,,,
uva,Virginia,cleared_history,Justin Townsend,Cleared,DL,,11.7,0,2026-09-15,Cleared from the injury/status report on 09/15/2026,,,,,,
uva,Virginia,cleared_history,Isaiah Robinson,Cleared,WR,,10.1,0,2026-09-10,Cleared from the injury/status report on 09/10/2026,,,,,,
uva,Virginia,cleared_history,Ezekiel Larry,Cleared,DE,,13.3,1,2026-09-09,Cleared from the injury/status report on 09/09/2026,,,,,,
uva,Virginia,cleared_history,Kam Robinson,Cleared,LB,,13.4,0,2026-09-09,Cleared from the injury/status report on 09/09/2026,,,,,,
uva,Virginia,cleared_history,Corey Costner,Cleared,S,,13.7,1,2026-09-02,Cleared from the injury/status report on 09/02/2026,,,,,,
uva,Virginia,cleared_history,Da'Shawn Martin,Cleared,WR,,12.1,1,2026-08-26,Cleared from the injury/status report on 08/26/2026,,,,,,
uva,Virginia,cleared_history,Cj Spence,Cleared,WR,,9,0,2026-08-26,Cleared from the injury/status report on 08/26/2026,,,,,,
uva,Virginia,cleared_history,Dakota Twitty,Cleared,TE,,10.9,0,2026-08-26,Cleared from the injury/status report on 08/26/2026,,,,,,
uva,Virginia,cleared_history,Jam Jackson,Cleared,DB,,11.3,,2026-08-09,Cleared from the injury/status report on 08/09/2026,,,,,,
uva,Virginia,cleared_history,Ja'Maric Morris,Cleared,DB,,11.4,0,2026-08-09,Cleared from the injury/status report on 08/09/2026,,,,,,
uva,Virginia,cleared_history,Xavier Brown,Cleared,RB,,13.8,0,2026-08-06,Cleared from the injury/status report on 08/06/2026,,,,,,
vanderbilt,Vanderbilt,active,Aaron Bryant,OFS,DL,False,10.8,2,2026-09-15,Announced 'out for the season' with an injury following week two. He tore his ACL.,0,,,,,
vanderbilt,Vanderbilt,active,Jaylin Lackey,O,CB,False,11.2,2,2026-09-23,Ruled out prior to kickoff week two against Delaware due to a soft-tissue injury. Remains out through week five.,0,,,,,
vanderbilt,Vanderbilt,active,Jamison Curtis,O,LB,False,9.2,2,2026-09-30,Considered 'week-to-week' with a soft-tissue injury and is out through week five.,0,,,,,
vanderbilt,Vanderbilt,active,Kahden Smith,O,WR,False,9.4,0,2026-10-02,Added as 'out' on the Friday update ahead of week five.,0,,,,,
vanderbilt,Vanderbilt,active,Mitchell Smith,O,OL,False,9.8,0,2026-10-09,Official report 2026-10-09: out. Previous context: Listed 'doubtful' on the updated SEC report ahead of week six.,0,,,,,
vanderbilt,Vanderbilt,cleared_history,Jared Curtis,Cleared,QB,,13.8,0,2026-10-10,Cleared from the injury/status report on 10/10/2026,,,,,,
vanderbilt,Vanderbilt,cleared_history,Nikhil Jefferson,Cleared,DL,,9,0,2026-10-07,Cleared from the injury/status report on 10/07/2026,,,,,,
vanderbilt,Vanderbilt,cleared_history,Miles Capers,Cleared,EDGE,,13.3,0,2026-10-02,Cleared from the injury/status report on 10/02/2026,,,,,,
vanderbilt,Vanderbilt,cleared_history,Lyndon Cooper,Cleared,OL,,12.6,0,2026-10-02,Cleared from the injury/status report on 10/02/2026,,,,,,
vanderbilt,Vanderbilt,cleared_history,Clinton Azubuike,Cleared,OL,,10.8,0,2026-10-02,Cleared from the injury/status report on 10/02/2026,,,,,,
vanderbilt,Vanderbilt,cleared_history,Cole Spence,Cleared,TE,,12.4,0,2026-09-27,Cleared from the injury/status report on 09/27/2026,,,,,,
vanderbilt,Vanderbilt,cleared_history,Brian Allen Jr.,Cleared,EDGE,,13.3,0,2026-09-25,Cleared from the injury/status report on 09/25/2026,,,,,,
vanderbilt,Vanderbilt,cleared_history,Martel Hight,Cleared,CB,,13.9,1,2026-09-23,Cleared from the injury/status report on 09/23/2026,,,,,,
vanderbilt,Vanderbilt,cleared_history,Blaze Berlowitz,Cleared,QB,,9.8,1,2026-09-21,Cleared from the injury/status report on 09/21/2026,,,,,,
vanderbilt,Vanderbilt,cleared_history,Brian Allen Jr.,Cleared,EDGE,,13.3,1,2026-09-20,Cleared from the injury/status report on 09/20/2026,,,,,,
virginia-tech,Virginia Tech,active,George Ballance,O,LB,False,12,3,2026-10-07,Added to the ACC injury report as out ahead of Week 6 vs. Cal.,0,,,,,
virginia-tech,Virginia Tech,active,Justin Terry,O,OL,False,11.5,3,2026-10-07,Injured vs. Maryland. DNP Week 5 vs. Pitt. Remains out for Week 6 vs. Cal.,0,,,,,
virginia-tech,Virginia Tech,active,Emmett Laws,O,DL,,13.4,4,2026-10-07,Has not practiced since camp opened. Remains out for Week 6 vs. Cal.,0,,,,,
virginia-tech,Virginia Tech,active,Takye Heath,O,WR,False,11.4,3,2026-10-09,Official report 2026-10-09: out. Previous context: DNP after a downgrade from doubtful to out for Week 5 vs. Pitt. Remains questionable for Week 6 vs. Cal.,0,,,,,
virginia-tech,Virginia Tech,active,"Shamarius ""Snook"" Peterkin",O,WR,False,10.8,3,2026-10-09,Official report 2026-10-09: out. Previous context: DNP after a downgrade from doubtful to out for Week 5 vs. Pitt. Remains questionable for Week 6 vs. Cal.,0,,,,,
virginia-tech,Virginia Tech,active,Bill Davis,O,RB,False,13.4,4,2026-10-09,Official report 2026-10-09: out. Previous context: Out during fall camp. DNP after a downgrade from doubtful to out for Week 5 vs. Pitt. Remains questionable for Week 6 vs. Cal.,0,,,,,
virginia-tech,Virginia Tech,active,Jojo Crim,O,CB,False,10.8,0,2026-10-09,Official report 2026-10-09: out. Previous context: DNP after a downgrade from doubtful to out for Week 5 vs. Pitt. Remains questionable for Week 6 vs. Cal.,0,,,,,
virginia-tech,Virginia Tech,active,Lucas Austin,O,OL,False,10.1,3,2026-10-09,Official report 2026-10-09: out. Previous context: DNP after a downgrade from doubtful to out for Week 5 vs. Pitt. Remains questionable for Week 6 vs. Cal.,0,,,,,
virginia-tech,Virginia Tech,active,Roseby Lubintus,O,OL,False,9.7,0,2026-10-09,Official report 2026-10-09: out. Previous context: DNP after a downgrade from doubtful to out for Week 5 vs. Pitt. Remains questionable for Week 6 vs. Cal.,0,,,,,
virginia-tech,Virginia Tech,active,Brody Meadows,O,OL,False,12.5,4,2026-10-09,Official report 2026-10-09: out. Previous context: DNP Week 5 vs. Pitt. Remains questionable for Week 6 vs. Cal.,0,,,,,
virginia-tech,Virginia Tech,active,L.J. Booker,O,WR,False,9.3,0,2026-10-09,Official report 2026-10-09: out. Previous context: DNP after a downgrade from doubtful to out for Week 5 vs. Pitt. Remains questionable for Week 6 vs. Cal.,0,,,,,
virginia-tech,Virginia Tech,cleared_history,Luke Stuewe,Cleared,WR,,8.9,1,2026-10-08,Cleared from the injury/status report on 10/08/2026,,,,,,
virginia-tech,Virginia Tech,cleared_history,Montavious Cunningham,Cleared,OL,,11.5,1,2026-10-08,Cleared from the injury/status report on 10/08/2026,,,,,,
virginia-tech,Virginia Tech,cleared_history,Ayden Greene,Cleared,WR,,12.1,0,2026-10-02,Cleared from the injury/status report on 10/02/2026,,,,,,
virginia-tech,Virginia Tech,cleared_history,Samuel Okunlola,Cleared,DL,,13.2,0,2026-09-24,Cleared from the injury/status report on 09/24/2026,,,,,,
virginia-tech,Virginia Tech,cleared_history,Thomas Williams,Cleared,CB,,13.8,0,2026-09-24,Cleared from the injury/status report on 09/24/2026,,,,,,
virginia-tech,Virginia Tech,cleared_history,Gabe Williams,Cleared,LB,,10.9,0,2026-09-23,Cleared from the injury/status report on 09/23/2026,,,,,,
virginia-tech,Virginia Tech,cleared_history,Johnny Garrett,Cleared,OL,,10.1,0,2026-09-23,Cleared from the injury/status report on 09/23/2026,,,,,,
virginia-tech,Virginia Tech,cleared_history,Kyle Altuner,Cleared,OL,,12,3,2026-09-20,Cleared from the injury/status report on 09/20/2026,,,,,,
virginia-tech,Virginia Tech,cleared_history,Montavious Cunningham,Cleared,OL,,11.5,3,2026-09-16,Cleared from the injury/status report on 09/16/2026,,,,,,
virginia-tech,Virginia Tech,cleared_history,Zeke Chinwike,Cleared,DL,,9.6,0,2026-08-07,Cleared from the injury/status report on 08/07/2026,,,,,,
virginia-tech,Virginia Tech,cleared_history,Messiah Mickens,Cleared,RB,,11.6,0,2026-08-07,Cleared from the injury/status report on 08/07/2026,,,,,,
virginia-tech,Virginia Tech,cleared_history,Logan Howland,Cleared,OL,,13,0,2026-08-07,Cleared from the injury/status report on 08/07/2026,,,,,,
virginia-tech,Virginia Tech,cleared_history,Jaquez White,Cleared,CB,,16.4,0,2026-08-07,Cleared from the injury/status report on 08/07/2026,,,,,,
virginia-tech,Virginia Tech,cleared_history,Marcellous Hawkins,Cleared,RB,,15.7,0,2026-08-07,Cleared from the injury/status report on 08/07/2026,,,,,,
wake,Wake Forest,active,Tyler Walton,O,DL,False,12.4,4,2026-10-07,Downgraded from doubtful to out for Week 5 vs. Stanford and DNP. Remains listed as out for Week 6 vs. NC State.,0,,,,,
wake,Wake Forest,active,Devin Cook,O,DB,False,9,0,2026-10-07,Added to the ACC injury report as out for Week 5 vs. Stanford and DNP.  Remains listed as out for Week 6 vs. NC State.,0,,,,,
wake,Wake Forest,active,Elijah Otieno,O,WR,False,8.6,2,2026-10-07,Downgraded from doubtful to out for Week 5 vs. Stanford and DNP.  Remains listed as out for Week 6 vs. NC State.,0,,,,,
wake,Wake Forest,active,Dalton DeBoer,O,OL,False,9.1,0,2026-10-08,Official report 2026-10-08: out.,0,,,,,
wake,Wake Forest,active,Jack Hines,O,OL,False,9.5,3,2026-10-09,Official report 2026-10-09: out. Previous context: Official report 2026-10-08: questionable.,1,,,,,
wake,Wake Forest,cleared_history,Matt Herron,Cleared,DL,,12,0,2026-10-10,Cleared from the injury/status report on 10/10/2026,,,,,,
wake,Wake Forest,cleared_history,Ny Carr,Cleared,WR,,10.2,3,2026-10-09,Cleared from the injury/status report on 10/09/2026,,,,,,
wake,Wake Forest,cleared_history,Deuce Dyce,Cleared,LB,,11.7,0,2026-10-02,Cleared from the injury/status report on 10/02/2026,,,,,,
wake,Wake Forest,cleared_history,Gio Lopez,Cleared,QB,,14.8,2,2026-09-25,Cleared from the injury/status report on 09/25/2026,,,,,,
wake,Wake Forest,cleared_history,Zamari Stevenson,Cleared,DB,,11.8,0,2026-09-24,Cleared from the injury/status report on 09/24/2026,,,,,,
wake,Wake Forest,cleared_history,Gio Lopez,Cleared,QB,,14.6,0,2026-09-19,Cleared from the injury/status report on 09/19/2026,,,,,,
wake,Wake Forest,cleared_history,Whittman Whaley,Cleared,LB,,9.9,3,2026-09-16,Cleared from the injury/status report on 09/16/2026,,,,,,
wake,Wake Forest,cleared_history,John Ohnegian,Cleared,OL,,12.2,0,2026-09-16,Cleared from the injury/status report on 09/16/2026,,,,,,
wash-state,Washington State,active,Tony Freeman,OFS,WR,False,13.9,3,2026-09-15,"Suffered a non-contact right knee injury in the 1st quarter vs. Washington. MRI results came back, and he will not return in 2026.",0,,,,,
wash-state,Washington State,active,Nylan Brown,OFS,LB,False,10.5,3,2026-10-09,Official report 2026-10-09: season ending. Game 2026-10-09. Previous context: Added to the report ahead of week five and will not be available against Fresno State.,0,,,,,
wash-state,Washington State,cleared_history,Jack Ellison,Cleared,LB,,9,1,2026-10-10,Cleared from the injury/status report on 10/10/2026,,,,,,
wash-state,Washington State,cleared_history,Michael Hughes,Cleared,DE,,13,1,2026-10-10,Cleared from the injury/status report on 10/10/2026,,,,,,
wash-state,Washington State,cleared_history,Malachi Wrice,Cleared,DE,,12.2,1,2026-10-10,Cleared from the injury/status report on 10/10/2026,,,,,,
wash-state,Washington State,cleared_history,Kyle Peterson,Cleared,S,,10,3,2026-10-10,Cleared from the injury/status report on 10/10/2026,,,,,,
wash-state,Washington State,cleared_history,Jack Ellison,Cleared,LB,,9,0,2026-10-06,Cleared from the injury/status report on 10/06/2026,,,,,,
wash-state,Washington State,cleared_history,Kyle Peterson,Cleared,S,,10,0,2026-10-06,Cleared from the injury/status report on 10/06/2026,,,,,,
wash-state,Washington State,cleared_history,Malachi Wrice,Cleared,DE,,12.2,0,2026-10-06,Cleared from the injury/status report on 10/06/2026,,,,,,
wash-state,Washington State,cleared_history,Michael Hughes,Cleared,DE,,13,0,2026-10-06,Cleared from the injury/status report on 10/06/2026,,,,,,
wash-state,Washington State,cleared_history,Kirby Vorhees,Cleared,RB,,12.4,0,2026-10-04,Cleared from the injury/status report on 10/04/2026,,,,,,
wash-state,Washington State,cleared_history,Jalil Tucker,Cleared,CB,,11.4,0,2026-10-04,Cleared from the injury/status report on 10/04/2026,,,,,,
wash-state,Washington State,cleared_history,Trey Leckner,Cleared,TE,,11.2,0,2026-10-04,Cleared from the injury/status report on 10/04/2026,,,,,,
wash-state,Washington State,cleared_history,Peyton Read,Cleared,TE,,8.4,0,2026-10-01,Cleared from the injury/status report on 10/01/2026,,,,,,
wash-state,Washington State,cleared_history,Balaam Miller,Cleared,DT,,8.8,2,2026-10-01,Cleared from the injury/status report on 10/01/2026,,,,,,
wash-state,Washington State,cleared_history,Ryan McKendry,Cleared,WR,,6.3,2,2026-10-01,Cleared from the injury/status report on 10/01/2026,,,,,,
wash-state,Washington State,cleared_history,Julian Dugger,Cleared,QB,,10.3,0,2026-10-01,Cleared from the injury/status report on 10/01/2026,,,,,,
wash-state,Washington State,cleared_history,Hudson Cedarland,Cleared,TE,,10.7,0,2026-10-01,Cleared from the injury/status report on 10/01/2026,,,,,,
wash-state,Washington State,cleared_history,Nick Bakken,Cleared,OL,,11.9,1,2026-09-20,Cleared from the injury/status report on 09/20/2026,,,,,,
wash-state,Washington State,cleared_history,Khamari Terrell,Cleared,CB,,12.3,3,2026-09-20,Cleared from the injury/status report on 09/20/2026,,,,,,
wash-state,Washington State,cleared_history,Malachi Wrice,Cleared,DE,,12.4,4,2026-09-16,Cleared from the injury/status report on 09/16/2026,,,,,,
wash-state,Washington State,cleared_history,Ben Beatty,Cleared,DE,,9.6,0,2026-09-16,Cleared from the injury/status report on 09/16/2026,,,,,,
wash-state,Washington State,cleared_history,Kalolo Ta'aga,Cleared,OL,,10,0,2026-09-05,Cleared from the injury/status report on 09/05/2026,,,,,,
wash-state,Washington State,cleared_history,Kirby Vorhees,Cleared,RB,,13,0,2026-08-24,Cleared from the injury/status report on 08/24/2026,,,,,,
wash-state,Washington State,cleared_history,Tony Freeman,Cleared,WR,,14,0,2026-08-10,Cleared from the injury/status report on 08/10/2026,,,,,,
washington,Washington,active,Cj Christian,OFS,S,,12.2,2,2026-09-04,Sitting out early summer camp practices with an Achilles injury. UPDATE: Will miss the entire 2026 season with this injury.,0,,,,,
washington,Washington,active,Julian McMahan,OFS,RB,False,9.6,0,2026-09-28,"Was not available week four due to a foot injury. Then, it was updated that he will miss the remainder of the season with that injury.",0,,,,,
washington,Washington,active,Christian Moss,O,WR,False,12.1,3,2026-09-28,Underwent quadriceps surgery and will miss most of the rest of the season.,0,,,,,
washington,Washington,active,Jordan Washington,O,RB,False,12.6,0,2026-09-11,"Recent news suggests that Washington may not be out for the season after significant progress from the neck injury. Now, the door is open for a potential return late in 2026.",0,,,,,
washington,Washington,active,Quaid Carr,O,RB,False,9.6,2,2026-09-20,Will undergo surgery and be out an extended period after a week one injury. He will be reevaluated November 1st.,0,,,,,
washington,Washington,active,Jayden Limar,O,RB,False,12.4,2,2026-09-15,Limar sustained an apparent elbow injury on his final carry late in the fourth quarter while fighting to stay in bounds. Underwent surgery and will be reevaluated in early October.,0,,,,,
washington,Washington,active,Jeron Jones,O,CB,False,12.5,4,2026-10-08,Official report 2026-10-08: out. Previous context: Listed as doubtful on the inital week six report. He's a contributor in the secondary.,0,,,,,
washington,Washington,active,Demond Williams Jr.,Q,QB,True,14.6,2,2026-10-09,Suffered an apparent left shoulder injury late in the first half week six against Iowa. He was sent for x-rays. Elijah Brown took over. Awaiting updates.,20,,,,,
washington,Washington,cleared_history,Landen Hatchett,Cleared,OL,,12,0,2026-10-10,Cleared from the injury/status report on 10/10/2026,,,,,,
washington,Washington,cleared_history,Emmanuel Karnley,Cleared,CB,,13.2,0,2026-10-03,Cleared from the injury/status report on 10/03/2026,,,,,,
washington,Washington,cleared_history,Rahshawn Clark,Cleared,S,,14.1,0,2026-10-01,Cleared from the injury/status report on 10/01/2026,,,,,,
washington,Washington,cleared_history,Logan George,Cleared,EDGE,,12,1,2026-09-28,Cleared from the injury/status report on 09/28/2026,,,,,,
washington,Washington,cleared_history,Elinneus Davis,Cleared,DL,,13.9,0,2026-09-28,Cleared from the injury/status report on 09/28/2026,,,,,,
washington,Washington,cleared_history,Rashawn Clark,Cleared,S,,14.1,3,2026-09-27,Cleared from the injury/status report on 09/27/2026,,,,,,
washington,Washington,cleared_history,DeSean Watts,Cleared,DL,,14.8,0,2026-09-27,Cleared from the injury/status report on 09/27/2026,,,,,,
washington,Washington,cleared_history,Christian Moss,Cleared,WR,,12.1,3,2026-09-24,Cleared from the injury/status report on 09/24/2026,,,,,,
washington,Washington,cleared_history,Kayden Greene,Cleared,CB,,6.2,0,2026-09-24,Cleared from the injury/status report on 09/24/2026,,,,,,
washington,Washington,cleared_history,Rashid Williams,Cleared,WR,,13.2,0,2026-09-20,Cleared from the injury/status report on 09/20/2026,,,,,,
washington,Washington,cleared_history,Dezmen Roebuck,Cleared,WR,,13.5,0,2026-09-07,Cleared from the injury/status report on 09/07/2026,,,,,,
washington,Washington,cleared_history,Geirean Hatchett,Cleared,OL,,13,0,2026-09-04,Cleared from the injury/status report on 09/04/2026,,,,,,
washington,Washington,cleared_history,Kai McClendon,Cleared,DL,,10.6,0,2026-09-04,Cleared from the injury/status report on 09/04/2026,,,,,,
washington,Washington,cleared_history,Bodpegn Miller,Cleared,WR,,9.1,0,2026-08-06,Cleared from the injury/status report on 08/06/2026,,,,,,
washington,Washington,cleared_history,Kade Eldridge,Cleared,TE,,9,0,2026-08-06,Cleared from the injury/status report on 08/06/2026,,,,,,
washington,Washington,cleared_history,Blaise LaVista,Cleared,WR,,9.1,0,2026-07-31,Cleared from the injury/status report on 07/31/2026,,,,,,
washington,Washington,cleared_history,Jordan Clay,Cleared,WR,,12.2,0,2026-07-31,Cleared from the injury/status report on 07/31/2026,,,,,,
washington,Washington,cleared_history,Trey Cooley,Cleared,RB,,11.1,0,2026-07-31,Cleared from the injury/status report on 07/31/2026,,,,,,
washington,Washington,cleared_history,Jayden Limar,Cleared,RB,,12.6,0,2026-07-31,Cleared from the injury/status report on 07/31/2026,,,,,,
west-virginia,West Virginia,active,Darius Wiley,OFS,DL,False,11.3,2,2026-09-09,A significant injury late in the week one game forced him to be carted off the field. He is officially announced out for the season.,0,,,,,
west-virginia,West Virginia,active,Emory Snyder,O,N/S,False,9,0,2026-09-23,Added as 'out' on initial report ahead of OK State game. Remains listed 'out' on the report.,0,,,,,
west-virginia,West Virginia,active,Andre Devine,O,RB,,8.6,0,2026-09-23,"Did not dress for week two and is ""banged up"" according to some reports. He remains listed 'out' on the initial week four report. Remains listed 'out' until updates.",0,,,,,
west-virginia,West Virginia,active,Armoni Weaver-Bomar,O,WR,False,8,2,2026-09-30,Added as 'out' on the initial week five report. Has a fractured finger and will miss multiple weeks.,0,,,,,
west-virginia,West Virginia,active,Cam Ball,O,TE,False,9.8,3,2026-10-10,Official report 2026-10-10: out. Previous context: Has an injury that leaves him doubtful to play week six. He has not impacted things on offense thus far in 2026.,4,,,,,
west-virginia,West Virginia,active,Nick Taylor,O,CB,False,12.1,4,2026-10-09,Official report 2026-10-09: out. Previous context: Official report 2026-10-08: doubtful. Previous context: Added as 'questionable' on the initial week six report ahead of the Arizona game.,0,,,,,
west-virginia,West Virginia,cleared_history,Harper Holloman,Cleared,EDGE,,13,0,2026-10-10,Cleared from the injury/status report on 10/10/2026,,,,,,
west-virginia,West Virginia,cleared_history,Jason Chambers,Cleared,CB,,12.5,0,2026-10-10,Cleared from the injury/status report on 10/10/2026,,,,,,
west-virginia,West Virginia,cleared_history,John Neider,Cleared,WR,,11.7,0,2026-10-10,Cleared from the injury/status report on 10/10/2026,,,,,,
west-virginia,West Virginia,cleared_history,Ashton Woods,Cleared,LB,,12.4,0,2026-10-10,Cleared from the injury/status report on 10/10/2026,,,,,,
west-virginia,West Virginia,cleared_history,Nick Taylor,Cleared,CB,,11.9,0,2026-10-03,Cleared from the injury/status report on 10/03/2026,,,,,,
west-virginia,West Virginia,cleared_history,Martavious Boswell,Cleared,RB,,10.1,0,2026-09-26,Cleared from the injury/status report on 09/26/2026,,,,,,
west-virginia,West Virginia,cleared_history,Prince Strachan,Cleared,WR,,11,0,2026-09-26,Cleared from the injury/status report on 09/26/2026,,,,,,
west-virginia,West Virginia,cleared_history,Cam Ball,Cleared,TE,,9.6,0,2026-09-26,Cleared from the injury/status report on 09/26/2026,,,,,,
west-virginia,West Virginia,cleared_history,Nick Taylor,Cleared,CB,,11.9,0,2026-09-26,Cleared from the injury/status report on 09/26/2026,,,,,,
west-virginia,West Virginia,cleared_history,Chris Talley,Cleared,RB,,10.1,0,2026-09-26,Cleared from the injury/status report on 09/26/2026,,,,,,
west-virginia,West Virginia,cleared_history,Nick Krahe,Cleared,OL,,12.6,0,2026-09-25,Cleared from the injury/status report on 09/25/2026,,,,,,
west-virginia,West Virginia,cleared_history,Jaden Bray,Cleared,WR,,12.6,0,2026-09-25,Cleared from the injury/status report on 09/25/2026,,,,,,
west-virginia,West Virginia,cleared_history,JaCorey Thomas,Cleared,S,,12.9,0,2026-09-24,Cleared from the injury/status report on 09/24/2026,,,,,,
west-virginia,West Virginia,cleared_history,Antoine Sharp Jr.,Cleared,LB,,9,0,2026-09-24,Cleared from the injury/status report on 09/24/2026,,,,,,
west-virginia,West Virginia,cleared_history,Jaylen Thomas,Cleared,DL,,5.3,0,2026-09-24,Cleared from the injury/status report on 09/24/2026,,,,,,
west-virginia,West Virginia,cleared_history,Lawrence Autry,Cleared,RB,,9,0,2026-09-07,Cleared from the injury/status report on 09/07/2026,,,,,,
west-virginia,West Virginia,cleared_history,Antoine Sharp Jr.,Cleared,LB,,9,0,2026-09-07,Cleared from the injury/status report on 09/07/2026,,,,,,
west-virginia,West Virginia,cleared_history,Emory Snyder,Cleared,N/S,,9,0,2026-09-07,Cleared from the injury/status report on 09/07/2026,,,,,,
west-virginia,West Virginia,cleared_history,Cam Ball,Cleared,TE,,8.8,0,2026-09-07,Cleared from the injury/status report on 09/07/2026,,,,,,
west-virginia,West Virginia,cleared_history,Ryan Ward,Cleared,TE,,10.6,0,2026-09-07,Cleared from the injury/status report on 09/07/2026,,,,,,
west-virginia,West Virginia,cleared_history,Prince Strachan,Cleared,WR,,11.4,1,2026-08-16,Cleared from the injury/status report on 08/16/2026,,,,,,
wisconsin,Wisconsin,active,Cai Bates,O,CB,False,11.7,3,2026-09-23,Ruled out ahead of the EMU game just before it started. Remains out week four and going forward.,0,,,,,
wisconsin,Wisconsin,active,Michael Roeske,O,OL,False,10.1,0,2026-09-30,Listed 'out' on the initial week four report. Not in rotation and remains listed 'out'.,0,,,,,
wisconsin,Wisconsin,active,Xavier Ukponu,O,DL,False,9.2,0,2026-09-30,Listed 'out' on the initial week four report. Not in rotation and remains listed 'out'.,0,,,,,
wisconsin,Wisconsin,active,Jaylon Domingeaux,Q,WR,False,11,1,2026-10-07,Was held out of week two with a hand injury. Returned to practice per reports during the bye week and aims to make it back for week seven against UCLA after the bye.,0,,,,,
wisconsin,Wisconsin,active,Mason Lane,Q,RB,False,5.3,0,2026-10-03,Added as 'questionable' for week five on initial report. Downgraded to out on game day. Not impacting the rotation.,0,,,,,
wisconsin,Wisconsin,active,Abu Sama III,Q,RB,False,14.3,1,2026-10-04,"Showing back up on the initial week five report, upgraded to a game time decision to play week five against Michigan State. DNP. Back to 'questionable' for week six.",0,,,,,
wisconsin,Wisconsin,active,Austin Kawecki,Q,OL,True,12,1,2026-10-03,Starting center sustained an upper body injury in week five. Evaluations ongoing as they prepare for week six.,33,,,,,
wisconsin,Wisconsin,cleared_history,Sean West,Cleared,P,,7,0,2026-10-03,Cleared from the injury/status report on 10/03/2026,,,,,,
wisconsin,Wisconsin,cleared_history,Ryan Schwendeman,Cleared,TE,,8.7,0,2026-10-03,Cleared from the injury/status report on 10/03/2026,,,,,,
wisconsin,Wisconsin,cleared_history,Emerson Mandell,Cleared,OL,,12.6,0,2026-10-03,Cleared from the injury/status report on 10/03/2026,,,,,,
wisconsin,Wisconsin,cleared_history,Bryan Jackson II,Cleared,RB,,11.1,0,2026-10-03,Cleared from the injury/status report on 10/03/2026,,,,,,
wisconsin,Wisconsin,cleared_history,Sean West,Cleared,P,,7,0,2026-09-27,Cleared from the injury/status report on 09/27/2026,,,,,,
wisconsin,Wisconsin,cleared_history,Kevin Heywood,Cleared,OL,,14.8,0,2026-09-27,Cleared from the injury/status report on 09/27/2026,,,,,,
wisconsin,Wisconsin,cleared_history,Danny O'Neil,Cleared,QB,,12.1,0,2026-09-27,Cleared from the injury/status report on 09/27/2026,,,,,,
wisconsin,Wisconsin,cleared_history,Mason Posa,Cleared,LB,,15.9,0,2026-09-27,Cleared from the injury/status report on 09/27/2026,,,,,,
wisconsin,Wisconsin,cleared_history,Ryan Schwendeman,Cleared,TE,,8.7,0,2026-09-27,Cleared from the injury/status report on 09/27/2026,,,,,,
wisconsin,Wisconsin,cleared_history,Emerson Mandell,Cleared,OL,,12.6,0,2026-09-27,Cleared from the injury/status report on 09/27/2026,,,,,,
wisconsin,Wisconsin,cleared_history,Eugene Hilton Jr.,Cleared,WR,,11.7,0,2026-09-26,Cleared from the injury/status report on 09/26/2026,,,,,,
wisconsin,Wisconsin,cleared_history,Malachi Coleman,Cleared,WR,,12.2,0,2026-09-26,Cleared from the injury/status report on 09/26/2026,,,,,,
wisconsin,Wisconsin,cleared_history,Abu Sama III,Cleared,RB,,14.3,0,2026-09-26,Cleared from the injury/status report on 09/26/2026,,,,,,
wisconsin,Wisconsin,cleared_history,Juju Pope,Cleared,RB,,9.5,0,2026-09-24,Cleared from the injury/status report on 09/24/2026,,,,,,
wisconsin,Wisconsin,cleared_history,Colton Joseph,Cleared,QB,,13.7,0,2026-09-20,Cleared from the injury/status report on 09/20/2026,,,,,,
wisconsin,Wisconsin,cleared_history,Mason Posa,Cleared,LB,,15.3,1,2026-09-20,Cleared from the injury/status report on 09/20/2026,,,,,,
wisconsin,Wisconsin,cleared_history,Emerson Mandell,Cleared,OL,,12.6,0,2026-09-20,Cleared from the injury/status report on 09/20/2026,,,,,,
wisconsin,Wisconsin,cleared_history,Kevin Heywood,Cleared,OL,,12.3,1,2026-09-07,Cleared from the injury/status report on 09/07/2026,,,,,,
wisconsin,Wisconsin,cleared_history,Jaylon Domingeaux,Cleared,WR,,11,0,2026-09-07,Cleared from the injury/status report on 09/07/2026,,,,,,
wisconsin,Wisconsin,cleared_history,Bryan Jackson II,Cleared,RB,,11.2,0,2026-09-07,Cleared from the injury/status report on 09/07/2026,,,,,,
wisconsin,Wisconsin,cleared_history,Nate Palmer,Cleared,RB,,11.3,1,2026-08-23,Cleared from the injury/status report on 08/23/2026,,,,,,
wisconsin,Wisconsin,cleared_history,Danny O'Neil,Cleared,QB,,12.4,0,2026-08-14,Cleared from the injury/status report on 08/14/2026,,,,,,
wisconsin,Wisconsin,cleared_history,Shamar Rigby,Cleared,WR,,12.2,0,2026-08-10,Cleared from the injury/status report on 08/10/2026,,,,,,
wku,Western Kentucky,active,Karsten Upchurch,O,OL,False,11.2,2,2026-09-19,"Stretchered off the field week three after a hit to the head. Awaiting updates, but this does not look promising. Remains 'out' going forward.",0,,,,,
wku,Western Kentucky,active,Adrion Boyd,O,RB,False,6.7,0,2026-10-01,Listed out for week 5,0,,,,,
wku,Western Kentucky,active,Sincere Baines,O,RB,False,11.3,3,2026-10-08,listed out week 6,0,,,,,
wku,Western Kentucky,active,Nathan Gonzales,O,DE,False,9.5,2,2026-10-01,Listed out for week 5,0,,,,,
wku,Western Kentucky,active,K.D. Hutchinson,P,WR,,13.7,0,2026-10-01,"Removed from the injury report pre-game giving hope he would return, but he DNP and remained sidelined for week five, Probable week 6.",0,,,,,
wku,Western Kentucky,active,Nigel Johnson,Q,WR,True,9.3,1,2026-10-09,Suffered an injury in-game week six against MO State and we're awaiting updates.,4,,,,,
wku,Western Kentucky,cleared_history,"Xavion ""Tutu"" Griffin",Cleared,DB,,7.9,2,2026-10-10,Cleared from the injury/status report on 10/10/2026,,,,,,
wku,Western Kentucky,cleared_history,D'Cambren Verrett,Cleared,DB,,8.6,2,2026-10-10,Cleared from the injury/status report on 10/10/2026,,,,,,
wku,Western Kentucky,cleared_history,Kiawan Murphy,Cleared,DL,,11.1,3,2026-10-08,Cleared from the injury/status report on 10/08/2026,,,,,,
wku,Western Kentucky,cleared_history,K.D. Hutchinson,Cleared,WR,,13.7,2,2026-10-01,Cleared from the injury/status report on 10/01/2026,,,,,,
wku,Western Kentucky,cleared_history,Rodney Tisdale Jr.,Cleared,QB,,10.6,1,2026-09-28,Cleared from the injury/status report on 09/28/2026,,,,,,
wmu,Western Michigan,active,Jeremy Schleicher,OFS,OL,False,10,2,2026-09-13,Confirmed to have suffered set backs during summer workouts and will miss the 2026 season.,0,,,,,
wmu,Western Michigan,active,Noah Bishop,OFS,DE,,9.5,0,2026-09-13,Confirmed to have suffered set backs during summer workouts and will miss the 2026 season.,0,,,,,
wmu,Western Michigan,active,Micah Davis,O,S,False,11.9,3,2026-09-26,Listed 'out' on the week four injury report.,0,,,,,
wmu,Western Michigan,active,Liam Vaughan,O,OL,False,9.9,2,2026-09-13,Has been listed 'out' on injury reports this season. Leaving there until something changes.,0,,,,,
wmu,Western Michigan,active,August Johanningsmeier,O,DE,False,9,2,2026-10-03,"Changed from Q to out on the October 3, 2026 MAC game-day availability report.",0,,,,,
wmu,Western Michigan,active,Braden Steely,O,S,False,8.5,0,2026-09-12,Listed OUT on the week two report. Leaving 'questionable' for week three as we await the status update.,0,,,,,
wmu,Western Michigan,active,Palmer Domschke,Q,K,False,11.2,1,2026-10-07,"Listed out on the October 3, 2026 MAC game-day availability report. Now considered 'day-to-day' as he works to make his debut.",0,,,,,
wmu,Western Michigan,active,Aveion Chenault,Q,WR,False,12.8,1,2026-10-10,Official report 2026-10-10: questionable.,19,,,,,
wmu,Western Michigan,cleared_history,Andrew Baker,Cleared,LB,,7.7,0,2026-10-10,Cleared from the injury/status report on 10/10/2026,,,,,,
wmu,Western Michigan,cleared_history,Enese Tonga,Cleared,TE,,4.1,0,2026-10-10,Cleared from the injury/status report on 10/10/2026,,,,,,
wmu,Western Michigan,cleared_history,Aveion Chenault,Cleared,WR,,12.7,1,2026-10-04,Cleared from the injury/status report on 10/04/2026,,,,,,
wmu,Western Michigan,cleared_history,Palmer Domschke,Cleared,K,,11.2,3,2026-09-26,Cleared from the injury/status report on 09/26/2026,,,,,,
wmu,Western Michigan,cleared_history,Tahj Owens,Cleared,S,,13.4,3,2026-09-26,Cleared from the injury/status report on 09/26/2026,,,,,,
wmu,Western Michigan,cleared_history,KJ Burley,Cleared,DE,,8.9,0,2026-09-26,Cleared from the injury/status report on 09/26/2026,,,,,,
wyoming,Wyoming,active,Taylor Hasselbeck,OFS,QB,False,8.6,0,2026-08-05,Suffered a torn ACL before camp opens. Will miss the entire 2026 season.,0,,,,,
wyoming,Wyoming,active,Tyler Nystrom,OFS,WR,False,7.4,0,2026-08-05,Will not play in 2026 after an ACL tear suffered in the off-season.,0,,,,,
wyoming,Wyoming,active,Cody Crawford,OFS,DT,,5.7,0,2026-08-05,Out for the full 2026 season with an ACL injury.,0,,,,,
wyoming,Wyoming,active,Nathan Geiger,OFS,OL,,11.6,3,2026-08-05,Will miss all of 2026 with a knee injury.,0,,,,,
wyoming,Wyoming,active,Jason Maciejczak,OFS,OL,False,11.6,2,2026-09-21,Head coach Jay Sawvel announced Maciejczak will be sidelined for the remainder of the season after tearing his ACL in a Week-2 win over Northern Colorado.,0,,,,,
wyoming,Wyoming,active,Caleb Robinson,OFS,DT,,9.8,0,2026-09-01,"Johnson suffered his third, yes, third, season-ending injury in as many seasons.",0,,,,,
wyoming,Wyoming,active,Tyson Shamsid-Deen,O,CB/WR,False,10.7,3,2026-10-01,Added to the first MWC injury report as out with a hand injury ahread of the Week 4 game vs. Hawaii. Remains listed out on updated reports.,0,,,,,
wyoming,Wyoming,active,Kendall Griffin,O,CB,,10.7,3,2026-10-01,Injured his hand and had surgery. He is out for the foreseeable future.,0,,,,,
wyoming,Wyoming,active,Jake Davies,O,OT,,7.4,0,2026-10-01,Out with a foot ailment that will last into the season. DNP vs. Central Michigan. Remains listed 'out' on the availability reports.,0,,,,,
wyoming,Wyoming,active,Caleb Robinson,O,DT,,9.8,0,2026-10-01,Listed 'out' on the initial week five report.,0,,,,,
wyoming,Wyoming,active,Deion DeBlanc,O,WR,False,11.5,3,2026-10-06,Will not be available for week six after a foot injury sustained in week five. Tracking for longer-term impacts but likely to be out for a period of time.,0,,,,,
wyoming,Wyoming,active,Ian Bell,O,CB,False,11.2,3,2026-10-07,Added as 'out' on the initial week six report. A starter in the secondary.,0,,,,,
wyoming,Wyoming,active,Ethan Stuhlsatz,Q,LB,False,13.2,1,2026-10-07,Added with a 'questioanble' tag on the initial week six report.,41,,,,,
wyoming,Wyoming,cleared_history,Ke'Lyn Washom,Cleared,WR,,4.6,0,2026-10-07,Cleared from the injury/status report on 10/07/2026,,,,,,
wyoming,Wyoming,cleared_history,Eltoum Murgus,Cleared,DE,,8.8,2,2026-10-02,Cleared from the injury/status report on 10/02/2026,,,,,,
wyoming,Wyoming,cleared_history,Kendall Griffin,Cleared,CB,,10.7,3,2026-09-27,Cleared from the injury/status report on 09/27/2026,,,,,,
wyoming,Wyoming,cleared_history,Ethan Stuhlsatz,Cleared,LB,,13.2,1,2026-09-27,Cleared from the injury/status report on 09/27/2026,,,,,,
wyoming,Wyoming,cleared_history,Ke'Lyn Washom,Cleared,WR,,4.6,0,2026-09-24,Cleared from the injury/status report on 09/24/2026,,,,,,
wyoming,Wyoming,cleared_history,Diore Hubbard,Cleared,RB,,12.6,1,2026-09-24,Cleared from the injury/status report on 09/24/2026,,,,,,
wyoming,Wyoming,cleared_history,Brandt Rice,Cleared,OL,,3.9,0,2026-09-24,Cleared from the injury/status report on 09/24/2026,,,,,,
wyoming,Wyoming,cleared_history,Chandler Donaway,Cleared,OL,,10.3,0,2026-09-16,Cleared from the injury/status report on 09/16/2026,,,,,,
